intensity,area,date,rbs,mean_bg,exposure_ms,rescaled_intensity
77160.94778926403,6.4768,20170719,sd0,55292.07374608552,25,308643.7911570561
60980.20177503354,6.348800000000001,20170719,sd0,55292.07374608552,25,243920.80710013417
45797.29787913347,4.6592,20170719,sd0,55292.07374608552,25,183189.19151653387
93794.56200525715,3.8656,20170719,sd0,55292.07374608552,25,375178.2480210286
49146.437525143374,6.3232,20170719,sd0,55292.07374608552,25,196585.7501005735
72554.38680590951,4.5312,20170719,sd0,55292.07374608552,25,290217.54722363804
74261.9503879353,5.0688,20170719,sd0,56676.78771101127,25,297047.8015517412
61712.85876947278,4.1728000000000005,20170719,sd0,56676.78771101127,25,246851.43507789113
62669.6461890751,6.9888,20170719,sd0,56676.78771101127,25,250678.5847563004
81896.54354774443,4.096,20170719,sd0,55628.92351136586,25,327586.1741909777
41007.34294466815,3.6352,20170719,sd0,55628.92351136586,25,164029.3717786726
43890.57471699714,11.3664,20170719,sd0,55628.92351136586,25,175562.29886798855
65798.5731986736,3.5584000000000002,20170719,sd0,58013.87065051216,25,263194.2927946944
80928.72768048247,4.7104,20170719,sd0,58013.87065051216,25,323714.91072192986
76549.45648879776,4.0192000000000005,20170719,sd0,57277.667097838654,25,306197.82595519105
86735.59619426311,4.2496,20170719,sd0,56261.27857000146,25,346942.38477705244
63483.9911215088,4.6592,20170719,sd0,56261.27857000146,25,253935.9644860352
66521.98025384263,6.2464,20170719,sd0,56261.27857000146,25,266087.9210153705
71663.89166322642,9.6,20170719,sd0,57544.777863091556,25,286655.56665290566
64595.763822231514,4.5824,20170719,sd0,57544.777863091556,25,258383.05528892606
66146.91622392977,11.264000000000001,20170719,sd0,57544.777863091556,25,264587.6648957191
55097.63597264257,11.0592,20170719,sd0,57544.777863091556,25,220390.5438905703
67340.75299814288,6.3232,20170719,sd0,58038.93713742,25,269363.0119925715
71512.76869188319,8.652800000000001,20170719,sd0,58038.93713742,25,286051.07476753276
107650.95720718143,12.032,20170719,sd0,58038.93713742,25,430603.82882872573
77341.78416646353,3.8400000000000003,20170719,sd0,58038.93713742,25,309367.13666585414
63274.51840732971,4.3264000000000005,20170719,sd0,58038.93713742,25,253098.07362931885
73595.79597705687,8.038400000000001,20170719,sd0,58038.93713742,25,294383.1839082275
60503.235379831895,4.0448,20170719,sd0,58038.93713742,25,242012.94151932758
72826.76808867663,4.6080000000000005,20170719,sd0,57332.94724222293,25,291307.0723547065
68226.43045098805,6.0416,20170719,sd0,57332.94724222293,25,272905.7218039522
68795.4381483681,7.6032,20170719,sd0,57332.94724222293,25,275181.7525934724
83573.34100897814,6.3232,20170719,sd0,57017.77664315369,25,334293.36403591256
76199.31439045144,5.0176,20170719,sd0,57017.77664315369,25,304797.2575618058
97912.42807661841,6.272,20170719,sd0,57017.77664315369,25,391649.71230647364
80723.4284486103,11.084800000000001,20170719,sd0,57017.77664315369,25,322893.7137944412
86808.3985984713,3.456,20170719,sd0,57017.77664315369,25,347233.5943938852
60964.26838621544,5.7344,20170719,sd0,57017.77664315369,25,243857.07354486175
50712.290449269,15.846400000000001,20170719,sd0,57017.77664315369,25,202849.161797076
71001.81308632981,3.5328000000000004,20170719,sd0,58182.76617575931,25,284007.25234531926
56754.962366378204,4.1216,20170719,sd0,57542.44652043784,25,227019.84946551282
81342.66226059696,11.392000000000001,20170719,sd0,58653.76489320312,25,325370.64904238784
76300.17874253375,7.3984000000000005,20170719,sd0,58653.76489320312,25,305200.714970135
114493.83752254344,11.6736,20170719,sd0,58653.76489320312,25,457975.3500901738
71077.9303882288,5.478400000000001,20170719,sd0,58653.76489320312,25,284311.7215529152
76384.12731556859,4.992,20170719,sd0,58610.599073804566,25,305536.50926227437
65416.83039986534,10.496,20170719,sd0,58610.599073804566,25,261667.32159946137
64578.523615062164,6.195200000000001,20170719,sd0,58610.599073804566,25,258314.09446024866
44973.66546975242,4.5312,20170719,sd0,58610.599073804566,25,179894.66187900968
94466.75576877147,4.889600000000001,20170719,sd0,57534.213404169175,25,377867.0230750859
85418.24985358403,4.1216,20170719,sd0,57534.213404169175,25,341672.9994143361
46880.78097845937,5.1456,20170719,sd0,57534.213404169175,25,187523.12391383748
125493.50497649866,10.2912,20170719,sd0,56700.580015091204,25,501974.01990599465
78734.58486550787,4.4032,20170719,sd0,56700.580015091204,25,314938.3394620315
80614.90562559143,13.132800000000001,20170719,sd0,56700.580015091204,25,322459.62250236573
48408.87861471414,7.1424,20170719,sd0,56700.580015091204,25,193635.51445885657
108610.96681948536,12.134400000000001,20170719,sd0,56700.580015091204,25,434443.86727794143
83689.48944867222,5.0944,20170719,sd0,56700.580015091204,25,334757.9577946889
82736.9874459125,6.656000000000001,20170719,sd0,57468.961395501305,25,330947.94978365
54199.40933725698,6.9888,20170719,sd0,57468.961395501305,25,216797.6373490279
68028.95063396399,9.651200000000001,20170719,sd0,57468.961395501305,25,272115.80253585597
82690.09404063711,7.6288,20170719,sd0,56434.72741084546,25,330760.37616254843
68238.32508790346,8.652800000000001,20170719,sd0,56434.72741084546,25,272953.30035161384
70515.89731380061,8.7552,20170719,sd0,56434.72741084546,25,282063.58925520245
92488.05997614944,9.0624,20170719,sd0,57335.00018709155,25,369952.23990459775
114268.94956981472,17.7152,20170719,sd0,57335.00018709155,25,457075.7982792589
64105.5157661035,5.248,20170719,sd0,57335.00018709155,25,256422.063064414
48888.58299049423,8.8832,20170719,sd0,57335.00018709155,25,195554.33196197692
78835.75469721359,12.7232,20170719,sd0,57335.00018709155,25,315343.01878885436
72617.6428449378,5.3504000000000005,20170719,sd0,57724.51991516345,25,290470.5713797512
87830.3920613041,5.9904,20170719,sd0,57724.51991516345,25,351321.5682452164
70022.72166470543,9.1648,20170719,sd0,57724.51991516345,25,280090.8866588217
68011.0837825895,5.5296,20170719,sd0,57599.21061203544,25,272044.335130358
45726.17706239524,7.654400000000001,20170719,sd0,57599.21061203544,25,182904.70824958096
67723.53524099954,5.913600000000001,20170719,sd0,57599.21061203544,25,270894.14096399816
74705.8053277801,8.217600000000001,20170719,sd0,57495.77151627095,25,298823.2213111204
101555.44048536367,8.704,20170719,sd0,57495.77151627095,25,406221.76194145466
60290.394612186465,18.048000000000002,20170719,sd0,56597.89933265074,25,241161.57844874586
82440.52229498004,15.232000000000001,20170719,sd0,56597.89933265074,25,329762.08917992015
75769.48915196885,4.4288,20170719,sd0,56597.89933265074,25,303077.9566078754
55396.36992826078,7.3472,20170719,sd0,56597.89933265074,25,221585.4797130431
104955.48449311274,15.104000000000001,20170719,sd0,56597.89933265074,25,419821.937972451
50612.5780810659,4.9408,20170719,sd0,56597.89933265074,25,202450.3123242636
128980.00846300196,3.7376,20170719,sd0,56597.89933265074,25,515920.0338520078
80448.37675540916,9.7536,20170719,sd0,58468.53286012831,25,321793.50702163664
63352.813314206636,6.144,20170719,sd0,58468.53286012831,25,253411.25325682655
90234.82727107145,3.0208,20170719,sd0,58468.53286012831,25,360939.3090842858
77012.25274436008,8.0896,20170719,sd0,58468.53286012831,25,308049.01097744034
67677.69893147965,13.0816,20170719,sd0,58468.53286012831,25,270710.7957259186
56987.68493498454,7.4752,20170719,sd0,58468.53286012831,25,227950.73973993817
52089.10829015869,4.6592,20170719,sd0,58468.53286012831,25,208356.43316063477
75889.64916139592,4.7104,20170719,sd0,58468.53286012831,25,303558.5966455837
86580.78871007505,5.6064,20170719,sd0,56734.66264789918,25,346323.1548403002
69921.21158533722,5.12,20170719,sd0,56734.66264789918,25,279684.8463413489
75666.86952999912,4.454400000000001,20170719,sd0,56734.66264789918,25,302667.4781199965
115378.22756171832,7.3984000000000005,20170719,sd0,56734.66264789918,25,461512.9102468733
55559.700520877595,5.0688,20170719,sd0,56734.66264789918,25,222238.80208351038
109066.05135296685,6.0928,20170719,sd0,57120.71580336701,25,436264.2054118674
111080.55118131517,6.5792,20170719,sd0,57120.71580336701,25,444322.2047252607
64866.461538580406,6.144,20170719,sd0,57120.71580336701,25,259465.84615432163
75068.44533146209,4.992,20170719,sd0,57120.71580336701,25,300273.78132584837
66621.67970046327,5.1968000000000005,20170719,sd0,57120.71580336701,25,266486.7188018531
64935.11344227687,4.6592,20170719,sd0,57120.71580336701,25,259740.45376910747
59535.72983192427,4.224,20170719,sd0,57120.71580336701,25,238142.91932769708
89307.47387293298,4.7616000000000005,20170719,sd0,58054.44579437977,25,357229.89549173194
75317.68980181968,5.2992,20170719,sd0,58054.44579437977,25,301270.7592072787
59720.73712988776,5.248,20170719,sd0,58054.44579437977,25,238882.94851955105
64276.5759936445,6.348800000000001,20170719,sd0,58054.44579437977,25,257106.303974578
88189.97741851595,8.345600000000001,20170719,sd0,58054.44579437977,25,352759.9096740638
56756.30110013714,8.7552,20170719,sd0,58054.44579437977,25,227025.20440054857
71710.54392884081,4.9152000000000005,20170719,sd0,56774.26700166625,25,286842.17571536324
64238.72344642769,5.4016,20170719,sd0,56774.26700166625,25,256954.89378571077
55947.924985524114,5.0944,20170719,sd0,56774.26700166625,25,223791.69994209646
59865.11332543093,5.2224,20170719,sd0,56774.26700166625,25,239460.45330172373
75871.46412119208,6.1696,20170719,sd0,56774.26700166625,25,303485.85648476833
104805.01598571482,5.478400000000001,20170719,sd0,56774.26700166625,25,419220.0639428593
51075.54697731309,5.632000000000001,20170719,sd0,56511.84078868893,25,204302.18790925236
77230.90796292642,12.9536,20170719,sd0,56511.84078868893,25,308923.63185170566
77444.479518164,5.7344,20170719,sd0,56511.84078868893,25,309777.918072656
78727.56202792919,5.1968000000000005,20170719,sd0,56511.84078868893,25,314910.24811171676
43902.92720269678,4.1216,20170719,sd0,56511.84078868893,25,175611.70881078712
96296.86824911683,4.454400000000001,20170719,sd0,56511.84078868893,25,385187.4729964673
63222.142096410156,5.8624,20170719,sd0,56047.52408764462,25,252888.56838564062
74527.73269257449,5.2224,20170719,sd0,56047.52408764462,25,298110.93077029794
85220.88451522222,4.6080000000000005,20170719,sd0,56047.52408764462,25,340883.5380608889
60292.86212068488,4.0704,20170719,sd0,56047.52408764462,25,241171.4484827395
102056.7689095216,6.1184,20170719,sd0,56047.52408764462,25,408227.0756380864
74458.83549247205,3.5584000000000002,20170719,sd0,56047.52408764462,25,297835.3419698882
70457.64998521438,6.9632000000000005,20170719,sd0,57950.12016809539,25,281830.5999408575
47025.86746974415,7.091200000000001,20170719,sd0,57950.12016809539,25,188103.4698789766
92633.003643753,3.8656,20170719,sd0,57950.12016809539,25,370532.014575012
56838.76587854549,7.9104,20170719,sd0,57950.12016809539,25,227355.06351418197
52095.555749347295,5.1968000000000005,20170719,sd0,57950.12016809539,25,208382.22299738918
82277.43178803718,16.7168,20170719,sd0,56612.07931503122,25,329109.7271521487
78250.58879316153,6.8096000000000005,20170719,sd0,56612.07931503122,25,313002.3551726461
85961.66066873161,8.9344,20170719,sd0,57153.91835209156,25,343846.64267492644
54457.04003302908,4.8128,20170719,sd0,57153.91835209156,25,217828.16013211632
66268.91704865149,16.8704,20170719,sd0,55956.89999061946,25,265075.66819460597
46554.69069509884,6.4768,20170719,sd0,55956.89999061946,25,186218.76278039537
53105.17408409948,6.7072,20170719,sd0,55956.89999061946,25,212420.69633639793
92850.01505071198,5.171200000000001,20170719,sd0,55956.89999061946,25,371400.06020284793
50253.128228071124,4.5824,20170719,sd0,55956.89999061946,25,201012.5129122845
52592.153094560774,7.219200000000001,20170719,sd0,55956.89999061946,25,210368.6123782431
51920.23569358611,5.6064,20170719,sd0,55956.89999061946,25,207680.94277434444
59948.54065986761,11.264000000000001,20170719,sd0,56167.18708203156,25,239794.16263947045
50944.807490523024,5.5040000000000004,20170719,sd0,56167.18708203156,25,203779.2299620921
69215.81246156778,7.1168000000000005,20170719,sd0,56167.18708203156,25,276863.2498462711
65936.6465397776,5.5296,20170719,sd0,56167.18708203156,25,263746.5861591104
99864.9043092932,5.632000000000001,20170719,sd0,56167.18708203156,25,399459.6172371728
62238.99488433287,7.244800000000001,20170719,sd0,56167.18708203156,25,248955.97953733147
52270.358145501705,5.12,20170719,sd0,56167.18708203156,25,209081.43258200682
77216.45778366528,6.4512,20170719,sd0,58301.47657782313,25,308865.8311346611
109145.10581266007,3.5584000000000002,20170719,sd0,58301.47657782313,25,436580.4232506403
91166.16761418237,12.4928,20170719,sd0,58301.47657782313,25,364664.6704567295
68757.41802199918,6.2208000000000006,20170719,sd0,58301.47657782313,25,275029.67208799673
66456.86181047463,3.584,20170719,sd0,56543.560282946164,25,265827.4472418985
67365.87779290046,4.4032,20170719,sd0,57974.899315788156,25,269463.51117160183
84098.15881874759,11.1104,20170719,sd0,56439.32785800343,25,336392.63527499035
73430.86073350234,9.779200000000001,20170719,sd0,56439.32785800343,25,293723.44293400936
81554.62992909641,3.968,20170719,sd0,56439.32785800343,25,326218.51971638564
84044.39343217865,5.4016,20170719,sd0,56439.32785800343,25,336177.5737287146
97921.354768208,4.1472,20170719,sd0,56439.32785800343,25,391685.419072832
52670.80570692773,6.937600000000001,20170719,sd0,57336.14413634414,25,210683.2228277109
84301.81544321147,5.7344,20170719,sd0,57336.14413634414,25,337207.2617728459
141351.8136335202,15.8976,20170719,sd0,110785.07005359094,50,282703.6272670404
122625.07611337789,5.6832,20170719,sd0,110785.07005359094,50,245250.15222675577
132818.24780711724,7.7056000000000004,20170719,sd0,110785.07005359094,50,265636.4956142345
186332.24427629227,9.472000000000001,20170719,sd0,110785.07005359094,50,372664.48855258455
156949.58909975062,14.208,20170719,sd0,110785.07005359094,50,313899.17819950124
106883.53078163369,5.913600000000001,20170719,sd0,110833.73790936483,50,213767.06156326737
173426.14581972084,11.3408,20170719,sd0,110833.73790936483,50,346852.2916394417
143772.55312559012,5.9648,20170719,sd0,110833.73790936483,50,287545.10625118023
113902.09842695101,4.5568,20170719,sd0,110833.73790936483,50,227804.19685390202
106169.11994546012,10.1376,20170719,sd0,110833.73790936483,50,212338.23989092023
124760.89037430202,7.808000000000001,20170719,sd0,110833.73790936483,50,249521.78074860404
82273.22169486264,10.4192,20170719,sd0,110833.73790936483,50,164546.4433897253
143180.34663778738,5.248,20170719,sd0,110833.73790936483,50,286360.69327557477
116334.11546450166,14.976,20170719,sd0,110833.73790936483,50,232668.23092900333
120547.98731268835,6.7328,20170719,sd0,110833.73790936483,50,241095.9746253767
115124.91515031696,8.4992,20170719,sd0,111992.77850921551,50,230249.8303006339
172384.16825206374,8.1152,20170719,sd0,111992.77850921551,50,344768.3365041275
118950.55320740861,7.8848,20170719,sd0,111992.77850921551,50,237901.10641481722
218809.8415683009,6.4256,20170719,sd0,111992.77850921551,50,437619.6831366018
102877.39405026074,10.214400000000001,20170719,sd0,111992.77850921551,50,205754.7881005215
106860.05193454132,6.016,20170719,sd0,113961.79853810821,50,213720.10386908264
133735.32556632513,7.680000000000001,20170719,sd0,113961.79853810821,50,267470.65113265027
121261.8421018378,5.324800000000001,20170719,sd0,113961.79853810821,50,242523.6842036756
108142.24431211979,9.2928,20170719,sd0,113961.79853810821,50,216284.48862423957
108357.7108643995,9.3184,20170719,sd0,113517.28266244908,50,216715.421728799
128263.23750917471,7.04,20170719,sd0,113517.28266244908,50,256526.47501834942
182727.0604800555,5.7344,20170719,sd0,113517.28266244908,50,365454.120960111
123594.5224692829,5.3504000000000005,20170719,sd0,113517.28266244908,50,247189.0449385658
123772.4996405376,15.001600000000002,20170719,sd0,113517.28266244908,50,247544.9992810752
123830.98507429735,5.9648,20170719,sd0,113517.28266244908,50,247661.9701485947
106086.39490241051,12.16,20170719,sd0,113517.28266244908,50,212172.78980482102
103286.3958377014,6.144,20170719,sd0,113385.56683472237,50,206572.7916754028
132693.2472614484,6.9888,20170719,sd0,110730.3499189506,50,265386.4945228968
172099.62625271408,5.7088,20170719,sd0,113659.9154518796,50,344199.25250542816
160571.07614120294,9.958400000000001,20170719,sd0,113659.9154518796,50,321142.1522824059
151837.76695734018,7.7568,20170719,sd0,113659.9154518796,50,303675.53391468036
125975.49185970407,11.136000000000001,20170719,sd0,113659.9154518796,50,251950.98371940813
89274.62839126417,5.5040000000000004,20170719,sd0,113659.9154518796,50,178549.25678252833
113991.25551782052,9.472000000000001,20170719,sd0,113659.9154518796,50,227982.51103564104
168992.68833962537,6.502400000000001,20170719,sd0,113659.9154518796,50,337985.37667925074
147814.6501709431,5.6832,20170719,sd0,112131.41285657504,50,295629.3003418862
105759.89635896575,10.0096,20170719,sd0,112131.41285657504,50,211519.7927179315
151869.14349184954,9.4208,20170719,sd0,112131.41285657504,50,303738.2869836991
161479.48100417928,7.9104,20170719,sd0,112131.41285657504,50,322958.96200835856
122216.08186439282,6.4512,20170719,sd0,112131.41285657504,50,244432.16372878564
114729.49732044221,8.32,20170719,sd0,112510.90663680049,50,229458.99464088443
176919.41491324,4.5056,20170719,sd0,112510.90663680049,50,353838.82982648
148898.01290259784,11.6736,20170719,sd0,112510.90663680049,50,297796.0258051957
213875.27952386072,15.2576,20170719,sd0,112510.90663680049,50,427750.55904772144
124003.86134713392,7.7312,20170719,sd0,112510.90663680049,50,248007.72269426784
100213.2816929375,6.8608,20170719,sd0,112510.90663680049,50,200426.563385875
85303.2346669321,10.7264,20170719,sd0,112510.90663680049,50,170606.4693338642
120930.0439624798,5.4272,20170719,sd0,111708.78331274263,50,241860.0879249596
128589.09568514948,16.563200000000002,20170719,sd0,111708.78331274263,50,257178.19137029897
161372.07982629657,13.8496,20170719,sd0,111708.78331274263,50,322744.15965259314
131259.12000554838,4.7872,20170719,sd0,111708.78331274263,50,262518.24001109676
106204.03284977758,6.0928,20170719,sd0,111708.78331274263,50,212408.06569955515
172549.66366900885,13.952,20170719,sd0,111708.78331274263,50,345099.3273380177
109444.00083710412,10.214400000000001,20170719,sd0,112785.57321166944,50,218888.00167420824
178554.4477554842,6.6816,20170719,sd0,112785.57321166944,50,357108.8955109684
107051.3853935951,6.656000000000001,20170719,sd0,112785.57321166944,50,214102.7707871902
106839.08509244038,8.7552,20170719,sd0,112785.57321166944,50,213678.17018488076
143267.11079102504,10.3168,20170719,sd0,110565.6825544589,50,286534.2215820501
127423.6884667788,8.8064,20170719,sd0,110565.6825544589,50,254847.3769335576
138984.2715028691,10.4704,20170719,sd0,110565.6825544589,50,277968.5430057382
140642.05009248847,5.8368,20170719,sd0,110565.6825544589,50,281284.10018497694
133074.81278099428,7.4496,20170719,sd0,110565.6825544589,50,266149.62556198856
98711.09638238336,2.048,20170719,sd0,110565.6825544589,50,197422.19276476672
119211.67380101814,14.003200000000001,20170719,sd0,110565.6825544589,50,238423.3476020363
101806.91611508724,5.888,20170719,sd0,110565.6825544589,50,203613.83223017448
145577.40518778856,9.1648,20170719,sd0,113504.88242385664,50,291154.81037557713
130162.15082793651,9.4976,20170719,sd0,113504.88242385664,50,260324.30165587302
144555.4565493046,6.4768,20170719,sd0,113504.88242385664,50,289110.9130986092
176862.2171977043,5.5808,20170719,sd0,113504.88242385664,50,353724.4343954086
144503.68275630428,7.6288,20170719,sd0,113504.88242385664,50,289007.36551260855
131069.60031272616,5.5040000000000004,20170719,sd0,113504.88242385664,50,262139.20062545233
137034.67052855535,6.5536,20170719,sd0,113762.90161088883,50,274069.3410571107
133434.40920569515,13.6704,20170719,sd0,113762.90161088883,50,266868.8184113903
111121.34994784469,6.5536,20170719,sd0,113762.90161088883,50,222242.69989568938
176408.4604025468,7.424,20170719,sd0,113762.90161088883,50,352816.9208050936
137547.50566106595,6.067200000000001,20170719,sd0,113762.90161088883,50,275095.0113221319
83816.16495185343,9.088000000000001,20170719,sd0,113762.90161088883,50,167632.32990370685
98584.96036222106,8.576,20170719,sd0,113762.90161088883,50,197169.9207244421
88853.99276058967,6.5280000000000005,20170719,sd0,113762.90161088883,50,177707.98552117933
101883.27352744367,7.526400000000001,20170719,sd0,110119.79966805759,50,203766.54705488734
143899.22914674273,5.0944,20170719,sd0,110119.79966805759,50,287798.45829348546
146508.52532843334,9.907200000000001,20170719,sd0,110119.79966805759,50,293017.0506568667
124843.58843131214,3.7888,20170719,sd0,111533.50418753618,50,249687.17686262427
117148.83261266422,10.6752,20170719,sd0,111533.50418753618,50,234297.66522532844
113923.82676000115,5.171200000000001,20170719,sd0,111533.50418753618,50,227847.6535200023
105292.93794442977,4.3776,20170719,sd0,111533.50418753618,50,210585.87588885953
120977.24266259665,8.4992,20170719,sd0,111533.50418753618,50,241954.4853251933
134191.22728504415,6.937600000000001,20170719,sd0,112297.83921269223,50,268382.4545700883
162631.58980164374,5.760000000000001,20170719,sd0,112297.83921269223,50,325263.1796032875
140275.52134774148,5.12,20170719,sd0,112297.83921269223,50,280551.04269548296
132572.69954051301,8.5504,20170719,sd0,112297.83921269223,50,265145.39908102603
119688.79317405823,6.502400000000001,20170719,sd0,112297.83921269223,50,239377.58634811646
142246.31672612755,6.5792,20170719,sd0,112297.83921269223,50,284492.6334522551
163698.13660921325,6.8864,20170719,sd0,112297.83921269223,50,327396.2732184265
178988.4100593878,10.3168,20170719,sd0,112297.83921269223,50,357976.8201187756
197099.9486372387,7.4752,20170719,sd0,112297.83921269223,50,394199.8972744774
125555.06761473017,7.7824,20170719,sd0,112925.5355399724,50,251110.13522946034
146759.00146198442,4.5824,20170719,sd0,112925.5355399724,50,293518.00292396883
148719.23123704374,7.3984000000000005,20170719,sd0,112925.5355399724,50,297438.4624740875
140786.95676825714,16.256,20170719,sd0,112925.5355399724,50,281573.9135365143
99852.07330149789,2.432,20170719,sd0,112925.5355399724,50,199704.14660299578
166793.22751213226,5.4528,20170719,sd0,112925.5355399724,50,333586.4550242645
91872.67040467293,9.9328,20170719,sd0,112925.5355399724,50,183745.34080934586
124237.82879618094,7.654400000000001,20170719,sd0,112925.5355399724,50,248475.65759236188
248126.8881476678,6.9632000000000005,20170719,sd0,112925.5355399724,50,496253.7762953356
136066.9699106926,8.064,20170719,sd0,111229.78717871626,50,272133.9398213852
132611.38626428472,6.6816,20170719,sd0,111229.78717871626,50,265222.77252856945
115447.30321088315,4.9152000000000005,20170719,sd0,111229.78717871626,50,230894.6064217663
101401.8896973795,5.760000000000001,20170719,sd0,111229.78717871626,50,202803.779394759
110182.25149681038,8.576,20170719,sd2,107388.12458888462,50,220364.50299362076
154345.55016263478,1.9456,20170719,sd2,107388.12458888462,50,308691.10032526957
116040.43298753328,5.478400000000001,20170719,sd2,107388.12458888462,50,232080.86597506655
116541.5044868589,2.5856000000000003,20170719,sd2,107388.12458888462,50,233083.0089737178
79216.3838023596,4.6592,20170719,sd2,108354.08467888102,50,158432.7676047192
84360.51905618212,7.04,20170719,sd2,108354.08467888102,50,168721.03811236424
97738.82317543871,3.6352,20170719,sd2,108354.08467888102,50,195477.64635087742
84486.86618356893,4.889600000000001,20170719,sd2,108354.08467888102,50,168973.73236713785
90612.01529824684,5.913600000000001,20170719,sd2,107094.17577948203,50,181224.03059649369
90597.66817964817,4.4288,20170719,sd2,107094.17577948203,50,181195.33635929634
58357.44948498631,5.5808,20170719,sd2,107094.17577948203,50,116714.89896997262
83293.70627057919,10.4704,20170719,sd2,107094.17577948203,50,166587.41254115838
86505.94462997215,5.171200000000001,20170719,sd2,107906.12625510884,50,173011.8892599443
144447.47890880564,2.7392000000000003,20170719,sd2,107906.12625510884,50,288894.9578176113
111858.05012382676,7.6032,20170719,sd2,107906.12625510884,50,223716.10024765352
77091.37667470354,5.248,20170719,sd2,107906.12625510884,50,154182.75334940708
123446.91773496046,11.3152,20170719,sd2,107906.12625510884,50,246893.83546992092
76208.07517792801,4.992,20170719,sd2,107906.12625510884,50,152416.15035585602
62126.81240145139,4.1216,20170719,sd2,107906.12625510884,50,124253.62480290278
183187.5944543667,2.3808000000000002,20170719,sd2,107906.12625510884,50,366375.1889087334
166952.8913295209,5.913600000000001,20170719,sd2,107593.59155617082,50,333905.7826590418
193385.58172251377,1.9712,20170719,sd2,107593.59155617082,50,386771.16344502755
91988.43446155214,2.6368,20170719,sd2,107593.59155617082,50,183976.86892310428
114910.86989417624,4.7104,20170719,sd2,107593.59155617082,50,229821.73978835248
139892.80652935972,2.1248,20170719,sd2,107593.59155617082,50,279785.61305871943
117991.77023071887,4.7872,20170719,sd2,107593.59155617082,50,235983.54046143775
154222.0270547769,4.454400000000001,20170719,sd2,107593.59155617082,50,308444.0541095538
64977.22937425597,3.5072,20170719,sd2,107593.59155617082,50,129954.45874851194
56521.43526437659,9.036800000000001,20170719,sd2,107593.59155617082,50,113042.87052875318
87553.05703802635,2.8928000000000003,20170719,sd2,107593.59155617082,50,175106.1140760527
112213.50072350177,3.8912,20170719,sd2,107593.59155617082,50,224427.00144700354
63830.15541579087,3.3280000000000003,20170719,sd2,107593.59155617082,50,127660.31083158174
159489.50254099647,11.904,20170719,sd2,108673.15278693358,50,318979.00508199295
112669.43741064737,6.8096000000000005,20170719,sd2,108673.15278693358,50,225338.87482129474
128805.57765774315,4.1728000000000005,20170719,sd2,108673.15278693358,50,257611.1553154863
62408.072518287256,3.8656,20170719,sd2,108673.15278693358,50,124816.14503657451
158286.81261625927,1.9200000000000002,20170719,sd2,108673.15278693358,50,316573.62523251853
109814.75794308507,3.2512000000000003,20170719,sd2,108673.15278693358,50,219629.51588617015
97491.29867999828,4.7616000000000005,20170719,sd2,109616.85702189697,50,194982.59735999655
56063.87258194761,4.2496,20170719,sd2,109616.85702189697,50,112127.74516389522
76575.14386888566,3.1232,20170719,sd2,109616.85702189697,50,153150.28773777132
69021.32068530754,6.7328,20170719,sd2,109616.85702189697,50,138042.64137061508
157198.0934619041,3.5072,20170719,sd2,109616.85702189697,50,314396.1869238082
131400.56353131204,2.2272000000000003,20170719,sd2,109616.85702189697,50,262801.1270626241
113548.66354806222,2.56,20170719,sd2,109616.85702189697,50,227097.32709612444
175153.63039130275,2.9184,20170719,sd2,109616.85702189697,50,350307.2607826055
72873.49390400769,4.9664,20170719,sd2,109924.64121785018,50,145746.98780801537
135145.57046141726,8.4992,20170719,sd2,110498.13173526668,50,270291.1409228345
93086.07474344762,3.7376,20170719,sd2,110498.13173526668,50,186172.14948689524
96692.04134046679,5.9648,20170719,sd2,110498.13173526668,50,193384.08268093358
128553.26436467774,3.3280000000000003,20170719,sd2,110498.13173526668,50,257106.5287293555
93603.48073075604,3.1744000000000003,20170719,sd2,108030.06210838907,50,187206.96146151208
78788.22425251757,2.3808000000000002,20170719,sd2,108030.06210838907,50,157576.44850503514
145540.04448683534,2.5344,20170719,sd2,108030.06210838907,50,291080.0889736707
138343.5827411501,1.792,20170719,sd2,108030.06210838907,50,276687.1654823002
114519.52597480867,2.7392000000000003,20170719,sd2,108030.06210838907,50,229039.05194961734
98577.24553763733,4.4288,20170719,sd2,108030.06210838907,50,197154.49107527465
164468.0101662552,5.6832,20170719,sd2,108030.06210838907,50,328936.0203325104
99037.79836478445,2.8672,20170719,sd2,108030.06210838907,50,198075.5967295689
137104.16159941733,2.6112,20170719,sd2,108030.06210838907,50,274208.32319883467
94764.11028455058,3.0976000000000004,20170719,sd2,108030.06210838907,50,189528.22056910116
124888.77705076917,3.7376,20170719,sd2,111736.02915255057,50,249777.55410153835
97293.4919265028,3.1488,20170719,sd2,111736.02915255057,50,194586.9838530056
80019.65606808719,3.3280000000000003,20170719,sd2,111736.02915255057,50,160039.31213617438
120331.7782555631,3.9168000000000003,20170719,sd2,111736.02915255057,50,240663.5565111262
53107.3017194346,2.7392000000000003,20170719,sd2,111736.02915255057,50,106214.6034388692
54315.8558123634,2.4064,20170719,sd2,111736.02915255057,50,108631.7116247268
106720.5926506378,5.5040000000000004,20170719,sd2,111736.02915255057,50,213441.1853012756
166979.97127749387,3.4816000000000003,20170719,sd2,111736.02915255057,50,333959.94255498773
67719.30120070717,1.8176,20170719,sd2,111736.02915255057,50,135438.60240141433
105362.52656548431,5.5552,20170719,sd2,111736.02915255057,50,210725.05313096862
141729.40737956774,4.864,20170719,sd2,108688.82866038807,50,283458.8147591355
89754.64680667932,2.4576000000000002,20170719,sd2,108688.82866038807,50,179509.29361335863
160916.098433448,3.0208,20170719,sd2,108688.82866038807,50,321832.196866896
118671.87085966923,4.9408,20170719,sd2,108688.82866038807,50,237343.74171933846
94384.35433666347,7.654400000000001,20170719,sd2,108688.82866038807,50,188768.70867332694
117880.67961137346,18.0992,20170719,sd2,108688.82866038807,50,235761.35922274692
86609.21015291275,4.5056,20170719,sd2,107208.97181421738,50,173218.4203058255
83437.51347026332,5.171200000000001,20170719,sd2,107208.97181421738,50,166875.02694052664
91102.68750714273,4.2496,20170719,sd2,107208.97181421738,50,182205.37501428547
70842.25459049975,5.3504000000000005,20170719,sd2,106669.18536792918,50,141684.5091809995
72893.54262495048,4.48,20170719,sd2,106669.18536792918,50,145787.08524990096
119013.84186178744,3.2768,20170719,sd2,106669.18536792918,50,238027.68372357488
146813.2007618479,4.8384,20170719,sd2,106669.18536792918,50,293626.4015236958
66632.24235372596,8.1408,20170719,sd2,106669.18536792918,50,133264.48470745192
209017.34215084626,2.3040000000000003,20170719,sd2,106669.18536792918,50,418034.6843016925
136790.27783971315,6.144,20170719,sd2,110134.95905378232,50,273580.5556794263
135961.1691326598,13.440000000000001,20170719,sd2,110134.95905378232,50,271922.3382653196
68906.7051904068,8.192,20170719,sd2,110134.95905378232,50,137813.4103808136
124326.62010742606,4.1984,20170719,sd2,110134.95905378232,50,248653.24021485212
122457.57605014752,3.584,20170719,sd2,110134.95905378232,50,244915.15210029503
84765.6795056987,13.8496,20170719,sd2,104842.23388094493,50,169531.3590113974
78798.38078537409,4.6848,20170719,sd2,104842.23388094493,50,157596.76157074817
122371.74927882996,8.6272,20170719,sd2,104842.23388094493,50,244743.4985576599
92564.19657547167,7.4752,20170719,sd2,104842.23388094493,50,185128.39315094333
45106.54291274771,4.864,20170719,sd2,104842.23388094493,50,90213.08582549542
64554.709586919314,7.7312,20170719,sd2,104842.23388094493,50,129109.41917383863
102525.77180245318,8.7296,20170719,sd2,105077.49865652158,50,205051.54360490636
110273.82388517854,17.3568,20170719,sd2,105077.49865652158,50,220547.64777035709
78738.70061294048,4.5312,20170719,sd2,105077.49865652158,50,157477.40122588095
80712.17004447883,3.4816000000000003,20170719,sd2,109566.16590288591,50,161424.34008895766
117179.08298815462,3.1744000000000003,20170719,sd2,109566.16590288591,50,234358.16597630925
120422.6233708719,3.6608,20170719,sd2,109566.16590288591,50,240845.2467417438
90762.93113756528,3.584,20170719,sd2,109566.16590288591,50,181525.86227513055
76608.62592133875,7.3984000000000005,20170719,sd2,109566.16590288591,50,153217.2518426775
89625.12385266983,4.2752,20170719,sd2,109566.16590288591,50,179250.24770533966
76722.91887182691,6.144,20170719,sd2,109566.16590288591,50,153445.83774365383
86586.2023767167,4.0448,20170719,sd2,110810.07763017436,50,173172.4047534334
150521.18998173223,3.712,20170719,sd2,110810.07763017436,50,301042.37996346445
92025.119393016,4.7872,20170719,sd2,110810.07763017436,50,184050.238786032
160320.73417317617,3.2512000000000003,20170719,sd2,110810.07763017436,50,320641.46834635234
180009.19960151764,3.8912,20170719,sd2,110810.07763017436,50,360018.3992030353
95331.9725555303,2.3552,20170719,sd2,110810.07763017436,50,190663.9451110606
104529.2090650362,4.5056,20170719,sd2,110810.07763017436,50,209058.4181300724
88470.85157291607,4.3776,20170719,sd2,110810.07763017436,50,176941.70314583214
88652.5520208016,4.0448,20170719,sd2,110810.07763017436,50,177305.1040416032
55070.41311950356,7.2704,20170719,sd2,111568.58355122423,50,110140.82623900712
87661.26244725904,4.1472,20170719,sd2,111568.58355122423,50,175322.52489451808
61867.40720255574,4.9664,20170719,sd2,111568.58355122423,50,123734.81440511148
175832.63276433226,4.9408,20170719,sd2,111568.58355122423,50,351665.2655286645
98087.52504802195,4.1216,20170719,sd2,111568.58355122423,50,196175.0500960439
105356.15278937726,9.036800000000001,20170719,sd2,111568.58355122423,50,210712.30557875452
103642.84174396479,4.1984,20170719,sd2,111568.58355122423,50,207285.68348792958
58531.84527937498,7.5776,20170721,mlg910,55266.52986659519,25,234127.38111749993
72311.4833027258,8.4224,20170721,mlg910,55266.52986659519,25,289245.9332109032
83411.54027846616,3.2,20170721,mlg910,55266.52986659519,25,333646.1611138646
66848.4440354958,7.219200000000001,20170721,mlg910,55266.52986659519,25,267393.7761419832
54009.19462783819,6.4256,20170721,mlg910,55266.52986659519,25,216036.77851135275
73293.63915854765,3.8656,20170721,mlg910,54168.90686849268,25,293174.5566341906
56562.36835101437,4.3264000000000005,20170721,mlg910,54168.90686849268,25,226249.47340405747
89443.49105432146,4.1216,20170721,mlg910,54366.3168927416,25,357773.96421728586
60347.63341652928,6.4256,20170721,mlg910,54366.3168927416,25,241390.53366611712
64111.15367736174,4.5312,20170721,mlg910,54366.3168927416,25,256444.61470944696
47093.388331935945,3.3792,20170721,mlg910,54366.3168927416,25,188373.55332774378
53598.72008819542,4.992,20170721,mlg910,54366.3168927416,25,214394.88035278168
54949.477393338646,6.144,20170721,mlg910,54366.3168927416,25,219797.90957335458
54119.86096287605,4.5056,20170721,mlg910,53780.70371088123,25,216479.4438515042
89951.59807900089,5.248,20170721,mlg910,53780.70371088123,25,359806.39231600356
67844.13745849501,5.376,20170721,mlg910,53780.70371088123,25,271376.54983398004
75972.2935239375,3.9936000000000003,20170721,mlg910,53780.70371088123,25,303889.17409575
51891.00655459491,5.5808,20170721,mlg910,53780.70371088123,25,207564.02621837964
171758.29941144926,2.8928000000000003,20170721,mlg910,53780.70371088123,25,687033.197645797
61132.65596130503,5.2736,20170721,mlg910,53970.17944629159,25,244530.6238452201
56181.188306400865,4.8128,20170721,mlg910,53970.17944629159,25,224724.75322560346
58281.01636925168,6.144,20170721,mlg910,55491.69068646035,25,233124.06547700672
55369.3296334928,4.9408,20170721,mlg910,55491.69068646035,25,221477.3185339712
34420.803492390245,2.6368,20170721,mlg910,55491.69068646035,25,137683.21396956098
61085.527114973214,14.003200000000001,20170721,mlg910,55491.69068646035,25,244342.10845989286
70455.47455870383,5.0688,20170721,mlg910,54460.93788705764,25,281821.89823481534
86969.10453425802,10.4192,20170721,mlg910,54460.93788705764,25,347876.4181370321
56992.995266297796,4.7104,20170721,mlg910,54460.93788705764,25,227971.98106519118
55392.65409758378,5.248,20170721,mlg910,52278.441791458295,25,221570.6163903351
48521.636982326534,6.016,20170721,mlg910,52278.441791458295,25,194086.54792930614
62960.43171769002,4.992,20170721,mlg910,53687.78438272211,25,251841.7268707601
44138.83031546055,4.0448,20170721,mlg910,53687.78438272211,25,176555.3212618422
74331.20012602264,3.1488,20170721,mlg910,53687.78438272211,25,297324.80050409056
75659.87797434255,4.48,20170721,mlg910,53687.78438272211,25,302639.5118973702
60566.913120567406,6.8864,20170721,mlg910,53687.78438272211,25,242267.65248226962
57391.97355708585,3.7632000000000003,20170721,mlg910,53687.78438272211,25,229567.8942283434
70296.07795038339,3.2256,20170721,mlg910,54992.37421209001,25,281184.31180153356
58414.858769685234,3.8400000000000003,20170721,mlg910,54992.37421209001,25,233659.43507874093
83672.32127149904,3.9936000000000003,20170721,mlg910,54992.37421209001,25,334689.28508599615
82216.44965788725,5.5808,20170721,mlg910,54992.37421209001,25,328865.798631549
78369.08532685609,5.324800000000001,20170721,mlg910,54992.37421209001,25,313476.34130742436
100777.56195311635,3.968,20170721,mlg910,54992.37421209001,25,403110.2478124654
66917.37365821168,9.3696,20170721,mlg910,54992.37421209001,25,267669.49463284673
53390.7149899973,4.1984,20170721,mlg910,54992.37421209001,25,213562.8599599892
77063.84977302625,5.5552,20170721,mlg910,54767.56286522361,25,308255.399092105
72508.49557921698,7.7312,20170721,mlg910,54767.56286522361,25,290033.9823168679
80067.34905160317,5.8624,20170721,mlg910,54767.56286522361,25,320269.3962064127
72243.81153324802,3.8912,20170721,mlg910,54767.56286522361,25,288975.2461329921
42081.4078627293,4.5312,20170721,mlg910,54767.56286522361,25,168325.6314509172
38626.040581474015,4.736000000000001,20170721,mlg910,51629.5500906999,25,154504.16232589606
1049.2533691646531,6.9888,20170721,mlg910,53871.804864470796,25,4197.0134766586125
35521.98697796133,5.171200000000001,20170721,mlg910,53871.804864470796,25,142087.94791184532
77680.53970575787,4.736000000000001,20170721,mlg910,53871.804864470796,25,310722.15882303147
58999.60003571782,7.424,20170721,mlg910,53871.804864470796,25,235998.40014287128
42328.84708609462,4.0192000000000005,20170721,mlg910,53871.804864470796,25,169315.38834437847
32100.281246176477,5.2992,20170721,mlg910,53871.804864470796,25,128401.12498470591
81925.80160166367,3.3024,20170721,mlg910,55009.45900673289,25,327703.2064066547
86628.96746464341,5.7856000000000005,20170721,mlg910,55009.45900673289,25,346515.86985857366
75381.50354429625,4.0704,20170721,mlg910,55009.45900673289,25,301526.014177185
41339.36939943914,4.992,20170721,mlg910,55009.45900673289,25,165357.47759775657
69891.95393150914,5.1968000000000005,20170721,mlg910,53470.00781830675,25,279567.81572603656
67659.04613798989,4.6848,20170721,mlg910,53470.00781830675,25,270636.18455195957
63073.977195363346,3.968,20170721,mlg910,53470.00781830675,25,252295.90878145339
48520.41374401923,2.9952,20170721,mlg910,53470.00781830675,25,194081.6549760769
50958.66418708695,4.4288,20170721,mlg910,53470.00781830675,25,203834.6567483478
82097.46526639217,12.928,20170721,mlg910,53470.00781830675,25,328389.8610655687
60696.60110347555,3.6352,20170721,mlg910,53161.20227772213,25,242786.4044139022
54669.51010510391,2.9184,20170721,mlg910,53531.0034779837,25,218678.04042041564
79240.86145144905,3.2,20170721,mlg910,53531.0034779837,25,316963.4458057962
75497.841739308,7.7312,20170721,mlg910,53531.0034779837,25,301991.366957232
79605.49041876046,11.3152,20170721,mlg910,53531.0034779837,25,318421.9616750418
73901.69569488749,3.3280000000000003,20170721,mlg910,53531.0034779837,25,295606.78277954995
95758.21249897784,5.9648,20170721,mlg910,53531.0034779837,25,383032.84999591135
64566.29812408403,3.7376,20170721,mlg910,53531.0034779837,25,258265.19249633612
74417.21219965728,4.1472,20170721,mlg910,52513.03848763083,25,297668.84879862913
59161.347544654906,5.478400000000001,20170721,mlg910,52513.03848763083,25,236645.39017861962
44877.741713617106,3.6096000000000004,20170721,mlg910,52513.03848763083,25,179510.96685446842
55382.509541005384,5.2992,20170721,mlg910,53665.66101644222,25,221530.03816402153
70709.41009473159,12.7232,20170721,mlg910,53554.138989482904,25,282837.64037892636
65267.881341715154,5.171200000000001,20170721,mlg910,53554.138989482904,25,261071.52536686062
66683.12991459537,6.8608,20170721,mlg910,53554.138989482904,25,266732.51965838147
44771.991907189105,4.4288,20170721,mlg910,53554.138989482904,25,179087.96762875642
49614.64350167921,3.712,20170721,mlg910,53554.138989482904,25,198458.57400671684
59872.26325654917,4.6336,20170721,mlg910,54646.52146917355,25,239489.0530261967
68210.30661021516,3.2256,20170721,mlg910,54646.52146917355,25,272841.22644086066
52910.20044849552,7.1168000000000005,20170721,mlg910,54646.52146917355,25,211640.80179398207
45594.17073834835,5.6576,20170721,mlg910,54646.52146917355,25,182376.6829533934
61082.26595590311,6.656000000000001,20170721,mlg910,54646.52146917355,25,244329.06382361244
68067.45861052975,5.043200000000001,20170721,mlg910,54646.52146917355,25,272269.834442119
57338.69586333532,3.6864000000000003,20170721,mlg910,52441.35465151342,25,229354.78345334128
67352.16310884568,4.3776,20170721,mlg910,52441.35465151342,25,269408.6524353827
84009.14601110041,9.830400000000001,20170721,mlg910,52441.35465151342,25,336036.58404440165
47411.15346080648,5.6576,20170721,mlg910,52441.35465151342,25,189644.61384322593
57957.718216348905,8.1152,20170721,mlg910,52441.35465151342,25,231830.87286539562
59401.62240264745,3.7376,20170721,mlg910,52441.35465151342,25,237606.4896105898
68615.66949122558,4.3776,20170721,mlg910,53173.08335114976,25,274462.6779649023
60196.890662573685,6.2208000000000006,20170721,mlg910,53173.08335114976,25,240787.56265029474
-110.55968653559103,3.6864000000000003,20170721,mlg910,53173.08335114976,25,-442.2387461423641
72868.943813557,4.5568,20170721,mlg910,53173.08335114976,25,291475.775254228
57190.48960644897,4.6592,20170721,mlg910,53173.08335114976,25,228761.9584257959
51866.27425031116,2.8928000000000003,20170721,mlg910,52857.26083942969,25,207465.09700124463
64794.40840144628,4.5568,20170721,mlg910,52857.26083942969,25,259177.63360578511
54471.00687252395,4.4288,20170721,mlg910,52857.26083942969,25,217884.0274900958
63511.75399684528,3.9936000000000003,20170721,mlg910,51715.98163342658,25,254047.0159873811
50618.72003255761,4.0192000000000005,20170721,mlg910,51715.98163342658,25,202474.88013023045
63592.78277833601,3.2,20170721,mlg910,51715.98163342658,25,254371.13111334405
50325.502836976186,3.8400000000000003,20170721,mlg910,54907.121176639645,25,201302.01134790474
99095.53783686964,6.784000000000001,20170721,mlg910,54907.121176639645,25,396382.15134747856
52100.47912496049,4.8384,20170721,mlg910,54907.121176639645,25,208401.91649984196
49206.28053984139,4.5056,20170721,mlg910,54907.121176639645,25,196825.12215936556
62741.377255214786,5.5040000000000004,20170721,mlg910,54907.121176639645,25,250965.50902085914
61437.091131685534,3.6096000000000004,20170721,mlg910,52624.89254247844,25,245748.36452674214
72312.66837394358,5.171200000000001,20170721,mlg910,52624.89254247844,25,289250.67349577433
51897.736150533456,5.9904,20170721,mlg910,52624.89254247844,25,207590.94460213382
60984.931004954866,3.1232,20170721,mlg910,52624.89254247844,25,243939.72401981946
38927.07595485888,6.067200000000001,20170721,mlg910,52624.89254247844,25,155708.30381943553
99225.28896882689,11.2128,20170721,mlg910,52624.89254247844,25,396901.15587530757
59490.442294992004,5.043200000000001,20170721,mlg910,53960.73790386097,25,237961.76917996802
69571.23404430674,6.195200000000001,20170721,mlg910,53960.73790386097,25,278284.93617722695
67802.57437252786,5.9392000000000005,20170721,mlg910,53960.73790386097,25,271210.29749011144
63535.69763718603,3.9936000000000003,20170721,mlg910,53960.73790386097,25,254142.79054874412
41488.59441712926,4.9664,20170721,mlg910,53960.73790386097,25,165954.37766851703
67519.81041386141,3.7376,20170721,mlg910,53960.73790386097,25,270079.24165544566
57559.519169416664,6.8608,20170721,mlg910,53960.73790386097,25,230238.07667766666
64904.97532640685,2.8160000000000003,20170721,mlg910,53960.73790386097,25,259619.9013056274
57919.45804048798,3.4304,20170721,mlg910,53081.581015939155,25,231677.83216195193
92923.78555437998,3.0208,20170721,mlg910,53081.581015939155,25,371695.1422175199
79453.46880752975,3.4304,20170721,mlg910,53081.581015939155,25,317813.875230119
64028.58597026972,2.7904,20170721,mlg910,53081.581015939155,25,256114.34388107888
72038.57235054787,5.6832,20170721,mlg910,53081.581015939155,25,288154.28940219147
94942.70235213914,4.5824,20170721,mlg910,53081.581015939155,25,379770.80940855655
38572.33722220102,3.968,20170721,mlg910,53081.581015939155,25,154289.3488888041
68725.3152132104,5.2992,20170721,mlg910,53081.581015939155,25,274901.2608528416
69775.65814012321,5.248,20170721,mlg910,53081.581015939155,25,279102.63256049284
57486.09906517874,5.376,20170721,mlg910,53081.581015939155,25,229944.39626071497
46786.16413117202,7.961600000000001,20170721,mlg910,53355.45913478091,25,187144.6565246881
53121.14735590912,8.1408,20170721,mlg910,53355.45913478091,25,212484.58942363647
59821.043549099915,4.454400000000001,20170721,mlg910,53355.45913478091,25,239284.17419639966
63618.851031941806,7.3216,20170721,mlg910,53355.45913478091,25,254475.40412776722
75207.28508797757,6.4256,20170721,mlg910,53355.45913478091,25,300829.14035191026
43963.73745064485,5.4016,20170721,mlg910,53355.45913478091,25,175854.9498025794
72127.20089216801,5.2736,20170721,mlg910,53301.59973394548,25,288508.80356867204
79921.60163840605,5.6832,20170721,mlg910,53301.59973394548,25,319686.4065536242
53842.83168176473,4.352,20170721,mlg910,53301.59973394548,25,215371.3267270589
62750.09223328016,6.6816,20170721,mlg910,53301.59973394548,25,251000.36893312063
62105.113958695576,5.9648,20170721,mlg910,53779.77342259605,25,248420.4558347823
74654.53203511678,4.224,20170721,mlg910,53779.77342259605,25,298618.1281404671
39538.457931850724,4.0192000000000005,20170721,mlg910,53779.77342259605,25,158153.8317274029
65787.6394056589,4.6592,20170721,mlg910,54112.009638650576,25,263150.5576226356
42918.432602570174,3.1488,20170721,mlg910,54112.009638650576,25,171673.7304102807
80521.4562926859,3.8912,20170721,mlg910,54112.009638650576,25,322085.8251707436
63588.67774890695,6.8352,20170721,mlg910,54112.009638650576,25,254354.7109956278
61432.84231235678,6.784000000000001,20170721,mlg910,54112.009638650576,25,245731.3692494271
164932.35094906797,7.6032,20170721,mlg910,106805.1645161963,50,329864.70189813594
141110.58697925988,2.9184,20170721,mlg910,106805.1645161963,50,282221.17395851976
111431.25585628173,6.5536,20170721,mlg910,106805.1645161963,50,222862.51171256346
209870.12871335476,3.6864000000000003,20170721,mlg910,109953.89876481601,50,419740.2574267095
119399.11488892596,4.2752,20170721,mlg910,109953.89876481601,50,238798.22977785193
193686.46768834838,3.2,20170721,mlg910,106984.88312712697,50,387372.93537669675
136378.8945237088,5.8112,20170721,mlg910,106984.88312712697,50,272757.7890474176
137550.95958247886,4.1216,20170721,mlg910,106984.88312712697,50,275101.9191649577
78069.47036800491,2.7904,20170721,mlg910,106984.88312712697,50,156138.94073600983
132495.19616148068,4.454400000000001,20170721,mlg910,106984.88312712697,50,264990.39232296136
100320.32994547529,5.6832,20170721,mlg910,106984.88312712697,50,200640.65989095057
117883.84561588624,3.8656,20170721,mlg910,109850.25847630919,50,235767.69123177248
138117.88010058965,3.9424,20170721,mlg910,109488.77237596009,50,276235.7602011793
200874.24085718405,4.6080000000000005,20170721,mlg910,109488.77237596009,50,401748.4817143681
132392.35475024325,4.6592,20170721,mlg910,109488.77237596009,50,264784.7095004865
178367.01370342565,3.6864000000000003,20170721,mlg910,109488.77237596009,50,356734.0274068513
128156.03700484907,4.864,20170721,mlg910,109488.77237596009,50,256312.07400969815
438434.0894689222,2.8928000000000003,20170721,mlg910,109488.77237596009,50,876868.1789378444
93644.16719617609,2.688,20170721,mlg910,109488.77237596009,50,187288.33439235218
207642.88302710082,5.2992,20170721,mlg910,107944.54797402602,50,415285.76605420164
138039.5056691827,5.0176,20170721,mlg910,107944.54797402602,50,276079.0113383654
115957.39709938802,5.632000000000001,20170721,mlg910,106607.4101087415,50,231914.79419877604
103713.09243444323,4.5056,20170721,mlg910,106607.4101087415,50,207426.18486888646
67519.19724173391,2.3296,20170721,mlg910,106607.4101087415,50,135038.39448346783
127334.51801149135,12.876800000000001,20170721,mlg910,106607.4101087415,50,254669.0360229827
146331.92350379442,4.5056,20170721,mlg910,109584.9403942836,50,292663.84700758883
179051.7284624558,9.9328,20170721,mlg910,109584.9403942836,50,358103.4569249116
124077.97274882939,4.8384,20170721,mlg910,109584.9403942836,50,248155.94549765877
116994.31282048332,4.9664,20170721,mlg910,109869.9345706272,50,233988.62564096664
119405.32239977736,5.5040000000000004,20170721,mlg910,109869.9345706272,50,238810.64479955472
143627.65048778383,5.0176,20170721,mlg910,109430.9143385901,50,287255.30097556766
97078.60086612157,3.6864000000000003,20170721,mlg910,109430.9143385901,50,194157.20173224315
99112.32307617924,3.0976000000000004,20170721,mlg910,109430.9143385901,50,198224.64615235847
153922.8924395832,4.300800000000001,20170721,mlg910,109430.9143385901,50,307845.7848791664
133802.12405406643,3.6608,20170721,mlg910,109430.9143385901,50,267604.24810813286
150841.10813615908,3.0208,20170721,mlg910,105305.11995033344,50,301682.21627231815
109010.67585975208,3.6096000000000004,20170721,mlg910,105305.11995033344,50,218021.35171950416
166632.54047377146,3.9936000000000003,20170721,mlg910,105305.11995033344,50,333265.0809475429
168434.44526645803,5.12,20170721,mlg910,105305.11995033344,50,336868.89053291606
138727.8832046517,5.1456,20170721,mlg910,105305.11995033344,50,277455.7664093034
213408.90449827514,3.8912,20170721,mlg910,105305.11995033344,50,426817.8089965503
124877.43278333344,8.780800000000001,20170721,mlg910,105305.11995033344,50,249754.86556666688
96571.47797958707,4.2752,20170721,mlg910,105305.11995033344,50,193142.95595917414
150871.48935834834,5.4016,20170721,mlg910,108866.03878209728,50,301742.97871669667
183523.67162689677,5.7856000000000005,20170721,mlg910,108866.03878209728,50,367047.34325379354
156278.81444459048,7.3216,20170721,mlg910,108866.03878209728,50,312557.62888918095
158581.94358083972,4.0704,20170721,mlg910,108866.03878209728,50,317163.88716167945
88087.8767739299,3.6352,20170721,mlg910,108866.03878209728,50,176175.7535478598
165984.0025465572,4.8128,20170721,mlg910,109244.29632279821,50,331968.0050931144
109487.48522198026,4.1472,20170721,mlg910,109244.29632279821,50,218974.9704439605
84598.12778115469,4.6080000000000005,20170721,mlg910,110512.84321981228,50,169196.25556230938
147809.1603260478,4.6336,20170721,mlg910,110512.84321981228,50,295618.3206520956
133290.76112402912,7.1936,20170721,mlg910,110512.84321981228,50,266581.52224805823
98229.30416056902,3.5072,20170721,mlg910,110512.84321981228,50,196458.60832113805
167361.17714884365,5.248,20170721,mlg910,110512.84321981228,50,334722.3542976873
94181.13923173965,4.8128,20170721,mlg910,107186.32379105166,50,188362.2784634793
167390.39177845872,4.864,20170721,mlg910,108960.96042424405,50,334780.78355691745
142234.09386156843,4.736000000000001,20170721,mlg910,108960.96042424405,50,284468.18772313686
128681.64456212526,3.4816000000000003,20170721,mlg910,108960.96042424405,50,257363.28912425053
131506.10491748585,2.1504000000000003,20170721,mlg910,108960.96042424405,50,263012.2098349717
103756.09578243585,3.6608,20170721,mlg910,108960.96042424405,50,207512.1915648717
157138.4916598007,12.313600000000001,20170721,mlg910,108960.96042424405,50,314276.9833196014
108038.03642046334,3.7888,20170721,mlg910,107211.27023987965,50,216076.07284092667
124236.179625829,5.1456,20170721,mlg910,104343.05472071313,50,248472.359251658
113634.76680895551,3.9424,20170721,mlg910,105852.6269004492,50,227269.53361791102
101312.97476494817,7.3216,20170721,mlg910,105852.6269004492,50,202625.94952989634
138328.05476552167,2.5856000000000003,20170721,mlg910,105542.14436761774,50,276656.10953104333
163635.85806038923,3.2512000000000003,20170721,mlg910,105542.14436761774,50,327271.71612077847
155610.95954493165,7.3216,20170721,mlg910,105542.14436761774,50,311221.9190898633
157713.08725404268,10.5728,20170721,mlg910,105542.14436761774,50,315426.17450808536
135975.7662656256,3.072,20170721,mlg910,105542.14436761774,50,271951.5325312512
181686.6092569867,5.7088,20170721,mlg910,105542.14436761774,50,363373.2185139734
131094.12068657012,3.6096000000000004,20170721,mlg910,105542.14436761774,50,262188.24137314025
160972.21361281496,4.0448,20170721,mlg910,108899.18367328767,50,321944.4272256299
81289.56961321253,4.992,20170721,mlg910,108899.18367328767,50,162579.13922642506
200475.43299327395,4.7872,20170721,mlg910,109515.3851099517,50,400950.8659865479
136777.3842192503,4.300800000000001,20170721,mlg910,109515.3851099517,50,273554.7684385006
149293.58895991684,4.5312,20170721,mlg910,109515.3851099517,50,298587.1779198337
203219.6301593113,4.9152000000000005,20170721,mlg910,109515.3851099517,50,406439.2603186226
149002.75895029813,12.2368,20170721,mlg910,108606.51001476002,50,298005.51790059626
144011.60905729662,4.992,20170721,mlg910,108606.51001476002,50,288023.21811459324
153711.60060935986,6.144,20170721,mlg910,108606.51001476002,50,307423.2012187197
103684.72532335666,4.3264000000000005,20170721,mlg910,108606.51001476002,50,207369.45064671332
108208.38418410657,3.6096000000000004,20170721,mlg910,108606.51001476002,50,216416.76836821315
160211.41288285062,3.5584000000000002,20170721,mlg910,107312.81615508719,50,320422.82576570124
145150.88378668192,7.0144,20170721,mlg910,107312.81615508719,50,290301.76757336385
97725.66794777049,3.7888,20170721,mlg910,107312.81615508719,50,195451.33589554098
129154.43554521327,3.7632000000000003,20170721,mlg910,107758.41072747229,50,258308.87109042655
144804.7849800681,2.944,20170721,mlg910,107758.41072747229,50,289609.5699601362
112114.85957063803,6.7584,20170721,mlg910,107758.41072747229,50,224229.71914127606
122262.66508730738,5.1456,20170721,mlg910,107758.41072747229,50,244525.33017461476
106569.35763845728,5.9648,20170721,mlg910,107758.41072747229,50,213138.71527691456
141502.9472472584,4.7104,20170721,mlg910,107758.41072747229,50,283005.8944945168
125048.45131987028,3.3280000000000003,20170721,mlg910,108345.12510021747,50,250096.90263974055
173050.4729054566,2.9952,20170721,mlg910,108345.12510021747,50,346100.9458109132
187299.2303435721,9.1136,20170721,mlg910,108345.12510021747,50,374598.4606871442
116978.44680236504,4.8384,20170721,mlg910,108345.12510021747,50,233956.89360473008
121622.28806333075,7.091200000000001,20170721,mlg910,108345.12510021747,50,243244.5761266615
58500.33320203342,4.1216,20170721,mlg910,108345.12510021747,50,117000.66640406684
102682.26410251387,3.6864000000000003,20170721,mlg910,108345.12510021747,50,205364.52820502775
135319.20719221476,4.224,20170721,mlg910,105177.94342577836,50,270638.4143844295
136644.94926359996,4.5824,20170721,mlg910,105177.94342577836,50,273289.8985271999
121604.11210010381,4.300800000000001,20170721,mlg910,105177.94342577836,50,243208.22420020762
99858.60201753909,4.1728000000000005,20170721,mlg910,107718.90893884026,50,199717.20403507818
103226.84872800543,4.0704,20170721,mlg910,104776.1484636541,50,206453.69745601085
94549.05976682603,3.5584000000000002,20170721,mlg910,103627.93304012292,50,189098.11953365206
191130.73724658717,6.1696,20170721,mlg910,103627.93304012292,50,382261.47449317435
115666.49488307645,4.3776,20170721,mlg910,103627.93304012292,50,231332.9897661529
89849.34106853262,4.352,20170721,mlg910,103627.93304012292,50,179698.68213706525
124578.88047190795,5.2992,20170721,mlg910,103627.93304012292,50,249157.7609438159
150358.63537092478,3.5328000000000004,20170721,mlg910,106377.53673337064,50,300717.27074184956
157561.90823675494,5.4016,20170721,mlg910,106377.53673337064,50,315123.8164735099
99057.49419303531,4.5568,20170721,mlg910,106377.53673337064,50,198114.98838607062
138164.64699572022,2.8672,20170721,mlg910,106377.53673337064,50,276329.29399144044
83126.87912508003,6.0416,20170721,mlg910,106377.53673337064,50,166253.75825016006
219299.350538194,10.649600000000001,20170721,mlg910,106377.53673337064,50,438598.701076388
139711.59298759204,6.3744000000000005,20170721,mlg910,107677.4471721206,50,279423.1859751841
137971.2129537766,4.0704,20170721,mlg910,107677.4471721206,50,275942.4259075532
100666.24373713236,4.9664,20170721,mlg910,107677.4471721206,50,201332.48747426472
135774.47810053657,4.1728000000000005,20170721,mlg910,107677.4471721206,50,271548.95620107313
126555.94007541267,6.8864,20170721,mlg910,107677.4471721206,50,253111.88015082534
116785.66608721974,2.7136,20170721,mlg910,107677.4471721206,50,233571.33217443948
116255.70910985865,3.6608,20170721,mlg910,106826.17733260505,50,232511.4182197173
185843.68104219873,2.8928000000000003,20170721,mlg910,106826.17733260505,50,371687.36208439746
147475.92404367914,3.4048000000000003,20170721,mlg910,106826.17733260505,50,294951.8480873583
144929.2919253026,2.8672,20170721,mlg910,106826.17733260505,50,289858.5838506052
151624.76610028854,4.0704,20170721,mlg910,106826.17733260505,50,303249.5322005771
193350.79673846805,4.5824,20170721,mlg910,106826.17733260505,50,386701.5934769361
101246.95843313618,3.8400000000000003,20170721,mlg910,106826.17733260505,50,202493.91686627237
140039.88366437238,5.7856000000000005,20170721,mlg910,106826.17733260505,50,280079.76732874475
135495.2828757704,5.043200000000001,20170721,mlg910,106826.17733260505,50,270990.5657515408
113081.22639824542,4.4032,20170721,mlg910,106826.17733260505,50,226162.45279649083
106051.84112951186,7.7056000000000004,20170721,mlg910,108685.19752677024,50,212103.6822590237
95383.3828079273,7.8848,20170721,mlg910,108685.19752677024,50,190766.7656158546
153086.37953534076,4.3264000000000005,20170721,mlg910,108685.19752677024,50,306172.7590706815
154161.88626576052,7.091200000000001,20170721,mlg910,108685.19752677024,50,308323.77253152104
130330.01507587603,6.067200000000001,20170721,mlg910,108685.19752677024,50,260660.03015175206
106783.30533460589,5.376,20170721,mlg910,108685.19752677024,50,213566.61066921178
168057.10544584523,4.9664,20170721,mlg910,110386.72926831145,50,336114.21089169045
123931.32987124739,4.1728000000000005,20170721,mlg910,110386.72926831145,50,247862.65974249478
130273.92560315058,6.3744000000000005,20170721,mlg910,110386.72926831145,50,260547.85120630116
143304.57270991843,5.888,20170721,mlg910,108949.93570708613,50,286609.14541983686
168597.3427914306,3.9424,20170721,mlg910,108949.93570708613,50,337194.6855828612
90755.50953380474,3.7632000000000003,20170721,mlg910,108949.93570708613,50,181511.01906760948
182420.00664215744,3.9424,20170721,mlg910,109263.60715843999,50,364840.0132843149
122231.38013049783,6.2976,20170721,mlg910,109263.60715843999,50,244462.76026099565
85182.85671451758,10.4448,20170721,mlg910,104564.52747264644,50,170365.71342903515
86056.24965527201,4.992,20170721,mlg910,110076.0919268802,50,172112.49931054402
58164.26068985783,6.5792,20170721,sd1,57063.369261887456,25,232657.04275943132
55295.29771320728,9.8816,20170721,sd1,57063.369261887456,25,221181.1908528291
45284.47482515657,5.9648,20170721,sd1,57063.369261887456,25,181137.89930062628
59597.800642311115,6.8352,20170721,sd1,57747.715133928716,25,238391.20256924446
42757.98866141763,6.3744000000000005,20170721,sd1,57747.715133928716,25,171031.9546456705
47508.32835495649,8.2944,20170721,sd1,57747.715133928716,25,190033.31341982595
69639.76178052169,9.0112,20170721,sd1,57747.715133928716,25,278559.04712208675
49021.17143241012,10.393600000000001,20170721,sd1,57541.48135228615,25,196084.68572964048
41377.422008479436,5.9904,20170721,sd1,57541.48135228615,25,165509.68803391774
57240.28226800855,6.8608,20170721,sd1,57541.48135228615,25,228961.1290720342
84534.52215503997,26.009600000000002,20170721,sd1,56941.11179692791,25,338138.0886201599
61971.68776347642,5.9904,20170721,sd1,56941.11179692791,25,247886.75105390567
61369.266867467864,19.8656,20170721,sd1,56941.11179692791,25,245477.06746987146
71472.23869179565,6.784000000000001,20170721,sd1,57567.81056818332,25,285888.9547671826
65594.29087015052,12.544,20170721,sd1,57567.81056818332,25,262377.1634806021
64533.644023641704,5.5552,20170721,sd1,57567.81056818332,25,258134.57609456682
55318.252730178276,6.4768,20170721,sd1,57567.81056818332,25,221273.0109207131
47943.61292359883,6.8352,20170721,sd1,57567.81056818332,25,191774.4516943953
62188.20832927389,5.2992,20170721,sd1,57567.81056818332,25,248752.83331709556
39456.38274286893,4.9664,20170721,sd1,57567.81056818332,25,157825.53097147573
76700.1609278729,8.32,20170721,sd1,57567.81056818332,25,306800.6437114916
52550.429316479414,5.0688,20170721,sd1,56672.39816022582,25,210201.71726591766
34180.332544443,5.632000000000001,20170721,sd1,56672.39816022582,25,136721.330177772
51691.64574155684,5.8368,20170721,sd1,56672.39816022582,25,206766.58296622735
43787.00328931974,6.7072,20170721,sd1,56672.39816022582,25,175148.01315727897
49629.104466232435,8.038400000000001,20170721,sd1,56672.39816022582,25,198516.41786492974
56771.935395044726,10.2912,20170721,sd1,56844.60781949136,25,227087.7415801789
44940.38346232273,5.2992,20170721,sd1,56844.60781949136,25,179761.53384929092
44395.52730989165,8.7296,20170721,sd1,56844.60781949136,25,177582.1092395666
38449.883347464216,2.432,20170721,sd1,56844.60781949136,25,153799.53338985686
44638.59461342999,1.8432000000000002,20170721,sd1,56844.60781949136,25,178554.37845371995
50391.72511266025,6.2976,20170721,sd1,56844.60781949136,25,201566.900450641
73071.30790944827,14.745600000000001,20170721,sd1,56844.60781949136,25,292285.23163779307
39601.019552437865,5.248,20170721,sd1,56844.60781949136,25,158404.07820975146
46781.579840035454,8.0896,20170721,sd1,56844.60781949136,25,187126.31936014182
59738.971330004206,25.241600000000002,20170721,sd1,56844.60781949136,25,238955.88532001682
62357.89257990173,5.2736,20170721,sd1,56844.60781949136,25,249431.57031960692
95174.28639108854,3.0976000000000004,20170721,sd1,56653.923558388466,25,380697.14556435414
67652.16393074303,9.523200000000001,20170721,sd1,56653.923558388466,25,270608.6557229721
52568.67273415089,7.091200000000001,20170721,sd1,56653.923558388466,25,210274.69093660355
52103.89345683142,6.7072,20170721,sd1,56653.923558388466,25,208415.5738273257
55762.04197716207,5.1968000000000005,20170721,sd1,56653.923558388466,25,223048.1679086483
45374.74695843597,5.632000000000001,20170721,sd1,56653.923558388466,25,181498.9878337439
75505.91459561122,8.6272,20170721,sd1,56653.923558388466,25,302023.6583824449
85619.4495163149,7.4752,20170721,sd1,56653.923558388466,25,342477.7980652596
51786.07411568998,2.0736,20170721,sd1,56653.923558388466,25,207144.29646275993
52597.655243623296,1.792,20170721,sd1,56653.923558388466,25,210390.62097449318
49223.47227386892,4.889600000000001,20170721,sd1,56653.923558388466,25,196893.8890954757
43009.58831500692,6.8864,20170721,sd1,56653.923558388466,25,172038.35326002768
62327.23130383503,12.0832,20170721,sd1,56653.923558388466,25,249308.92521534013
70478.13735481774,4.2752,20170721,sd1,56653.923558388466,25,281912.54941927094
66497.47141246151,6.7584,20170721,sd1,57317.49210302087,25,265989.88564984605
54892.86672081943,5.3504000000000005,20170721,sd1,57317.49210302087,25,219571.46688327772
71743.19386816808,6.067200000000001,20170721,sd1,57317.49210302087,25,286972.7754726723
44339.3259319493,13.747200000000001,20170721,sd1,57317.49210302087,25,177357.3037277972
63271.93164558778,11.0592,20170721,sd1,57317.49210302087,25,253087.7265823511
42839.913209811,6.1184,20170721,sd1,57447.44041542268,25,171359.652839244
55453.29566424743,7.1168000000000005,20170721,sd1,57447.44041542268,25,221813.18265698972
53121.182969562535,6.067200000000001,20170721,sd1,57447.44041542268,25,212484.73187825014
56290.87572450042,12.876800000000001,20170721,sd1,57447.44041542268,25,225163.5028980017
51514.60443248137,6.272,20170721,sd1,57447.44041542268,25,206058.41772992548
56808.127865343486,7.7568,20170721,sd1,57447.44041542268,25,227232.51146137394
47191.04225406685,4.9408,20170721,sd1,57447.44041542268,25,188764.1690162674
65382.40939604602,6.7328,20170721,sd1,57377.693905228814,25,261529.6375841841
71171.9539508294,8.064,20170721,sd1,57377.693905228814,25,284687.8158033176
53229.89189470787,11.8528,20170721,sd1,57377.693905228814,25,212919.56757883148
73066.22318560767,10.8032,20170721,sd1,57377.693905228814,25,292264.8927424307
53594.423148646594,11.2896,20170721,sd1,57377.693905228814,25,214377.69259458638
60276.03384625525,8.2944,20170721,sd1,57377.693905228814,25,241104.135385021
46864.85568137242,9.907200000000001,20170721,sd1,57567.0810822649,25,187459.42272548968
57695.40756964558,8.166400000000001,20170721,sd1,57567.0810822649,25,230781.6302785823
73950.57499770873,5.5552,20170721,sd1,57567.0810822649,25,295802.2999908349
44465.10066840673,10.521600000000001,20170721,sd1,57567.0810822649,25,177860.40267362693
71020.59304055641,6.630400000000001,20170721,sd1,56676.20374505377,25,284082.37216222566
70361.31226704147,7.526400000000001,20170721,sd1,56676.20374505377,25,281445.2490681659
65818.4524368305,6.5280000000000005,20170721,sd1,56676.20374505377,25,263273.809747322
72671.27877500889,9.830400000000001,20170721,sd1,56676.20374505377,25,290685.11510003556
53283.612592213154,6.4768,20170721,sd1,56676.20374505377,25,213134.45036885262
76348.96848167983,6.0928,20170721,sd1,56676.20374505377,25,305395.8739267193
40930.75236398163,6.5536,20170721,sd1,56676.20374505377,25,163723.0094559265
72814.35052784307,6.784000000000001,20170721,sd1,57386.283992717596,25,291257.40211137227
57965.796125832494,14.4128,20170721,sd1,57386.283992717596,25,231863.18450332998
65589.19409052702,5.171200000000001,20170721,sd1,57386.283992717596,25,262356.77636210807
88229.14845152589,6.144,20170721,sd1,57386.283992717596,25,352916.59380610357
49641.074092114824,6.067200000000001,20170721,sd1,57386.283992717596,25,198564.2963684593
50619.72232693668,4.7616000000000005,20170721,sd1,57386.283992717596,25,202478.88930774672
54816.635247935934,16.3584,20170721,sd1,57386.283992717596,25,219266.54099174374
86179.03726171982,6.0928,20170721,sd1,57800.76843872512,25,344716.14904687926
54685.60576731175,4.6592,20170721,sd1,57800.76843872512,25,218742.423069247
67600.31407357594,6.1184,20170721,sd1,57800.76843872512,25,270401.25629430375
50465.92440179077,7.7568,20170721,sd1,56831.419331525736,25,201863.69760716308
63426.18636017209,6.1184,20170721,sd1,56831.419331525736,25,253704.74544068836
54329.841028927236,7.6288,20170721,sd1,56831.419331525736,25,217319.36411570894
58530.12065549452,7.5776,20170721,sd1,56831.419331525736,25,234120.48262197807
81779.00858821391,7.7312,20170721,sd1,58536.06973544768,25,327116.03435285564
81747.33417441015,6.5536,20170721,sd1,58536.06973544768,25,326989.3366976406
86149.50883363932,6.656000000000001,20170721,sd1,58536.06973544768,25,344598.0353345573
69511.83251804902,6.7072,20170721,sd1,58536.06973544768,25,278047.3300721961
67400.67691630416,6.7072,20170721,sd1,58536.06973544768,25,269602.70766521664
43473.414318436546,6.348800000000001,20170721,sd1,58536.06973544768,25,173893.65727374618
91936.45960367422,10.342400000000001,20170721,sd1,58536.06973544768,25,367745.83841469686
51099.14045223939,8.652800000000001,20170721,sd1,58536.06973544768,25,204396.56180895757
45876.716733554866,6.016,20170721,sd1,58536.06973544768,25,183506.86693421946
51915.191425769975,6.2208000000000006,20170721,sd1,58536.06973544768,25,207660.7657030799
68547.27137224257,4.4288,20170721,sd1,58877.039744337315,25,274189.0854889703
73562.50039994568,7.091200000000001,20170721,sd1,58877.039744337315,25,294250.0015997827
57587.25538082155,7.04,20170721,sd1,58877.039744337315,25,230349.0215232862
50610.1073121976,6.7584,20170721,sd1,58877.039744337315,25,202440.4292487904
76852.89184830588,6.4512,20170721,sd1,58877.039744337315,25,307411.5673932235
36223.53681921028,5.5808,20170721,sd1,58877.039744337315,25,144894.14727684113
52106.55075932432,6.2976,20170721,sd1,58877.039744337315,25,208426.20303729727
75800.6333559874,13.2352,20170721,sd1,58877.039744337315,25,303202.5334239496
36565.46009510869,7.526400000000001,20170721,sd1,57557.7838913961,25,146261.84038043476
68504.94212401574,9.216000000000001,20170721,sd1,57557.7838913961,25,274019.76849606296
50616.30654626469,7.6032,20170721,sd1,57557.7838913961,25,202465.22618505877
43604.379230920735,8.217600000000001,20170721,sd1,57557.7838913961,25,174417.51692368294
68267.52660212456,5.1968000000000005,20170721,sd1,58079.473070117434,25,273070.10640849825
46272.49431427729,5.760000000000001,20170721,sd1,58079.473070117434,25,185089.97725710916
46753.72460790237,6.1696,20170721,sd1,58079.473070117434,25,187014.89843160947
45299.66868315066,6.7584,20170721,sd1,58079.473070117434,25,181198.67473260264
58858.097172756905,8.192,20170721,sd1,58079.473070117434,25,235432.38869102762
61541.784582685395,6.5536,20170721,sd1,58045.741247385835,25,246167.13833074158
60083.2073536539,12.697600000000001,20170721,sd1,58045.741247385835,25,240332.8294146156
86760.91381436845,5.2992,20170721,sd1,58045.741247385835,25,347043.6552574738
60174.03213981032,6.2976,20170721,sd1,58045.741247385835,25,240696.12855924128
56071.997857051734,6.8096000000000005,20170721,sd1,58045.741247385835,25,224287.99142820694
53974.01671198315,5.3504000000000005,20170721,sd1,58045.741247385835,25,215896.0668479326
45068.819762591804,5.0688,20170721,sd1,58045.741247385835,25,180275.27905036721
60254.95419384461,8.3968,20170721,sd1,58045.741247385835,25,241019.81677537845
53391.81046972419,4.8128,20170721,sd1,57476.75254482084,25,213567.24187889675
78237.30286912742,7.1424,20170721,sd1,57476.75254482084,25,312949.2114765097
62593.11106302584,11.1872,20170721,sd1,57476.75254482084,25,250372.44425210336
67915.44751892838,13.824,20170721,sd1,57476.75254482084,25,271661.79007571354
51043.21430185914,5.6064,20170721,sd1,57476.75254482084,25,204172.85720743655
47072.976654107064,6.6048,20170721,sd1,57476.75254482084,25,188291.90661642826
58217.8241338093,4.6336,20170721,sd1,56460.98086762924,25,232871.2965352372
72281.69836582977,4.224,20170721,sd1,56460.98086762924,25,289126.7934633191
46198.559354051045,7.4496,20170721,sd1,57178.961464196575,25,184794.23741620418
55725.39673450269,6.5792,20170721,sd1,57178.961464196575,25,222901.58693801076
64962.54234480469,6.016,20170721,sd1,57178.961464196575,25,259850.16937921877
42721.18567132485,7.244800000000001,20170721,sd1,56314.14329279506,25,170884.7426852994
46853.05041340738,6.2976,20170721,sd1,56314.14329279506,25,187412.2016536295
35918.7739503687,6.1184,20170721,sd1,56314.14329279506,25,143675.0958014748
53807.07932938644,7.9872000000000005,20170721,sd1,56928.332848331585,25,215228.31731754576
67692.86167620937,9.3952,20170721,sd1,57289.40387202748,25,270771.4467048375
81742.21279839886,20.9408,20170721,sd1,57289.40387202748,25,326968.85119359544
43677.54909630612,10.368,20170721,sd1,57417.0214042071,25,174710.19638522447
70468.95805511468,9.8816,20170721,sd1,57417.0214042071,25,281875.8322204587
57363.51413138602,7.6288,20170721,sd1,57417.0214042071,25,229454.0565255441
47180.87352874459,9.3184,20170721,sd1,58737.77774680003,25,188723.49411497836
79288.19063272582,10.5728,20170721,sd1,58737.77774680003,25,317152.7625309033
68413.4676274699,6.7584,20170721,sd1,58737.77774680003,25,273653.8705098796
34622.601546463615,5.9392000000000005,20170721,sd1,58737.77774680003,25,138490.40618585446
41504.9097096342,5.8624,20170721,sd1,58737.77774680003,25,166019.6388385368
104248.06090762046,6.8864,20170721,sd1,112425.15239486996,50,208496.1218152409
105721.8175610066,9.344000000000001,20170721,sd1,112425.15239486996,50,211443.6351220132
102203.59534363732,5.7856000000000005,20170721,sd1,112425.15239486996,50,204407.19068727465
121850.31634354887,6.5792,20170721,sd1,112304.25693763701,50,243700.63268709774
87512.57402597454,6.502400000000001,20170721,sd1,112304.25693763701,50,175025.14805194907
94517.83714209982,7.9104,20170721,sd1,112304.25693763701,50,189035.67428419963
139606.8044842549,8.601600000000001,20170721,sd1,112304.25693763701,50,279213.6089685098
104383.02319165754,9.984,20170721,sd1,114613.71402308448,50,208766.0463833151
81726.94267882097,5.8368,20170721,sd1,114613.71402308448,50,163453.88535764194
115707.75466072602,6.6048,20170721,sd1,114613.71402308448,50,231415.50932145203
160043.84178267163,25.369600000000002,20170721,sd1,116995.97673719937,50,320087.68356534326
127138.47694131256,6.2208000000000006,20170721,sd1,116995.97673719937,50,254276.95388262512
143976.9259133404,17.945600000000002,20170721,sd1,116995.97673719937,50,287953.8518266808
140373.11492564454,13.132800000000001,20170721,sd1,113617.61198172004,50,280746.22985128907
147547.70830888074,12.262400000000001,20170721,sd1,113617.61198172004,50,295095.4166177615
122490.51225690458,6.4768,20170721,sd1,113617.61198172004,50,244981.02451380916
91237.80018856919,6.6048,20170721,sd1,113617.61198172004,50,182475.60037713838
123092.068659203,5.2736,20170721,sd1,113617.61198172004,50,246184.137318406
83308.37590307808,4.864,20170721,sd1,113617.61198172004,50,166616.75180615616
146116.8781458211,8.038400000000001,20170721,sd1,113617.61198172004,50,292233.7562916422
125823.37362334917,4.9152000000000005,20170721,sd1,116028.97125967102,50,251646.74724669833
67301.48039550376,5.5296,20170721,sd1,116028.97125967102,50,134602.96079100753
110838.40782062734,6.195200000000001,20170721,sd1,116028.97125967102,50,221676.81564125468
92143.56175561038,6.502400000000001,20170721,sd1,116028.97125967102,50,184287.12351122077
107208.43362278193,7.936,20170721,sd1,116028.97125967102,50,214416.86724556386
119834.99182356383,10.4704,20170721,sd1,114257.8704535982,50,239669.98364712766
101239.6171553945,5.248,20170721,sd1,114257.8704535982,50,202479.234310789
96241.64362305177,8.3968,20170721,sd1,114257.8704535982,50,192483.28724610354
93163.60605826888,5.248,20170721,sd1,114257.8704535982,50,186327.21211653776
96440.32912368105,6.144,20170721,sd1,114257.8704535982,50,192880.6582473621
151705.27927209152,14.4128,20170721,sd1,114257.8704535982,50,303410.55854418303
88366.95186163763,5.1456,20170721,sd1,114257.8704535982,50,176733.90372327526
87862.56081953856,8.217600000000001,20170721,sd1,114257.8704535982,50,175725.12163907712
124198.57943225613,25.139200000000002,20170721,sd1,114257.8704535982,50,248397.15886451225
122388.05131838213,5.043200000000001,20170721,sd1,114257.8704535982,50,244776.10263676426
133390.54032199743,12.876800000000001,20170721,sd1,114969.6376960741,50,266781.08064399485
112625.60812158875,6.912,20170721,sd1,114969.6376960741,50,225251.2162431775
121919.86413517412,6.4256,20170721,sd1,114969.6376960741,50,243839.72827034825
122685.16091152253,5.324800000000001,20170721,sd1,114969.6376960741,50,245370.32182304506
103231.72886118955,5.4272,20170721,sd1,114969.6376960741,50,206463.4577223791
153746.32782281772,8.345600000000001,20170721,sd1,114969.6376960741,50,307492.65564563544
172232.22601282469,7.244800000000001,20170721,sd1,114969.6376960741,50,344464.45202564937
102095.73317796945,5.1456,20170721,sd1,114969.6376960741,50,204191.4663559389
105201.87716429228,4.889600000000001,20170721,sd1,114969.6376960741,50,210403.75432858456
98665.91628588097,6.502400000000001,20170721,sd1,114969.6376960741,50,197331.83257176194
140222.3243050418,11.7248,20170721,sd1,114969.6376960741,50,280444.6486100836
129765.61523643714,4.1472,20170721,sd1,114969.6376960741,50,259531.23047287427
146293.33283367203,6.630400000000001,20170721,sd1,114424.51729446204,50,292586.66566734406
114697.64152236094,4.992,20170721,sd1,114424.51729446204,50,229395.28304472187
157336.43696753038,5.7856000000000005,20170721,sd1,114424.51729446204,50,314672.87393506075
99304.20003183823,13.2096,20170721,sd1,114424.51729446204,50,198608.40006367647
123326.03257734526,10.777600000000001,20170721,sd1,114424.51729446204,50,246652.06515469053
86418.54358025394,6.1184,20170721,sd1,113843.77559827153,50,172837.0871605079
113505.54237185542,6.8608,20170721,sd1,113843.77559827153,50,227011.08474371085
112527.41505870577,5.913600000000001,20170721,sd1,113843.77559827153,50,225054.83011741153
108080.256040097,12.2112,20170721,sd1,113843.77559827153,50,216160.512080194
107376.29392501978,6.0928,20170721,sd1,113843.77559827153,50,214752.58785003956
117564.04725320482,7.500800000000001,20170721,sd1,113843.77559827153,50,235128.09450640963
96591.68200106664,4.6848,20170721,sd1,113843.77559827153,50,193183.36400213328
140286.70970905357,6.630400000000001,20170721,sd1,114226.57010456268,50,280573.41941810714
147562.9378813514,7.680000000000001,20170721,sd1,114226.57010456268,50,295125.8757627028
116815.44258489396,11.776,20170721,sd1,114226.57010456268,50,233630.8851697879
150141.0064990442,10.24,20170721,sd1,114226.57010456268,50,300282.0129980884
110938.06398197217,10.7264,20170721,sd1,114226.57010456268,50,221876.12796394434
134716.52673147645,8.038400000000001,20170721,sd1,114226.57010456268,50,269433.0534629529
101340.46452182354,9.5488,20170721,sd1,112592.40286023542,50,202680.92904364708
115989.06323247019,8.0128,20170721,sd1,112592.40286023542,50,231978.12646494037
144499.16725907128,5.2992,20170721,sd1,112592.40286023542,50,288998.33451814257
97488.31161971553,10.1888,20170721,sd1,112592.40286023542,50,194976.62323943106
142291.25669659063,6.3232,20170721,sd1,112015.6712112401,50,284582.51339318126
150127.1187287884,7.1936,20170721,sd1,112015.6712112401,50,300254.2374575768
139261.71586630167,6.3744000000000005,20170721,sd1,112015.6712112401,50,278523.43173260335
150343.2618357658,9.4208,20170721,sd1,112015.6712112401,50,300686.5236715316
104492.77592004898,6.195200000000001,20170721,sd1,112015.6712112401,50,208985.55184009796
165307.3918802814,5.8112,20170721,sd1,112015.6712112401,50,330614.7837605628
77246.98454383963,6.9888,20170721,sd1,112015.6712112401,50,154493.96908767926
157249.82626630357,6.6048,20170721,sd1,113047.47464484858,50,314499.65253260714
116419.48204286376,13.9776,20170721,sd1,113047.47464484858,50,232838.96408572752
103836.91231909039,5.1968000000000005,20170721,sd1,113047.47464484858,50,207673.82463818078
164710.15075596466,6.016,20170721,sd1,113047.47464484858,50,329420.3015119293
96812.78758370446,5.8368,20170721,sd1,113047.47464484858,50,193625.5751674089
102428.00141623127,4.7104,20170721,sd1,113047.47464484858,50,204856.00283246255
107934.85349352114,15.923200000000001,20170721,sd1,113047.47464484858,50,215869.70698704227
181749.46310588781,5.8368,20170721,sd1,114340.91117883202,50,363498.92621177563
124067.17862747957,4.6080000000000005,20170721,sd1,114340.91117883202,50,248134.35725495915
144640.67051916633,6.016,20170721,sd1,114340.91117883202,50,289281.34103833267
99596.14641720353,7.6032,20170721,sd1,113581.56887787234,50,199192.29283440707
138318.1956434824,5.8624,20170721,sd1,113581.56887787234,50,276636.3912869648
117562.13285502887,7.4496,20170721,sd1,113581.56887787234,50,235124.26571005775
132442.4543817626,7.372800000000001,20170721,sd1,113581.56887787234,50,264884.9087635252
143856.303435395,7.526400000000001,20170721,sd1,112703.44754522761,50,287712.60687079
177715.19609297684,6.3232,20170721,sd1,112703.44754522761,50,355430.3921859537
176031.880278513,6.4,20170721,sd1,112703.44754522761,50,352063.760557026
146027.28749075916,6.5536,20170721,sd1,112703.44754522761,50,292054.5749815183
137492.06563919695,6.4,20170721,sd1,112703.44754522761,50,274984.1312783939
77033.90239708145,6.144,20170721,sd1,112703.44754522761,50,154067.8047941629
99895.01265296065,8.448,20170721,sd1,112703.44754522761,50,199790.0253059213
92874.61564865081,5.8624,20170721,sd1,112703.44754522761,50,185749.23129730162
103662.60479557379,6.2208000000000006,20170721,sd1,112703.44754522761,50,207325.20959114758
136166.0526755959,4.3264000000000005,20170721,sd1,110904.1530690446,50,272332.1053511918
141701.46613203507,6.8608,20170721,sd1,110904.1530690446,50,283402.93226407014
106309.00904075494,6.8608,20170721,sd1,110904.1530690446,50,212618.0180815099
94723.39510608524,6.4,20170721,sd1,110904.1530690446,50,189446.79021217048
148642.85854023107,6.3232,20170721,sd1,110904.1530690446,50,297285.71708046214
66423.6603333621,5.5040000000000004,20170721,sd1,110904.1530690446,50,132847.3206667242
96574.81568969185,6.1184,20170721,sd1,110904.1530690446,50,193149.6313793837
146029.1938639431,12.876800000000001,20170721,sd1,110904.1530690446,50,292058.3877278862
74903.46006894694,7.2704,20170721,sd1,114959.21699526333,50,149806.92013789387
134288.7469301042,9.0624,20170721,sd1,114959.21699526333,50,268577.4938602084
99318.85797970125,7.680000000000001,20170721,sd1,114959.21699526333,50,198637.7159594025
133122.56400999083,4.992,20170721,sd1,112978.80219218717,50,266245.12801998167
87725.42702315212,5.5552,20170721,sd1,112978.80219218717,50,175450.85404630424
91364.36739630919,6.016,20170721,sd1,112978.80219218717,50,182728.73479261837
93974.12775880366,6.5280000000000005,20170721,sd1,112978.80219218717,50,187948.25551760732
113908.69518949214,7.8592,20170721,sd1,112978.80219218717,50,227817.39037898427
144551.73067783963,12.5952,20170721,sd1,113888.96131293563,50,289103.46135567926
124028.64160122868,12.5184,20170721,sd1,113888.96131293563,50,248057.28320245736
117074.68000960274,6.2976,20170721,sd1,113888.96131293563,50,234149.3600192055
124133.98111064712,6.5536,20170721,sd1,113888.96131293563,50,248267.96222129423
98115.96261108678,5.1456,20170721,sd1,113888.96131293563,50,196231.92522217357
96063.01620448034,4.7872,20170721,sd1,113888.96131293563,50,192126.0324089607
126687.2079609076,7.7824,20170721,sd1,113888.96131293563,50,253374.4159218152
126766.51492298383,4.6336,20170721,sd1,115788.21070751245,50,253533.02984596766
143220.94039015422,6.8352,20170721,sd1,115788.21070751245,50,286441.88078030845
142239.9430469766,10.8032,20170721,sd1,115788.21070751245,50,284479.8860939532
153281.42804390512,13.5424,20170721,sd1,115788.21070751245,50,306562.85608781024
109971.68391099741,5.5296,20170721,sd1,115788.21070751245,50,219943.36782199482
102314.15124462638,6.2464,20170721,sd1,115788.21070751245,50,204628.30248925276
130131.61845058129,4.5056,20170721,sd1,112999.82687676449,50,260263.23690116257
156202.02749221155,4.3264000000000005,20170721,sd1,112999.82687676449,50,312404.0549844231
108593.41151015078,7.1424,20170721,sd1,114968.51386294908,50,217186.82302030156
124983.35357505291,6.348800000000001,20170721,sd1,114968.51386294908,50,249966.70715010582
134771.51899909566,5.6832,20170721,sd1,114968.51386294908,50,269543.0379981913
96414.38175839873,6.656000000000001,20170721,sd1,114561.54745723956,50,192828.76351679745
112177.76821100572,5.9648,20170721,sd1,114561.54745723956,50,224355.53642201144
68277.26948755642,5.8112,20170721,sd1,114561.54745723956,50,136554.53897511284
109609.81022794859,7.7824,20170721,sd1,114138.28208054282,50,219219.62045589718
146949.98202481092,8.4992,20170721,sd1,114138.28208054282,50,293899.96404962183
134851.28194903646,8.9856,20170721,sd1,114379.45459773178,50,269702.5638980729
167217.2748681514,20.5056,20170721,sd1,114379.45459773178,50,334434.5497363028
97207.29529543595,10.0352,20170721,sd1,113492.26627430906,50,194414.5905908719
122050.12335139899,9.6768,20170721,sd1,113492.26627430906,50,244100.24670279797
118665.24101321764,7.244800000000001,20170721,sd1,113492.26627430906,50,237330.4820264353
89217.53448074029,9.0112,20170721,sd1,114509.22246959648,50,178435.06896148057
141990.9638107248,6.6048,20170721,sd1,114509.22246959648,50,283981.9276214496
83004.5907656519,5.5808,20170721,sd1,114509.22246959648,50,166009.1815313038
90700.33543225628,5.5808,20170721,sd1,114509.22246959648,50,181400.67086451256
84072.42160967518,4.0192000000000005,20170725,10sd1,57979.94478716575,25,336289.6864387007
104312.16514797475,4.2496,20170725,10sd1,57979.94478716575,25,417248.660591899
92246.91351263184,3.3280000000000003,20170725,10sd1,56329.07703731901,25,368987.6540505274
74617.72826997418,9.4976,20170725,10sd1,56329.07703731901,25,298470.9130798967
85897.91617719749,6.502400000000001,20170725,10sd1,55616.991105216046,25,343591.66470878996
86801.7937894002,5.5040000000000004,20170725,10sd1,53736.943852625955,25,347207.1751576008
88278.20571282704,3.6864000000000003,20170725,10sd1,56299.42486168345,25,353112.82285130816
128873.45656380881,5.376,20170725,10sd1,56299.42486168345,25,515493.82625523524
130366.78733895136,7.961600000000001,20170725,10sd1,57435.10781909533,25,521467.1493558054
147975.2916509562,10.0608,20170725,10sd1,57435.10781909533,25,591901.1666038248
125404.89447900727,7.9104,20170725,10sd1,57435.10781909533,25,501619.5779160291
121335.10073300336,5.0688,20170725,10sd1,57435.10781909533,25,485340.40293201344
153946.1240758858,5.4272,20170725,10sd1,57435.10781909533,25,615784.4963035432
87690.45331997635,5.0944,20170725,10sd1,57435.10781909533,25,350761.8132799054
94862.19164309077,6.1184,20170725,10sd1,56545.62608328578,25,379448.7665723631
90879.49323065073,4.096,20170725,10sd1,56545.62608328578,25,363517.9729226029
101201.96416729162,33.536,20170725,10sd1,56545.62608328578,25,404807.8566691665
99271.07810498224,5.9392000000000005,20170725,10sd1,56545.62608328578,25,397084.31241992896
72970.8605241817,7.372800000000001,20170725,10sd1,56545.62608328578,25,291883.4420967268
90237.80054908284,7.9872000000000005,20170725,10sd1,57355.85185890324,25,360951.20219633135
105928.13484822575,11.648,20170725,10sd1,58109.2718336514,25,423712.539392903
101812.37452206534,3.9168000000000003,20170725,10sd1,58109.2718336514,25,407249.49808826135
110448.02110085156,4.6336,20170725,10sd1,60040.65505617897,25,441792.08440340625
82608.59430825432,5.2224,20170725,10sd1,56740.44766507084,25,330434.3772330173
178496.26494871458,4.1472,20170725,10sd1,112899.1830096832,50,356992.52989742917
226556.3948741827,4.3264000000000005,20170725,10sd1,112899.1830096832,50,453112.7897483654
247255.03919803526,4.0704,20170725,10sd1,112650.92276969994,50,494510.0783960705
202715.18401327627,3.2256,20170725,10sd1,113005.62939840791,50,405430.36802655255
163958.9159674667,9.3184,20170725,10sd1,113005.62939840791,50,327917.8319349334
189486.58701033445,5.4016,20170725,10sd1,114126.39537624238,50,378973.1740206689
184075.52936731544,3.6864000000000003,20170725,10sd1,113753.11284227404,50,368151.0587346309
264349.63897902623,5.0688,20170725,10sd1,113753.11284227404,50,528699.2779580525
267264.8975629535,8.448,20170725,10sd1,116426.43849044963,50,534529.795125907
280108.6496574244,4.9408,20170725,10sd1,116426.43849044963,50,560217.2993148488
267516.06581855135,12.7232,20170725,10sd1,116426.43849044963,50,535032.1316371027
249647.63016322628,5.1968000000000005,20170725,10sd1,116426.43849044963,50,499295.26032645255
303686.8530552996,5.2224,20170725,10sd1,116426.43849044963,50,607373.7061105992
193923.00660653028,5.1968000000000005,20170725,10sd1,116426.43849044963,50,387846.01321306056
187125.9926356899,8.1152,20170725,10sd1,113926.71620574268,50,374251.9852713798
208155.8348449574,5.7344,20170725,10sd1,113926.71620574268,50,416311.6696899148
236074.82275512168,5.8624,20170725,10sd1,114761.89053448079,50,472149.64551024337
203315.5626996447,3.8912,20170725,10sd1,114761.89053448079,50,406631.1253992894
213169.1315677018,32.870400000000004,20170725,10sd1,114761.89053448079,50,426338.2631354036
219956.30567695783,5.8368,20170725,10sd1,114761.89053448079,50,439912.61135391565
162372.62808309367,7.244800000000001,20170725,10sd1,114761.89053448079,50,324745.25616618735
180771.38579657034,6.1184,20170725,10sd1,114741.0638375772,50,361542.7715931407
204815.75725508493,7.654400000000001,20170725,10sd1,117274.37760219244,50,409631.51451016986
212323.62309740204,3.8656,20170725,10sd1,116390.36243625822,50,424647.2461948041
230626.82521135156,4.4032,20170725,10sd1,121916.24545312075,50,461253.6504227031
154364.4873268589,5.171200000000001,20170725,10sd1,113903.20129095584,50,308728.9746537178
