,parameter,median,hpd_min,hpd_max
0,n_sr__694,377.468977725874,294.9735994447891,472.36323193145716
1,n_sr__693,377.98952475206283,295.38038156214424,473.0146424848337
2,n_sr__692,377.98952475206283,295.38038156214424,473.0146424848337
3,n_sr__691,507.15383443829637,396.31599109882734,634.6503645544059
4,n_sr__690,643.7340653753415,503.04678146793265,805.5663420528798
5,n_sr__689,643.7340653753415,503.04678146793265,805.5663420528798
6,n_sr__688,347.75956993564415,271.75714598666843,435.1849928954693
7,n_sr__687,347.75956993564415,271.75714598666843,435.1849928954693
8,n_sr__686,430.95828221810325,336.7728825883419,539.2995425547482
9,n_sr__685,442.30001765886703,345.6358957744008,553.4925468137667
10,n_sr__684,539.8391319739727,421.857957278692,675.5526206116061
11,n_sr__683,480.46013401681375,375.4561658934198,601.2459701608124
12,n_sr__682,539.8391319739727,421.857957278692,675.5526206116061
13,n_sr__681,509.69758702743735,398.3038097053695,637.833606794549
14,n_sr__680,500.8318338448557,391.3756559169159,626.7390372432674
15,n_sr__679,436.18013677658683,340.85350729072917,545.8341513344732
16,n_sr__678,573.6288988308012,448.2630123754242,717.8370053439937
17,n_sr__677,484.10849815374354,378.3071845600107,605.8115190580108
18,n_sr__676,486.9443611808006,380.52327322950373,609.3603071805368
19,n_sr__675,477.23756564975434,372.9378858577587,597.213260458004
20,n_sr__674,717.2365055063182,560.4853542058352,897.5470139064772
21,n_sr__673,717.2365055063182,560.4853542058352,897.5470139064772
22,n_sr__672,439.4199327636575,343.38524987135264,549.8884196149321
23,n_sr__671,439.4199327636575,343.38524987135264,549.8884196149321
24,n_sr__670,605.9380349512408,473.5110267521682,758.26853444795
25,n_sr__669,533.3168037895981,416.7610758531082,667.3906041210058
26,n_sr__668,533.3168037895981,416.7610758531082,667.3906041210058
27,n_sr__667,533.3168037895981,416.7610758531082,667.3906041210058
28,n_sr__666,663.0087690525963,518.1090224927847,829.6866323568984
29,n_sr__665,663.0087690525963,518.1090224927847,829.6866323568984
30,n_sr__664,531.7738618164393,415.55534194008794,665.4597724497116
31,n_sr__663,398.57023847853895,311.46320575505086,498.7692687586632
32,n_sr__662,471.6827478653298,368.5970666306976,590.2619827735458
33,n_sr__661,621.1349906011925,485.3867065382949,777.2859465001358
34,n_sr__660,348.4992231410572,272.33514889873817,436.11059208171827
35,n_sr__659,359.49850606303255,280.93055214049247,449.8750525713057
36,n_sr__658,359.49850606303255,280.93055214049247,449.8750525713057
37,n_sr__657,536.1050895467548,418.9399852062005,670.8798542303363
38,n_sr__656,399.42360894735896,312.13007316323973,499.83717329247474
39,n_sr__655,741.1322507407426,579.1587138701958,927.4500579032233
40,n_sr__654,399.42360894735896,312.13007316323973,499.83717329247474
41,n_sr__653,486.0936533029519,379.85848650632215,608.2957346028612
42,n_sr__652,486.0936533029519,379.85848650632215,608.2957346028612
43,n_sr__651,486.0936533029519,379.85848650632215,608.2957346028612
44,n_sr__650,491.8025731200795,384.31972895741114,615.4398549803889
45,n_sr__649,618.6965973772825,483.4812211380065,774.2345505658124
46,n_sr__648,618.6965973772825,483.4812211380065,774.2345505658124
47,n_sr__647,557.3454334004218,435.5382781777389,697.4599391170468
48,n_sr__646,693.9284992699909,542.271283908371,868.3794642392153
49,n_sr__645,557.3454334004218,435.5382781777389,697.4599391170468
50,n_sr__644,459.0064152428386,358.69113082653433,574.3988687166694
51,n_sr__643,441.0704341459883,344.67503621768464,551.953850718601
52,n_sr__642,670.6570310388595,524.085766280252,839.2576380916092
53,n_sr__641,548.6935528701,428.77725543788165,686.6330089830543
54,n_sr__640,441.0704341459883,344.67503621768464,551.953850718601
55,n_sr__639,499.69790298091385,390.4895442410013,625.3200405063558
56,n_sr__638,444.7234324647163,347.5296762713727,556.5251988131395
57,n_sr__637,604.767435848709,472.59626063586137,756.803651217812
58,n_sr__636,466.1547122702246,364.2771763786003,583.3442202181491
59,n_sr__635,464.5259546692997,363.0043817371377,581.3059991991901
60,n_sr__634,740.398338388562,578.5851971549841,926.5316427987053
61,n_sr__633,740.398338388562,578.5851971549841,926.5316427987053
62,n_sr__632,740.398338388562,578.5851971549841,926.5316427987053
63,n_sr__631,691.0430457980397,540.0164427243889,864.7686188240233
64,n_sr__630,665.5872813846937,520.124004143446,832.9133728061472
65,n_sr__629,600.7002688220497,469.41796793317434,751.7140139896287
66,n_sr__628,462.45722343200623,361.38776915343686,578.7171968580473
67,n_sr__627,462.45722343200623,361.38776915343686,578.7171968580473
68,n_sr__626,461.8599053045119,360.9209941640268,577.9697152427518
69,n_sr__625,315.28047346129506,246.37631588117858,394.54077605606903
70,n_sr__624,106.46025001698533,83.19349403093949,133.22394882149575
71,n_sr__623,106.46025001698533,83.19349403093949,133.22394882149575
72,n_sr__622,200.10997487621052,156.37618733507924,250.41685556182384
73,n_sr__621,200.10997487621052,156.37618733507924,250.41685556182384
74,n_sr__620,278.8984350886626,217.945527002662,349.0124326846795
75,n_sr__619,142.8287206729083,111.61368040045492,178.7353136041985
76,n_sr__618,220.43497190880683,172.2591814013189,275.8514789450645
77,n_sr__617,296.69040859125704,231.849086698892,371.27724013126056
78,n_sr__616,270.51112890176637,211.39125621066327,338.516589869967
79,n_sr__615,270.51112890176637,211.39125621066327,338.516589869967
80,n_sr__614,230.9411360986932,180.4692364000619,288.9988525433825
81,n_sr__613,230.9411360986932,180.4692364000619,288.9988525433825
82,n_sr__612,385.6433771153205,301.36149395662744,482.59264399588824
83,n_sr__611,385.6433771153205,301.36149395662744,482.59264399588824
84,n_sr__610,370.53283968472283,289.5533457948849,463.68337537217116
85,n_sr__609,270.51112890176637,211.39125621066327,338.516589869967
86,n_sr__608,110.12011829611751,86.0535026236812,137.8038939581522
87,n_sr__607,306.460693682523,239.48408806598562,383.50373744610397
88,n_sr__606,324.2924480280596,253.41873455112807,405.8183264870676
89,n_sr__605,275.4316393794216,215.2363952084269,344.6740978219601
90,n_sr__604,275.4316393794216,215.2363952084269,344.6740978219601
91,n_sr__603,311.0161556579305,243.04395946022686,389.20442510157295
92,n_sr__602,514.6064195292465,402.13982293446645,643.9765009723286
93,n_sr__601,514.6064195292465,402.13982293446645,643.9765009723286
94,n_sr__600,253.86186854297023,198.38067111380246,317.68176927164865
95,n_sr__599,267.7218231768687,209.2115498025182,335.02606337691446
96,n_sr__598,253.86186854297023,198.38067111380246,317.68176927164865
97,n_sr__597,256.6573406326941,200.56519623536653,321.1800123300096
98,n_sr__596,267.7218231768687,209.2115498025182,335.02606337691446
99,n_sr__595,267.7218231768687,209.2115498025182,335.02606337691446
100,n_sr__594,267.7218231768687,209.2115498025182,335.02606337691446
101,n_sr__593,329.8425778934012,257.75589039802463,412.76373772755346
102,n_sr__592,329.8425778934012,257.75589039802463,412.76373772755346
103,n_sr__591,165.18251533786253,129.08208088543412,206.7087665684264
104,n_sr__590,182.09580610958864,142.29899287499495,227.87399381348757
105,n_sr__589,258.5483662709481,202.0429405589365,323.5464345656392
106,n_sr__588,320.61105332125607,250.54190410486174,401.2114432613314
107,n_sr__587,262.87087338503966,205.42076908871633,328.9556034005461
108,n_sr__586,262.87087338503966,205.42076908871633,328.9556034005461
109,n_sr__585,340.8006945746265,266.3191242300362,426.4766829412519
110,n_sr__584,340.8006945746265,266.3191242300362,426.4766829412519
111,n_sr__583,352.34217158389833,275.3382257118181,440.9196430335151
112,n_sr__582,408.62550933579047,319.3209096014045,511.35239616874367
113,n_sr__581,408.62550933579047,319.3209096014045,511.35239616874367
114,n_sr__580,267.0929689262477,208.7201308706913,334.2391175780126
115,n_sr__579,267.0929689262477,208.7201308706913,334.2391175780126
116,n_sr__578,280.79369239295164,219.42657816688808,351.3841504109659
117,n_sr__577,381.341261212453,297.9996001640756,477.2089926445497
118,n_sr__576,352.34217158389833,275.3382257118181,440.9196430335151
119,n_sr__575,544.2223914571762,425.2832608224444,681.0378147283631
120,n_sr__574,544.2223914571762,425.2832608224444,681.0378147283631
121,n_sr__573,260.6773840816489,203.70666415998042,326.2106792936725
122,n_sr__572,209.74709205631362,163.90712447331126,262.4767070630553
123,n_sr__571,260.6773840816489,203.70666415998042,326.2106792936725
124,n_sr__570,260.6773840816489,203.70666415998042,326.2106792936725
125,n_sr__569,275.37110948359316,215.18909404647687,344.5983509423246
126,n_sr__568,408.62550933579047,319.3209096014045,511.35239616874367
127,n_sr__567,280.79369239295164,219.42657816688808,351.3841504109659
128,n_sr__566,213.13663493452592,166.55588694720336,266.7183680291264
129,n_sr__565,359.1771549950872,280.67943195104453,449.47291507658025
130,n_sr__564,228.26999003200902,178.38186600295117,285.65619059372625
131,n_sr__563,263.322715736066,205.7738618527013,329.5210371867613
132,n_sr__562,282.03269175323686,220.39479574920443,352.9346294614865
133,n_sr__561,325.3238589915342,254.2247319240403,407.1090302134812
134,n_sr__560,343.2759522678389,268.25341741545,429.5742109311628
135,n_sr__559,424.07849798092207,331.39666668824043,530.6902069297528
136,n_sr__558,316.48665500059826,247.318887936704,396.0501870111995
137,n_sr__557,316.48665500059826,247.318887936704,396.0501870111995
138,n_sr__556,316.48665500059826,247.318887936704,396.0501870111995
139,n_sr__555,316.48665500059826,247.318887936704,396.0501870111995
140,n_sr__554,288.2512928149752,225.2543292391969,360.71656299497096
141,n_sr__553,313.37528748645536,244.88750594507232,392.15663362951096
142,n_sr__552,152.9927370848904,119.55636359503404,191.45452478465972
143,n_sr__551,178.60685476505614,139.57254753216242,223.50793347368446
144,n_sr__550,264.7236226785442,206.86860231534698,331.2741267650652
145,n_sr__549,264.7236226785442,206.86860231534698,331.2741267650652
146,n_sr__548,264.875260307761,206.9870997282227,331.4638855130577
147,n_sr__547,291.7436414104028,227.98342936794273,365.0868746415229
148,n_sr__546,264.875260307761,206.9870997282227,331.4638855130577
149,n_sr__545,264.875260307761,206.9870997282227,331.4638855130577
150,n_sr__544,317.26518061237164,247.92726773879602,397.02443097777433
151,n_sr__543,317.26518061237164,247.92726773879602,397.02443097777433
152,n_sr__542,271.81250175846674,212.40821563888787,340.14512287483103
153,n_sr__541,316.299803490734,247.17287259324874,395.8163617479354
154,n_sr__540,293.01079585691633,228.97364877721031,366.6725868590342
155,n_sr__539,293.01079585691633,228.97364877721031,366.6725868590342
156,n_sr__538,385.5687284606472,301.30315967311793,482.4992289555496
157,n_sr__537,385.5687284606472,301.30315967311793,482.4992289555496
158,n_sr__536,438.6752011928698,342.8032784643806,548.9564653817179
159,n_sr__535,296.16783581190333,231.44072155422097,370.6232945581379
160,n_sr__534,296.16783581190333,231.44072155422097,370.6232945581379
161,n_sr__533,271.81250175846674,212.40821563888787,340.14512287483103
162,n_sr__532,316.299803490734,247.17287259324874,395.8163617479354
163,n_sr__531,316.299803490734,247.17287259324874,395.8163617479354
164,n_sr__530,293.01079585691633,228.97364877721031,366.6725868590342
165,n_sr__529,293.01079585691633,228.97364877721031,366.6725868590342
166,n_sr__528,340.08476950988165,265.7596637028352,425.58077705928764
167,n_sr__527,219.75967127942508,171.73146688937103,275.006410325805
168,n_sr__526,294.1391299108626,229.85538681903262,368.08457976936944
169,n_sr__525,310.62075266188117,242.7349712999849,388.7096193078505
170,n_sr__524,294.1391299108626,229.85538681903262,368.08457976936944
171,n_sr__523,410.9735824732901,321.15581425847245,514.2907658931193
172,n_sr__522,302.26212941969305,236.20311483059933,378.24967022020724
173,n_sr__521,341.2231135374604,266.64922405093154,427.0052964122594
174,n_sr__520,213.29929994231964,166.68300171870513,266.92192639640336
175,n_sr__519,248.3894817817957,194.10426771179905,310.8336454537369
176,n_sr__518,302.26212941969305,236.20311483059933,378.24967022020724
177,n_sr__517,302.26212941969305,236.20311483059933,378.24967022020724
178,n_sr__516,302.26212941969305,236.20311483059933,378.24967022020724
179,n_sr__515,251.78315673267412,196.7562591989861,315.0804772797045
180,n_sr__514,420.5064481269374,328.60528391243184,526.2201574337281
181,n_sr__513,420.5064481269374,328.60528391243184,526.2201574337281
182,n_sr__512,399.09209341037683,311.8710099368929,499.42231602015596
183,n_sr__511,410.9735824732901,321.15581425847245,514.2907658931193
184,n_sr__510,399.09209341037683,311.8710099368929,499.42231602015596
185,n_sr__509,217.535579042756,169.9934472605794,272.22318982552423
186,n_sr__508,394.19264088469856,308.0423267017432,493.2911599085538
187,n_sr__507,375.14708900831164,293.15915663506235,469.45762928982913
188,n_sr__506,378.49294101154663,295.7737768206728,473.6446156624157
189,n_sr__505,237.5633807055059,185.6441976375228,297.2859040620544
190,n_sr__504,324.6083646403425,253.66560797847814,406.2136633248066
191,n_sr__503,287.84930907668416,224.9401985497921,360.2135220856305
192,n_sr__502,448.020341070642,350.1060495786292,560.6509376059273
193,n_sr__501,494.2583308724427,386.2387838899335,618.5129808190622
194,n_sr__500,541.8688213967978,423.44406058819504,678.092566175766
195,n_sr__499,494.2583308724427,386.2387838899335,618.5129808190622
196,n_sr__498,541.8688213967978,423.44406058819504,678.092566175766
197,n_sr__497,510.84923551157607,399.20376683749765,639.2747752934653
198,n_sr__496,452.4548425975248,353.57139628078386,566.2002558197397
199,n_sr__495,235.0220462284397,183.65826866765198,294.10568783809344
200,n_sr__494,235.0220462284397,183.65826866765198,294.10568783809344
201,n_sr__493,503.402854995345,393.38478357444563,629.9564032565645
202,n_sr__492,503.402854995345,393.38478357444563,629.9564032565645
203,n_sr__491,503.402854995345,393.38478357444563,629.9564032565645
204,n_sr__490,503.402854995345,393.38478357444563,629.9564032565645
205,n_sr__489,503.402854995345,393.38478357444563,629.9564032565645
206,n_sr__488,503.402854995345,393.38478357444563,629.9564032565645
207,n_sr__487,517.1886004227774,404.157671386997,647.2078322452943
208,n_sr__486,517.1886004227774,404.157671386997,647.2078322452943
209,n_sr__485,517.1886004227774,404.157671386997,647.2078322452943
210,n_sr__484,517.1886004227774,404.157671386997,647.2078322452943
211,n_sr__483,328.27552286105214,256.5313133050807,410.8027310664115
212,n_sr__482,328.27552286105214,256.5313133050807,410.8027310664115
213,n_sr__481,328.27552286105214,256.5313133050807,410.8027310664115
214,n_sr__480,328.27552286105214,256.5313133050807,410.8027310664115
215,n_sr__479,303.7635267354922,237.37638361974902,380.12851306651703
216,n_sr__478,282.5443946722731,220.79466662808784,353.57497253307037
217,n_sr__477,222.26291410803185,173.68762909344684,278.13895880688483
218,n_sr__476,222.26291410803185,173.68762909344684,278.13895880688483
219,n_sr__475,343.94127275076704,268.77333292960964,430.4067904334031
220,n_sr__474,371.77588423011184,290.524724492103,465.2389165518258
221,n_sr__473,371.77588423011184,290.524724492103,465.2389165518258
222,n_sr__472,307.39960535412126,240.21780175287086,384.6786879132029
223,n_sr__471,307.39960535412126,240.21780175287086,384.6786879132029
224,n_sr__470,287.4794833510296,224.65119777913048,359.75072359004525
225,n_sr__469,299.54497142960287,234.07978835904186,374.8494291259591
226,n_sr__468,417.31687033232834,326.1127844004103,522.2287320068351
227,n_sr__467,420.84908842101817,328.87304059397087,526.6489361844403
228,n_sr__466,299.54497142960287,234.07978835904186,374.8494291259591
229,n_sr__465,299.54497142960287,234.07978835904186,374.8494291259591
230,n_sr__464,417.31687033232834,326.1127844004103,522.2287320068351
231,n_sr__463,287.4794833510296,224.65119777913048,359.75072359004525
232,n_sr__462,267.63738515809086,209.14556560832312,334.92039796385706
233,n_sr__461,222.95412973975067,174.22778040365245,279.00394339906865
234,n_sr__460,396.8439696840146,310.1142108707618,496.60902260578314
235,n_sr__459,385.95406151726814,301.60427866674047,482.98143326566816
236,n_sr__458,308.8701693256567,241.3669757870153,386.5189460306816
237,n_sr__457,308.8701693256567,241.3669757870153,386.5189460306816
238,n_sr__456,127.26161173952069,99.4487438732333,159.2546931518757
239,n_sr__455,396.8439696840146,310.1142108707618,496.60902260578314
240,n_sr__454,244.68252204465364,191.20745944095933,306.19477024702303
241,n_sr__453,267.39050657952737,208.95264203779973,334.6114550568996
242,n_sr__452,189.57384962899658,148.14271923103598,237.23198881120342
243,n_sr__451,467.68489854478133,365.4729423351732,585.2590894571031
244,n_sr__450,206.05843121549282,161.02461589763124,257.8607310250602
245,n_sr__449,182.80698614532662,142.85474539341058,228.76396178433967
246,n_sr__448,197.40253474409047,154.2604548956503,247.02877535779209
247,n_sr__447,332.47074276218063,259.8096730848795,416.0526131708938
248,n_sr__446,925.6085914951719,723.3179784873145,1158.3030436469521
249,n_sr__445,282.1961397104042,220.52252235746238,353.1391676086085
250,n_sr__444,537.0243604086738,419.65835055807287,672.0302262634833
251,n_sr__443,605.1325537472569,472.88158246920835,757.2605583566002
252,n_sr__442,605.1325537472569,472.88158246920835,757.2605583566002
253,n_sr__441,507.1002335506372,396.27410461888,634.583288609035
254,n_sr__440,546.7693449521878,427.2735807808375,684.225062569844
255,n_sr__439,873.4647291967508,682.5700928099681,1093.0504142280688
256,n_sr__438,873.4647291967508,682.5700928099681,1093.0504142280688
257,n_sr__437,352.1237787152478,275.16756233453344,440.6463470347603
258,n_sr__436,932.9391085465599,729.0464201024811,1167.4764245880392
259,n_sr__435,600.8238959571986,469.5145765108212,751.8687205127056
260,n_sr__434,600.8238959571986,469.5145765108212,751.8687205127056
261,n_sr__433,600.8238959571986,469.5145765108212,751.8687205127056
262,n_sr__432,600.8238959571986,469.5145765108212,751.8687205127056
263,n_sr__431,481.6063474059457,376.3518757638336,602.6803372026696
264,n_sr__430,495.410960222274,387.13950752077005,619.9553767695468
265,n_sr__429,358.98621253163634,280.5302197268499,449.233970409678
266,n_sr__428,294.79015918709536,230.3641344520468,368.89927531032754
267,n_sr__427,355.54308179522224,277.83958095489595,444.9252498032493
268,n_sr__426,260.06294251554357,203.22650803829188,325.44176947293124
269,n_sr__425,260.06294251554357,203.22650803829188,325.44176947293124
270,n_sr__424,198.3462053012323,154.99788741952872,248.20968107601985
271,n_sr__423,345.5337918904215,270.01780898069785,432.399662780826
272,n_sr__422,345.5337918904215,270.01780898069785,432.399662780826
273,n_sr__421,345.5337918904215,270.01780898069785,432.399662780826
274,n_sr__420,261.4249700353245,204.2908661279901,327.146205490692
275,n_sr__419,278.85924157881357,217.9148991859214,348.9633860766786
276,n_sr__418,226.65476593594246,177.1196471355965,283.6349053508748
277,n_sr__417,226.65476593594246,177.1196471355965,283.6349053508748
278,n_sr__416,200.26850543988945,156.5000712401146,250.6152401015824
279,n_sr__415,600.1931252588297,469.0216599685317,751.0793764784373
280,n_sr__414,428.24279032116476,334.65085808733807,535.9013864030838
281,n_sr__413,428.24279032116476,334.65085808733807,535.9013864030838
282,n_sr__412,378.3922128965245,295.69506271062215,473.5185648853561
283,n_sr__411,378.3922128965245,295.69506271062215,473.5185648853561
284,n_sr__410,301.69477539757787,235.75975532839325,377.53968557153433
285,n_sr__409,4.379145382651689,3.4220885747884715,5.4800457470952555
286,n_sr__408,63.75351355028122,49.820262005307406,79.78090249701741
287,n_sr__407,87.1609558325586,68.11203672384802,109.07288605105472
288,n_sr__406,48.249856237480564,37.704909825461606,60.379685159494436
289,n_sr__405,91.08732034644159,71.18029912880105,113.98632355442928
290,n_sr__404,91.08732034644159,71.18029912880105,113.98632355442928
291,n_sr__403,75.7319050012231,59.18079081784729,94.77061564694442
292,n_sr__402,75.7319050012231,59.18079081784729,94.77061564694442
293,n_sr__401,81.11857253878553,63.39020882655343,101.51147075697969
294,n_sr__400,81.11857253878553,63.39020882655343,101.51147075697969
295,n_sr__399,81.11857253878553,63.39020882655343,101.51147075697969
296,n_sr__398,81.11857253878553,63.39020882655343,101.51147075697969
297,n_sr__397,69.02602223075857,53.940470433968684,86.37889965085405
298,n_sr__396,66.91168354337167,52.28821785199143,83.73302432147241
299,n_sr__395,68.58585471742508,53.59650098633653,85.82807571177942
300,n_sr__394,77.40583589267213,60.48888618305403,96.86536634852123
301,n_sr__393,77.40583589267213,60.48888618305403,96.86536634852123
302,n_sr__392,85.65453593370759,66.93484303096119,107.1877579635649
303,n_sr__391,12.077230940291138,9.437767053722727,15.11340050805841
304,n_sr__390,91.03415656179622,71.13875422354438,113.9197945980947
305,n_sr__389,80.49212181512866,62.900668133845,100.72753272250827
306,n_sr__388,82.90624649985716,64.7871888541783,103.74855909991831
307,n_sr__387,69.42567125284468,54.25277665650796,86.87901890528437
308,n_sr__386,69.42567125284468,54.25277665650796,86.87901890528437
309,n_sr__385,82.90624649985716,64.7871888541783,103.74855909991831
310,n_sr__384,82.90624649985716,64.7871888541783,103.74855909991831
311,n_sr__383,63.23082955015198,49.41180994702386,79.12681774264267
312,n_sr__382,49.758828018819536,38.884097690074455,62.26800666294866
313,n_sr__381,49.758828018819536,38.884097690074455,62.26800666294866
314,n_sr__380,57.904314724999324,45.24939834981879,72.46123750635861
315,n_sr__379,62.38709210859099,48.752470279899406,78.07096794222076
316,n_sr__378,79.85384919310191,62.40188920403579,99.92880080972877
317,n_sr__377,101.51012968418341,79.32521637525406,127.02938721026308
318,n_sr__376,117.67541384051745,91.95759767018671,147.25856184384492
319,n_sr__375,100.5203192905332,78.55172781907687,125.79074227747736
320,n_sr__374,100.5203192905332,78.55172781907687,125.79074227747736
321,n_sr__373,82.92423537891807,64.80124628596656,103.77107031422585
322,n_sr__372,129.32247447634074,101.05920760750851,161.8336488816851
323,n_sr__371,165.93521510865975,129.67027905215755,207.6506921765913
324,n_sr__370,149.06891376080915,116.49008700599416,186.54426731646302
325,n_sr__369,100.41935581117541,78.4728297832752,125.6643969663903
326,n_sr__368,149.06891376080915,116.49008700599416,186.54426731646302
327,n_sr__367,114.00931854938776,89.09272297121885,142.67082424824227
328,n_sr__366,114.00931854938776,89.09272297121885,142.67082424824227
329,n_sr__365,165.93521510865975,129.67027905215755,207.6506921765913
330,n_sr__364,162.92034406989785,127.31430435054571,203.87789411433482
331,n_sr__363,110.54608089169979,86.38637162077002,138.3369419175988
332,n_sr__362,101.99046680972323,79.70057641602101,127.63047924808724
333,n_sr__361,177.29570546749662,138.54794829213816,221.86716626820117
334,n_sr__360,95.43851428939784,74.58054501647307,119.4313909770243
335,n_sr__359,127.86279943933624,99.91854274471912,160.00701713514232
336,n_sr__358,127.86279943933624,99.91854274471912,160.00701713514232
337,n_sr__357,98.52150000317098,76.9897480151072,123.28942748251423
338,n_sr__356,98.52150000317098,76.9897480151072,123.28942748251423
339,n_sr__355,172.95467933811798,135.1556480549605,216.4348228085452
340,n_sr__354,121.84975521895257,95.21964190260714,152.48231664505354
341,n_sr__353,55.09896404695228,43.05715359319309,68.95063242043351
342,n_sr__352,67.94088466841461,53.092488343928444,85.02096266454294
343,n_sr__351,70.52502348653931,55.11186681905389,88.25474407684055
344,n_sr__350,86.9120102463075,67.91749788761098,108.76135649859962
345,n_sr__349,70.19512631344233,54.85406826516653,87.84191201888449
346,n_sr__348,73.0785704969671,57.10733928822296,91.45024301824112
347,n_sr__347,73.70158452954917,57.59419437444092,92.22988039067393
348,n_sr__346,119.00306766824474,92.995094395721,148.91998275512017
349,n_sr__345,75.32596398038689,58.863567705103684,94.26262260939473
350,n_sr__344,57.8545693843419,45.210524791843966,72.39898637772801
351,n_sr__343,335.9828847558112,262.5542407891287,420.4476942000911
352,n_sr__342,58.01211722767522,45.333640748849966,72.59614114501278
353,n_sr__341,71.51859013160774,55.888290702547074,89.49808956825376
354,n_sr__340,50.07558410643314,39.13162712645979,62.66439401689908
355,n_sr__339,69.59120883393838,54.38213620396738,87.08617199977871
356,n_sr__338,59.61796823110841,46.588535001375035,74.60569693566889
357,n_sr__337,67.33900507182413,52.62214878885218,84.26777284430409
358,n_sr__336,56.98446313335518,44.530579185984536,71.31013875025933
359,n_sr__335,55.52745392959943,43.391997541884145,69.48684301722625
360,n_sr__334,61.74368294223444,48.2496773911715,77.26580817755469
361,n_sr__333,56.002365126567184,43.76311748405842,70.0811450688323
362,n_sr__332,48.565179301347406,37.95131942366787,60.77427923302079
363,n_sr__331,89.51515933400191,69.95173196140092,112.0189272893726
364,n_sr__330,86.57769361349541,67.65624574146383,108.3429939456953
365,n_sr__329,85.51162300636041,66.82316354715097,107.00891727405123
366,n_sr__328,67.83005567789914,53.00588089223231,84.8822716906065
367,n_sr__327,69.41198429958203,54.24208096995475,86.86189110443199
368,n_sr__326,76.31231538038422,59.63435322641323,95.49693897078116
369,n_sr__325,68.75561865119295,53.72916322231975,86.04051764781109
370,n_sr__324,67.59345342672921,52.82098777045896,84.58618854036136
371,n_sr__323,71.46883578545999,55.84941010722068,89.43582717018705
372,n_sr__322,38.64408901501356,30.198471150393647,48.35906487508811
373,n_sr__321,73.70920878942492,57.60015236174946,92.23942136025957
374,n_sr__320,57.776594640128145,45.149591331549864,72.30140908168705
375,n_sr__319,52.41492961520683,40.95971156726674,65.59184202013914
376,n_sr__318,64.27059784865034,50.22433816972558,80.42797980607251
377,n_sr__317,70.47450413739486,55.0723884111897,88.19152435695598
378,n_sr__316,57.66677594241464,45.063773374413216,72.16398238429066
379,n_sr__315,82.72793532894917,64.6478473691619,103.52542118409004
380,n_sr__314,49.584516270221364,38.747881558568004,62.04987360886959
381,n_sr__313,82.9336683749476,64.80861771237925,103.78287472930162
382,n_sr__312,77.51708598293591,60.575822703669225,97.00458428506869
383,n_sr__311,84.02052298644382,65.65794159260294,105.14296042434064
384,n_sr__310,59.560486540195534,46.54361586292585,74.53376456798115
385,n_sr__309,53.97215060238511,42.176603833450606,67.54054239484707
386,n_sr__308,64.07029568972122,50.067811799924705,80.17732245212352
387,n_sr__307,66.40102997753942,51.889166991466844,83.0939944064657
388,n_sr__306,72.16048222031077,56.38989806906653,90.30135086775898
389,n_sr__305,55.76672893241486,43.57897928873615,69.78627083863621
390,n_sr__304,75.71009863946216,59.163750209482146,94.74332724941804
391,n_sr__303,69.55283001156133,54.35214502575928,87.03814488855767
392,n_sr__302,60.53703888346461,47.306743899237006,75.75581842733651
393,n_sr__301,83.25476159090003,65.05953640306852,104.18468954903156
394,n_sr__300,79.32272363677536,61.98684048122251,99.26415232428423
395,n_sr__299,131.49974555847194,102.76063878718463,164.55827756863715
396,n_sr__298,53.62936162440397,41.908730962693724,67.11157758167178
397,n_sr__297,60.17764367381911,47.025894068209716,75.30607263950616
398,n_sr__296,71.10060703416909,55.56165729415054,88.97502712219965
399,n_sr__295,59.36331812360757,46.38953835995282,74.28702876718657
400,n_sr__294,59.168748417554646,46.237491622541135,74.04354498279503
401,n_sr__293,71.83668369165886,56.1368653084227,89.8961506300861
402,n_sr__292,65.3215867470166,51.045634744070156,81.7431832851698
403,n_sr__291,63.898790413419405,49.93378878966488,79.9627014067192
404,n_sr__290,44.25327979299968,34.581780220514524,55.37838471528389
405,n_sr__289,84.04034508916827,65.67343159929015,105.1677657277142
406,n_sr__288,68.12894161117958,53.23944567441469,85.25629640191862
407,n_sr__287,75.22945201152844,58.78814830768672,94.14184790148441
408,n_sr__286,61.394488347659085,47.9767988434055,76.82882740032538
409,n_sr__285,66.77490719431347,52.18133380487402,83.56186292250881
410,n_sr__284,87.27777152922327,68.20332249446795,109.21906876611992
411,n_sr__283,39.07871398747585,30.538109372607746,48.902952899760415
412,n_sr__282,61.43875628289326,48.01139207613864,76.88422412480357
413,n_sr__281,60.10276989322431,46.967383859770486,75.21237587745233
414,n_sr__280,69.50206820928696,54.312477152596855,86.97462176375556
415,n_sr__279,50.02877743782672,39.09504999739335,62.60582033120953
416,n_sr__278,58.03151931550077,45.348802534375025,72.62042084335172
417,n_sr__277,59.537823360417406,46.525905693061574,74.50540395167215
418,n_sr__276,70.57456885436643,55.15058410801319,88.31674496023773
419,n_sr__275,92.81244638256176,72.52840100312206,116.14513966382256
420,n_sr__274,62.096752816646784,48.52558428115852,77.7076384651185
421,n_sr__273,73.83978004826487,57.70218743344224,92.40281773310744
422,n_sr__272,139.53598949885154,109.04057155249826,174.61480243363957
423,n_sr__271,67.66994166885024,52.88075960185442,84.68190563338109
424,n_sr__270,72.71154660600928,56.82052801475007,90.99095072785634
425,n_sr__269,66.88235101046702,52.26529590787872,83.69631770222372
426,n_sr__268,66.0160999501723,51.5883629455531,82.6122944456105
427,n_sr__267,66.48369716902457,51.953767370484115,83.19744381303646
428,n_sr__266,76.47621005287131,59.76242892091031,95.70203613574229
429,n_sr__265,71.13552742545296,55.58894587710397,89.01872636600649
430,n_sr__264,57.36089996746401,44.82474621552337,71.78121036162452
431,n_sr__263,57.942773982005455,45.27945238376728,72.50936527316622
432,n_sr__262,50.12853332407397,39.173004358065405,62.7306544649066
433,n_sr__261,74.60172736345099,58.297612105164426,93.35631568287586
434,n_sr__260,39.124592561169976,30.573961240757235,48.96036517103401
435,n_sr__259,74.75848271057271,58.42010876502582,93.552478723439
436,n_sr__258,57.6918198629095,45.083343977054746,72.1953222504075
437,n_sr__257,68.69248788893097,53.67982961007882,85.96151605388935
438,n_sr__256,50.877243426817245,39.75808479375422,63.667587417760785
439,n_sr__255,66.27776470630417,51.79284119282276,82.93974071850333
440,n_sr__254,53.320494822628795,41.667366618483186,66.72506284978083
441,n_sr__253,43.630050295329674,34.09475675883713,54.598477710665854
442,n_sr__252,74.87650726170455,58.51233919646408,93.700174194351
443,n_sr__251,74.60492235125571,58.300108832335546,93.3603138783687
444,n_sr__250,87.85568496244393,68.65493366154084,109.94226742137724
445,n_sr__249,80.13564057816784,62.622095430375786,100.28143346892666
446,n_sr__248,65.09772234643178,50.87069563138894,81.4630402323242
447,n_sr__247,50.507965864169215,39.469512385752026,63.205474891261005
448,n_sr__246,74.0262983504218,57.84794239132256,92.63622602152364
449,n_sr__245,68.95048932743904,53.88144515326109,86.28437806514883
450,n_sr__244,76.74038041713558,59.96886517875362,96.0326179170483
451,n_sr__243,76.74038041713558,59.96886517875362,96.0326179170483
452,n_sr__242,69.51707242138798,54.32420221269832,86.9933979772694
453,n_sr__241,69.51707242138798,54.32420221269832,86.9933979772694
454,n_sr__240,96.17787764813788,75.15832142750179,120.35662745025772
455,n_sr__239,81.82969281444913,63.94591464538497,102.4013639443038
456,n_sr__238,81.82969281444913,63.94591464538497,102.4013639443038
457,n_sr__237,139.83154566439345,109.27153428356358,174.9846602863663
458,n_sr__236,78.42064756420412,61.28191201875003,98.13529778462126
459,n_sr__235,54.93784099701683,42.93124378656655,68.7490036533102
460,n_sr__234,44.89386219255656,35.082364128831074,56.180007074811506
461,n_sr__233,81.08978870812537,63.36771566648823,101.47545078161669
462,n_sr__232,79.93662165936874,62.46657185016142,100.03238195675785
463,n_sr__231,77.15212877664334,60.2906264434838,96.54787823595272
464,n_sr__230,61.620728563658076,48.15359453998021,77.11194353947405
465,n_sr__229,55.244057549700564,43.17053709034711,69.13220187364618
466,n_sr__228,62.73620861468768,49.02528780532719,78.50785099982717
467,n_sr__227,49.80618998449313,38.921108756720756,62.327275245259685
468,n_sr__226,66.91537517900417,52.29110268522176,83.73764402015333
469,n_sr__225,56.379226626534646,44.05761636925765,70.55274810542527
470,n_sr__224,80.51241024154163,62.91652254975533,100.7529215815583
471,n_sr__223,55.640388539799936,43.48025043268708,69.62816895556594
472,n_sr__222,75.14056465826712,58.7186871755572,94.03061460830808
473,n_sr__221,82.27574433170372,64.29448215515778,102.9595511033326
474,n_sr__220,73.97281960662056,57.806151360844034,92.56930292650856
475,n_sr__219,85.42445344325607,66.75504478426393,106.89983361689328
476,n_sr__218,59.22541612385295,46.28177467170665,74.114458733256
477,n_sr__217,40.6469246358841,31.763589523150237,50.865405694409425
478,n_sr__216,53.55274563633139,41.84885930406645,67.0157006278579
479,n_sr__215,69.16656599142364,54.05029852954529,86.55477557426242
480,n_sr__214,79.2181649822735,61.9051329913585,99.13330802480176
481,n_sr__213,69.23916930234742,54.107034476652316,86.6456310792724
482,n_sr__212,45.79610150833357,35.78742015790858,57.30906589639647
483,n_sr__211,43.35710371724645,33.88146231785177,54.256913409024975
484,n_sr__210,86.50368967898157,67.59841527532025,108.25038570569315
485,n_sr__209,52.63879841853529,41.134654120477435,65.8719905825613
486,n_sr__208,78.91866759411084,61.67109038700223,98.75851814119363
487,n_sr__207,72.98797645566162,57.03654446261074,91.33687398218788
488,n_sr__206,63.68731494433847,49.768531022828256,79.69806181527221
489,n_sr__205,80.07950791757767,62.578230493340556,100.21118927261404
490,n_sr__204,89.30234405595495,69.78542719919092,111.75261106612083
491,n_sr__203,66.49275178330646,51.960843110012206,83.20877472264355
492,n_sr__202,52.47445935718499,41.006231157753646,65.66633731108003
493,n_sr__201,77.9676009836555,60.927878208115594,97.5683570301976
494,n_sr__200,49.72630487044344,38.85868243555587,62.22730731972826
495,n_sr__199,68.53789196982277,53.55902043790907,85.76805531326552
496,n_sr__198,55.28979666271483,43.20627997677585,69.18943962435954
497,n_sr__197,59.82380114784935,46.74938338870765,74.86327545874488
498,n_sr__196,70.98606901351337,55.472151416264495,88.831694682162
499,n_sr__195,62.28827740975669,48.675251411295136,77.94731160684475
500,n_sr__194,96.94377631265962,75.75683388604881,121.31507010343977
501,n_sr__193,74.2260424419882,58.00403265869269,92.88618501211393
502,n_sr__192,63.29476568557371,49.46177291911644,79.20682717744965
503,n_sr__191,130.2669486709097,101.7972681348482,163.01556026870892
504,n_sr__190,53.474420409787434,41.78765195892198,66.91768473957228
505,n_sr__189,68.39601318491586,53.44814908598771,85.59050874563789
506,n_sr__188,61.30517961562352,47.90700842431173,76.71706679536605
507,n_sr__187,52.88108055375987,41.32398579466939,66.17518151794206
508,n_sr__186,43.899311298399,34.30517110267004,54.935429897860686
509,n_sr__185,63.88793838662369,49.92530845990509,79.9491212219816
510,n_sr__184,50.217497486749885,39.24252551300696,62.84198387708996
511,n_sr__183,80.90804500368525,63.22569182389825,101.24801740648277
512,n_sr__182,92.39801334689103,72.2045417948843,115.62651975145785
513,n_sr__181,57.62272617107079,45.02935062612196,72.10885866926861
514,n_sr__180,74.47386192308251,58.19769149866236,93.19630536089208
515,n_sr__179,39.47985337423373,30.85158024246285,49.40493719082861
516,n_sr__178,47.122469884767135,36.82391236593972,58.96887819884965
517,n_sr__177,65.10118053521505,50.87339803729022,81.46736779651273
518,n_sr__176,57.036010100882386,44.57086062750475,71.37464442784933
519,n_sr__175,58.65371749383028,45.835020070278425,73.39903725890001
520,n_sr__174,72.78703011056447,56.879514692732194,91.08541049613726
521,n_sr__173,68.2082927853285,53.30145474758379,85.35559615710473
522,n_sr__172,216.50381725267647,169.18717573378285,270.93204707604167
523,n_sr__171,216.50381725267647,169.18717573378285,270.93204707604167
524,n_sr__170,379.4651671109459,296.5335241083618,474.86125567677436
525,n_sr__169,216.50381725267647,169.18717573378285,270.93204707604167
526,n_sr__168,307.1228905964779,240.0015626633083,384.33240812610336
527,n_sr__167,304.3793935924205,237.85765353671374,380.899206490731
528,n_sr__166,304.3793935924205,237.85765353671374,380.899206490731
529,n_sr__165,304.3793935924205,237.85765353671374,380.899206490731
530,n_sr__164,337.2636046170198,263.5550609084857,422.05038212555735
531,n_sr__163,365.61036199701033,285.7066695183892,457.5234056610525
532,n_sr__162,337.2636046170198,263.5550609084857,422.05038212555735
533,n_sr__161,402.40249606849915,314.45792818792614,503.56494121814166
534,n_sr__160,298.15820767608443,232.99610010889918,373.1140382801103
535,n_sr__159,373.6683188600203,292.00356987394383,467.60710199421135
536,n_sr__158,213.5459059494981,166.87571228798262,267.2305282085744
537,n_sr__157,318.3885875132042,248.8051554507244,398.43025806758834
538,n_sr__156,405.4155520626882,316.812484520712,507.33546794057656
539,n_sr__155,405.4155520626882,316.812484520712,507.33546794057656
540,n_sr__154,405.4155520626882,316.812484520712,507.33546794057656
541,n_sr__153,507.1216647667482,396.2908520692131,634.6101075507331
542,n_sr__152,409.9060590278155,320.3215967418425,512.9548711451457
543,n_sr__151,409.9060590278155,320.3215967418425,512.9548711451457
544,n_sr__150,409.9060590278155,320.3215967418425,512.9548711451457
545,n_sr__149,360.20371858482116,281.4816413377526,450.7575528180745
546,n_sr__148,360.20371858482116,281.4816413377526,450.7575528180745
547,n_sr__147,290.1310477411033,226.72326605083808,363.06888110464564
548,n_sr__146,290.1310477411033,226.72326605083808,363.06888110464564
549,n_sr__145,286.44935975758074,223.8462064231169,358.46163087354734
550,n_sr__144,367.68900701600944,287.33102923906375,460.1246140706232
551,n_sr__143,339.2930034320896,265.14093712219886,424.5899640242859
552,n_sr__142,389.7329065449594,304.55726178677736,487.7102654494474
553,n_sr__141,389.7329065449594,304.55726178677736,487.7102654494474
554,n_sr__140,301.94047787065483,235.95175982982968,377.8471567045937
555,n_sr__139,301.94047787065483,235.95175982982968,377.8471567045937
556,n_sr__138,315.0607681171466,246.20462686829293,394.2658376305066
557,n_sr__137,433.2393764006701,338.5554464582473,542.1540950716436
558,n_sr__136,317.96599851926186,248.47492275880902,397.90143182030334
559,n_sr__135,317.96599851926186,248.47492275880902,397.90143182030334
560,n_sr__134,367.8597075381025,287.46442337315204,460.33822804969526
561,n_sr__133,367.8597075381025,287.46442337315204,460.33822804969526
562,n_sr__132,409.9060590278155,320.3215967418425,512.9548711451457
563,n_sr__131,286.44935975758074,223.8462064231169,358.46163087354734
564,n_sr__130,433.2393764006701,338.5554464582473,542.1540950716436
565,n_sr__129,507.1216647667482,396.2908520692131,634.6101075507331
566,n_sr__128,318.3885875132042,248.8051554507244,398.43025806758834
567,n_sr__127,301.94047787065483,235.95175982982968,377.8471567045937
568,n_sr__126,346.24823416865667,270.5761107825471,433.2937131094354
569,n_sr__125,360.20371858482116,281.4816413377526,450.7575528180745
570,n_sr__124,447.17382887782753,349.44454157870643,559.5916154924223
571,n_sr__123,447.17382887782753,349.44454157870643,559.5916154924223
572,n_sr__122,243.0260466431747,189.91300468997625,304.12186327868983
573,n_sr__121,243.0260466431747,189.91300468997625,304.12186327868983
574,n_sr__120,310.60854563803065,242.72543210610093,388.694343484992
575,n_sr__119,310.60854563803065,242.72543210610093,388.694343484992
576,n_sr__118,308.717903337067,241.2479873419306,386.32840095617826
577,n_sr__117,270.7712973316191,211.59456515191158,338.84216364588934
578,n_sr__116,270.7712973316191,211.59456515191158,338.84216364588934
579,n_sr__115,308.717903337067,241.2479873419306,386.32840095617826
580,n_sr__114,351.9089518924166,274.99968564816425,440.37751357207566
581,n_sr__113,351.9089518924166,274.99968564816425,440.37751357207566
582,n_sr__112,313.20454087328585,244.7540757930554,391.94296197224253
583,n_sr__111,364.64591509669884,284.9530012954476,456.3165005066156
584,n_sr__110,398.3788962981506,311.3136811715612,498.52982388751747
585,n_sr__109,391.3360267842321,305.81002208027235,489.7164039722999
586,n_sr__108,391.3360267842321,305.81002208027235,489.7164039722999
587,n_sr__107,310.50004728612555,242.6406459348291,388.55856906327966
588,n_sr__106,200.40954969717808,156.6102904493967,250.79174234454723
589,n_sr__105,200.40954969717808,156.6102904493967,250.79174234454723
590,n_sr__104,204.2575510943217,159.61731589986522,255.6071165439909
591,n_sr__103,265.0405872229307,207.1162946505353,331.6707749810222
592,n_sr__102,373.26173056611685,291.6858409488613,467.09829896162626
593,n_sr__101,373.26173056611685,291.6858409488613,467.09829896162626
594,n_sr__100,360.6548016247364,281.83414073713084,451.32203640527536
595,n_sr__99,378.28788773681913,295.61353768555574,473.38801278036715
596,n_sr__98,270.58949076617523,211.45249218651253,338.6146516067363
597,n_sr__97,388.0724554988943,303.25970026341605,485.6323833747175
598,n_sr__96,259.35515941855897,202.673410061866,324.55605241821496
599,n_sr__95,293.8112061550613,229.59913039453141,367.67421723825333
600,n_sr__94,398.3788962981506,311.3136811715612,498.52982388751747
601,n_sr__93,204.2575510943217,159.61731589986522,255.6071165439909
602,n_sr__92,249.89237101496792,195.2787023616249,312.71435527972886
603,n_sr__91,403.82637476851613,315.5706199589086,505.34677756578134
604,n_sr__90,403.82637476851613,315.5706199589086,505.34677756578134
605,n_sr__89,305.5402012413936,238.76476810952855,382.3518367334152
606,n_sr__88,378.28788773681913,295.61353768555574,473.38801278036715
607,n_sr__87,378.28788773681913,295.61353768555574,473.38801278036715
608,n_sr__86,378.28788773681913,295.61353768555574,473.38801278036715
609,n_sr__85,388.0724554988943,303.25970026341605,485.6323833747175
610,n_sr__84,259.35515941855897,202.673410061866,324.55605241821496
611,n_sr__83,293.8112061550613,229.59913039453141,367.67421723825333
612,n_sr__82,344.77884901888063,269.42785794012434,431.454930164988
613,n_sr__81,344.77884901888063,269.42785794012434,431.454930164988
614,n_sr__80,310.50004728612555,242.6406459348291,388.55856906327966
615,n_sr__79,318.57555829224947,248.95126399722864,398.6642325838485
616,n_sr__78,318.57555829224947,248.95126399722864,398.6642325838485
617,n_sr__77,309.87769553148496,242.15430838652756,387.77976046292434
618,n_sr__76,494.6243495380095,386.5248096287814,618.9710151742455
619,n_sr__75,342.98529998363125,268.0262868285178,429.2104897767417
620,n_sr__74,357.1029845865079,279.05856892021603,446.877306177338
621,n_sr__73,377.2788898057902,294.82505500456546,472.12535663684923
622,n_sr__72,323.49431699001883,252.79503406443416,404.81954836520674
623,n_sr__71,323.49431699001883,252.79503406443416,404.81954836520674
624,n_sr__70,194.0391455947601,151.6321302855362,242.8198430677996
625,n_sr__69,280.27895227612146,219.0243338660325,350.7400066017037
626,n_sr__68,377.2788898057902,294.82505500456546,472.12535663684923
627,n_sr__67,279.8051625986347,218.6540903366436,350.14710801527747
628,n_sr__66,273.53088631243736,213.75104937364625,342.2955027193016
629,n_sr__65,310.77103107646235,242.85240655290264,388.89767713985765
630,n_sr__64,310.77103107646235,242.85240655290264,388.89767713985765
631,n_sr__63,273.53088631243736,213.75104937364625,342.2955027193016
632,n_sr__62,368.30147015823854,287.80963931896764,460.8910480993087
633,n_sr__61,368.30147015823854,287.80963931896764,460.8910480993087
634,n_sr__60,322.60265847825826,252.09824641774017,403.7037303212129
635,n_sr__59,201.07308859626946,157.1288137426638,251.6220923796027
636,n_sr__58,201.07308859626946,157.1288137426638,251.6220923796027
637,n_sr__57,292.3351030733345,228.4456278158779,365.82702749951187
638,n_sr__56,292.3351030733345,228.4456278158779,365.82702749951187
639,n_sr__55,292.3351030733345,228.4456278158779,365.82702749951187
640,n_sr__54,365.99343253532237,286.0060204642812,458.00277866443133
641,n_sr__53,403.76730054729416,315.5244563356802,505.2728523117689
642,n_sr__52,366.8358953716854,286.6643640895975,459.0570334287939
643,n_sr__51,224.0611618510252,175.0928720160306,280.3892791399922
644,n_sr__50,363.58044255822136,284.12038646262675,454.98317225579706
645,n_sr__49,302.8233551215073,236.6416853493275,378.9519859123446
646,n_sr__48,302.8233551215073,236.6416853493275,378.9519859123446
647,n_sr__47,391.5299241840922,305.96154344317824,489.9590464352986
648,n_sr__46,336.25115542347686,262.76388123413585,420.7834070853578
649,n_sr__45,208.5704633300508,162.98764650008303,261.004278384891
650,n_sr__44,337.357289586572,263.62827114379866,422.1676191373712
651,n_sr__43,337.357289586572,263.62827114379866,422.1676191373712
652,n_sr__42,337.357289586572,263.62827114379866,422.1676191373712
653,n_sr__41,208.5704633300508,162.98764650008303,261.004278384891
654,n_sr__40,199.33925370344363,155.77390632150033,249.452378040308
655,n_sr__39,208.5704633300508,162.98764650008303,261.004278384891
656,n_sr__38,208.5704633300508,162.98764650008303,261.004278384891
657,n_sr__37,199.33925370344363,155.77390632150033,249.452378040308
658,n_sr__36,296.02885082638136,231.3321115654076,370.449369279969
659,n_sr__35,351.1394803458249,274.3983811565052,439.4145998279658
660,n_sr__34,296.02885082638136,231.3321115654076,370.449369279969
661,n_sr__33,326.54459681136257,255.17867900298316,408.6366568422683
662,n_sr__32,351.1394803458249,274.3983811565052,439.4145998279658
663,n_sr__31,296.02885082638136,231.3321115654076,370.449369279969
664,n_sr__30,298.22714973129484,233.04997496320127,373.2003121037537
665,n_sr__29,270.7166461089655,211.55185788638389,338.7737733153324
666,n_sr__28,270.7166461089655,211.55185788638389,338.7737733153324
667,n_sr__27,292.53611127133996,228.60270592078817,366.07856838805486
668,n_sr__26,286.4756485733524,223.866749850712,358.49452859684214
669,n_sr__25,286.4756485733524,223.866749850712,358.49452859684214
670,n_sr__24,305.451763197907,238.69565809107812,382.24116570476883
671,n_sr__23,216.03280705696773,168.81910423386668,270.34262672245916
672,n_sr__22,305.451763197907,238.69565809107812,382.24116570476883
673,n_sr__21,150.78524445027912,117.83131574579849,188.69207696276985
674,n_sr__20,150.78524445027912,117.83131574579849,188.69207696276985
675,n_sr__19,316.8740610017543,247.6216268353969,396.53498539616385
676,n_sr__18,260.0485686890773,203.21527559382443,325.42378212158474
677,n_sr__17,188.90089823064773,147.61684052858396,236.3898600106541
678,n_sr__16,374.8938161195743,292.961236222946,469.1406845676286
679,n_sr__15,374.8938161195743,292.961236222946,469.1406845676286
680,n_sr__14,320.97253407809217,250.82438368932017,401.6637988949224
681,n_sr__13,320.97253407809217,250.82438368932017,401.6637988949224
682,n_sr__12,353.00052913502464,275.8527000343105,441.74350914958666
683,n_sr__11,255.08355722152797,199.33536124247522,319.210585801405
684,n_sr__10,255.08355722152797,199.33536124247522,319.210585801405
685,n_sr__9,255.08355722152797,199.33536124247522,319.210585801405
686,n_sr__8,110.20728443975622,86.12161871442258,137.912973336204
687,n_sr__7,110.20728443975622,86.12161871442258,137.912973336204
688,n_sr__6,213.5577965409624,166.88500420538705,267.2454080491576
689,n_sr__5,213.5577965409624,166.88500420538705,267.2454080491576
690,n_sr__4,283.1132623748169,221.23920899773688,354.28685139563004
691,n_sr__3,291.24930221104887,227.597127389278,364.4682604621962
692,n_sr__2,283.10867774029475,221.2356263294199,354.28111420156154
693,n_sr__1,198.68027275964656,155.25894484803453,248.62773181303777
694,n_sr__0,245.73777017171776,192.0320843948371,307.5153037085876
695,beta_1__2,0.9260249799927388,0.2191938379533813,1.6946712259032974
696,beta_1__1,2.5856948678461458,1.842249473470184,3.3906004238781
697,beta_1__0,1.934912104388585,1.3667742008670198,2.5414597657136118
698,beta_0__2,-5.438870977613362,-9.776417786506416,-1.0867517779959643
699,beta_0__1,-15.157431466477485,-19.82466222401545,-11.133551570979039
700,beta_0__0,-10.510756153291872,-13.93326548207973,-7.2981208067968675
701,n_sc__5,346.74751398218217,295.37216661686335,398.3347419282716
702,n_sc__4,346.7065840347747,293.59352181444837,396.53190064033066
703,n_sc__3,346.56961256114005,295.8876574922008,398.967002026726
704,n_sc__2,346.6038637386428,294.9295410853405,398.1532832171009
705,n_sc__1,346.62569298956987,294.6584138801915,397.3513327799407
706,n_sc__0,346.7403452771248,294.03626621099966,397.04153259560377
707,sigma_I_A__5,29873.33035547465,28761.41875521855,31074.555425923834
708,sigma_I_A__4,18812.10369745511,18079.832266134246,19577.20779437567
709,sigma_I_A__3,16389.725293323034,15719.86318728442,17051.010915815612
710,sigma_I_A__2,19029.072620548603,18311.096291744747,19830.51461866161
711,sigma_I_A__1,20859.454633717432,20054.25678002248,21681.07280948397
712,sigma_I_A__0,26905.56705220481,25884.741343742706,27972.886996310186
713,sigma_A__5,2.0067150996130065,1.8291062054868803,2.2056201238579787
714,sigma_A__4,1.4227117419889677,1.2780175404638108,1.5735570757761486
715,sigma_A__3,2.247124426991106,1.925450061203272,2.5947363649211868
716,sigma_A__2,1.9374812253448448,1.731968602302912,2.14939798877444
717,sigma_A__1,1.8115671284641437,1.6308693279756774,2.021858263554229
718,sigma_A__0,1.7775584046313349,1.6410364341703612,1.9466056071265017
719,avg_I_A__5,254238.5094660633,250331.88760875165,258337.7092257605
720,avg_I_A__4,188976.8098140844,186282.24454242128,191629.95316923285
721,avg_I_A__3,203467.03884024528,199919.43311641453,207241.74376725606
722,avg_I_A__2,203457.33900996656,200447.33788960005,206465.49799342547
723,avg_I_A__1,208425.11271661625,205282.13569105678,211624.24049348352
724,avg_I_A__0,214460.3703773747,211068.7581899632,217719.09482332141
725,avg_A__5,5.7023663070290675,5.433694364185379,5.9751286296690775
726,avg_A__4,5.636484679906457,5.441337792760078,5.837542258200613
727,avg_A__3,5.164364173721399,4.711605224291434,5.580973206038497
728,avg_A__2,5.599227333642322,5.309030610286828,5.87658838436062
729,avg_A__1,5.007087877189533,4.740421584510732,5.28743320413374
730,avg_A__0,5.0479841188860135,4.828427486941552,5.2513692616477154
731,alpha__5,4180.316373204896,3550.993409645816,4897.4841487055655
732,alpha__4,3073.2916319860665,2629.8500460063474,3597.4632233699795
733,alpha__3,3026.5044836249467,2541.1196061515266,3600.485008839776
734,alpha__2,3287.810869069046,2815.3721759442656,3856.2170991021217
735,alpha__1,3010.492339363286,2572.405315562929,3552.408273088632
736,alpha__0,3119.112773612658,2656.080517718026,3649.328732441949
737,hyper_A_sigma,0.4170893777348358,0.14938146556070908,0.9360726394142824
738,hyper_A_mu,5.358098675129451,4.891917444599025,5.8097356056715945
739,hyper_alpha_sigma,534.1572515528535,251.15871910998808,1056.7022518794513
740,hyper_alpha_mu,3282.030881536896,2601.9243791919394,4050.8270326901093
