area,date,exposure_ms,flow_rate,intensity,mean_bg,rbs,survival,rescaled_intensity
5.6576,20170525,25,0.01,217327.19920344945,103629.09681321352,sd1,True,454792.4095609437
5.7344,20170525,25,0.01,207743.08107987212,103629.09681321352,sd1,True,416455.9370666344
5.7344,20170525,25,0.01,207743.08107987212,103629.09681321352,sd1,True,416455.9370666344
5.7344,20170525,25,0.01,207743.08107987212,103629.09681321352,sd1,True,416455.9370666344
4.5824,20170525,25,0.01,168015.51051565658,103629.09681321352,sd1,True,257545.65480977227
9.088,20170525,25,0.01,184980.692822852,103629.09681321352,sd1,True,325406.3840385539
9.088,20170525,25,0.01,184980.692822852,103629.09681321352,sd1,True,325406.3840385539
7.7056,20170525,25,0.01,189791.31929135215,105947.1422575858,sd1,False,335376.7081350654
7.7056,20170525,25,0.01,189791.31929135215,105947.1422575858,sd1,False,335376.7081350654
7.7056,20170525,25,0.01,189791.31929135215,105947.1422575858,sd1,False,335376.7081350654
11.7504,20170525,25,0.01,201875.22177895124,101862.17145171015,sd1,True,400052.20130896434
6.016,20170525,25,0.01,215882.33600040484,101587.86011286694,sd1,False,457177.90355015156
4.9152000000000005,20170525,25,0.01,189832.38173795628,101587.86011286694,sd1,False,352978.08650035737
6.7328,20170525,25,0.01,167801.58787039926,101587.86011286694,sd1,False,264854.9110301293
5.8624,20170525,25,0.01,160239.10892592472,101587.86011286694,sd1,False,234604.99525223114
6.1184,20170525,25,0.01,172770.7729245899,104075.19434060594,sd1,False,274782.3143359358
7.219200000000002,20170525,25,0.01,184165.6550765211,104075.19434060594,sd1,True,320361.8429436606
4.1984,20170525,25,0.01,154935.85986943534,93596.08127500104,sd1,False,245359.11437773722
3.8656,20170525,25,0.01,163439.92960683213,93596.08127500104,sd1,False,279375.39332732436
4.1984,20170525,25,0.01,154935.85986943534,93596.08127500104,sd1,True,245359.11437773722
4.1984,20170525,25,0.01,154935.85986943534,93596.08127500104,sd1,True,245359.11437773722
6.4512,20170525,25,0.01,151924.8149787135,93596.08127500104,sd1,True,233314.93481484978
3.8656,20170525,25,0.01,157552.23732946135,104836.12443564102,sd1,False,210864.45157528133
18.9696,20170525,25,0.01,182757.93816977614,100576.69353786307,sd1,False,328724.9785276523
18.9696,20170525,25,0.01,182757.93816977614,100576.69353786307,sd1,True,328724.9785276523
4.3264000000000005,20170525,25,0.01,219928.2587840597,100576.69353786307,sd1,True,477406.26098478655
4.3264000000000005,20170525,25,0.01,219928.2587840597,100576.69353786307,sd1,True,477406.26098478655
14.0032,20170525,25,0.01,209609.03050031074,100576.69353786307,sd1,True,436129.3478497907
6.4768,20170525,25,0.01,197512.06538998647,97594.53154679305,sd1,False,399670.1353727737
6.6048,20170525,25,0.01,177652.45643825445,97594.53154679305,sd1,False,320231.6995658456
6.4768,20170525,25,0.01,197512.06538998647,97594.53154679305,sd1,True,399670.1353727737
5.247999999999999,20170525,25,0.01,167879.20906380855,100239.81767667088,sd1,False,270557.5655485507
12.5952,20170525,25,0.01,186444.54693490308,100546.28576158133,sd1,False,343593.044693287
6.7584,20170525,25,0.01,168043.1974249113,100546.28576158133,sd1,True,269987.64665331994
6.5792,20170525,25,0.01,194398.0714003656,102667.32174965867,sd1,False,366922.99860282766
6.5792,20170525,25,0.01,194398.0714003656,102667.32174965867,sd1,False,366922.99860282766
6.5792,20170525,25,0.01,194398.0714003656,102667.32174965867,sd1,False,366922.99860282766
6.5792,20170525,25,0.01,194398.0714003656,102667.32174965867,sd1,False,366922.99860282766
5.6064,20170525,25,0.01,175155.35070712725,102667.32174965867,sd1,True,289952.1158298743
18.3296,20170525,25,0.01,183774.72889784683,91015.5427884532,sd1,True,371036.7444375745
4.6080000000000005,20170525,25,0.01,185499.68074098503,91015.5427884532,sd1,True,377936.55181012733
5.7088,20170525,25,0.01,151223.41294065386,91015.5427884532,sd1,True,240831.48060880264
10.6752,20170525,25,0.01,200119.9550208586,106504.45398462783,sd1,False,374462.004144923
7.4239999999999995,20170525,25,0.01,213437.09424512656,106504.45398462783,sd1,False,427730.5610419949
7.4239999999999995,20170525,25,0.01,213437.09424512656,106504.45398462783,sd1,True,427730.5610419949
5.4784000000000015,20170525,25,0.01,184470.3294275133,101078.35109942852,sd1,False,333567.9133123391
6.1184,20170525,25,0.01,173635.1836884342,101078.35109942852,sd1,False,290227.3303560227
6.1184,20170525,25,0.01,173635.1836884342,101078.35109942852,sd1,False,290227.3303560227
6.1184,20170525,25,0.01,173635.1836884342,101078.35109942852,sd1,False,290227.3303560227
6.5536,20170525,25,0.01,186835.86074701988,101078.35109942852,sd1,False,343030.03859036544
6.4256,20170525,25,0.01,181330.21329838733,101078.35109942852,sd1,True,321007.44879583525
8.064,20170525,25,0.01,177794.58260669725,101078.35109942852,sd1,True,306864.92602907494
6.5536,20170525,25,0.01,186835.86074701988,101078.35109942852,sd1,True,343030.03859036544
6.5536,20170525,25,0.01,186835.86074701988,101078.35109942852,sd1,True,343030.03859036544
6.1184,20170525,25,0.01,165088.20869650051,99591.7656089408,sd1,False,261985.77235023887
6.1184,20170525,25,0.01,165088.20869650051,99591.7656089408,sd1,False,261985.77235023887
6.8608,20170525,25,0.01,161040.69707517733,99493.7785341718,sd1,False,246187.67416402214
5.0688,20170525,25,0.01,182181.7684145511,99493.7785341718,sd1,False,330751.9595215172
5.0688,20170525,25,0.01,182181.7684145511,99493.7785341718,sd1,False,330751.9595215172
5.8112,20170525,25,0.01,146251.6292189694,91868.04636157204,sd1,False,217534.33142958945
5.888,20170525,25,0.01,188250.98995124927,91868.04636157204,sd1,False,385531.77435870894
5.3504000000000005,20170525,25,0.01,158507.4926251178,91868.04636157204,sd1,True,266557.78505418304
5.888,20170525,25,0.01,188250.98995124927,91868.04636157204,sd1,True,385531.77435870894
5.888,20170525,25,0.01,188250.98995124927,91868.04636157204,sd1,True,385531.77435870894
7.552,20170503,50,0.2,212265.52681994528,136945.12292833786,sd2,True,150640.80778321484
4.4544000000000015,20170503,50,0.2,202594.00549316913,141697.0649085198,sd2,True,121793.88116929866
9.5488,20170503,50,0.2,228471.92226039185,141697.0649085198,sd2,True,173549.7147037441
5.3248000000000015,20170503,50,0.2,230736.86612667504,141466.84849627258,sd2,False,178540.03526080493
6.912000000000001,20170503,50,0.2,221924.1072554724,135147.84467996028,sd2,True,173552.52515102422
7.8336000000000015,20170503,50,0.2,198931.11340446878,133474.10417700294,sd2,True,130914.01845493168
7.8336000000000015,20170503,50,0.2,198931.11340446878,133474.10417700294,sd2,True,130914.01845493168
2.2272000000000003,20170503,50,0.2,162332.00889364714,128552.67912273244,sd2,True,67558.6595418294
2.2272000000000003,20170503,50,0.2,162332.00889364714,128552.67912273244,sd2,True,67558.6595418294
19.3792,20170503,50,0.2,209911.57780518767,131726.62258805646,sd2,True,156369.91043426242
19.3792,20170503,50,0.2,209911.57780518767,131726.62258805646,sd2,True,156369.91043426242
19.3792,20170503,50,0.2,209911.57780518767,131726.62258805646,sd2,True,156369.91043426242
5.9904,20170503,50,0.2,239923.83789534032,131726.62258805646,sd2,True,216394.4306145677
7.3472,20170503,50,0.2,230107.0257632825,131726.62258805646,sd2,True,196760.80635045207
7.3472,20170503,50,0.2,230107.0257632825,131726.62258805646,sd2,True,196760.80635045207
9.7024,20170503,50,0.2,246634.2887024704,131726.62258805646,sd2,True,229815.33222882787
9.7024,20170503,50,0.2,246634.2887024704,131726.62258805646,sd2,True,229815.33222882787
6.784000000000002,20170503,50,0.2,189626.11414882648,131726.62258805646,sd2,True,115798.98312154005
4.7360000000000015,20170503,50,0.2,220736.42457926023,141029.65743716134,sd2,True,159413.53428419778
6.1696,20170503,50,0.2,238153.8489716903,141029.65743716134,sd2,True,194248.38306905795
6.7328,20170503,50,0.2,182562.7857279691,136346.01772786258,sd2,False,92433.53600021306
6.7328,20170503,50,0.2,182562.7857279691,136346.01772786258,sd2,False,92433.53600021306
8.9856,20170503,50,0.2,227495.64281162352,133872.46816739516,sd2,False,187246.34928845672
6.7584,20170503,50,0.2,200088.08601888828,133872.46816739516,sd2,False,132431.23570298625
8.9856,20170503,50,0.2,227495.64281162352,133872.46816739516,sd2,True,187246.34928845672
17.817600000000006,20170503,50,0.2,221679.32643170306,133872.46816739516,sd2,True,175613.7165286158
17.817600000000006,20170503,50,0.2,221679.32643170306,133872.46816739516,sd2,True,175613.7165286158
6.5792,20170503,50,0.2,223536.90208180953,133872.46816739516,sd2,True,179328.86782882878
8.2432,20170503,50,0.2,213553.23425253163,130576.62422282365,sd2,False,165953.22005941597
8.2432,20170503,50,0.2,213553.23425253163,130576.62422282365,sd2,False,165953.22005941597
9.7536,20170503,50,0.2,226878.80111217004,135470.02274852048,sd2,False,182817.55672729912
5.8368,20170503,50,0.2,227778.44636446328,137043.46251468456,sd2,False,181469.96769955743
9.984,20170503,50,0.2,244670.2529077741,137043.46251468456,sd2,False,215253.58078617905
6.0928,20170503,50,0.2,237131.74321840785,137043.46251468456,sd2,False,200176.56140744657
5.8368,20170503,50,0.2,227778.44636446328,137043.46251468456,sd2,True,181469.96769955743
9.984,20170503,50,0.2,244670.2529077741,137043.46251468456,sd2,True,215253.58078617905
5.8368,20170503,50,0.2,227778.44636446328,137043.46251468456,sd2,True,181469.96769955743
3.2512000000000003,20170502,50,0.02,180078.86335037593,118979.9403402778,sd2,False,122197.84602019627
2.1248,20170502,50,0.02,182908.2958669902,118979.9403402778,sd2,False,127856.7110534248
2.1248,20170502,50,0.02,182908.2958669902,118979.9403402778,sd2,False,127856.7110534248
3.2512000000000003,20170502,50,0.02,180078.86335037593,118979.9403402778,sd2,True,122197.84602019627
2.1248,20170502,50,0.02,182908.2958669902,118979.9403402778,sd2,True,127856.7110534248
1.9712,20170502,50,0.02,222382.38958396766,118979.9403402778,sd2,True,206804.8984873797
1.9712,20170502,50,0.02,222382.38958396766,118979.9403402778,sd2,True,206804.8984873797
1.9712,20170502,50,0.02,222382.38958396766,118979.9403402778,sd2,True,206804.8984873797
2.1248,20170502,50,0.02,182908.2958669902,118979.9403402778,sd2,True,127856.7110534248
5.7344,20170502,50,0.02,222043.35146270363,118979.9403402778,sd2,True,206126.82224485168
6.6048,20170502,50,0.02,254643.93977630025,134637.18621705307,sd2,True,240013.50711849437
5.0688,20170502,50,0.02,227454.7347755232,134637.18621705307,sd2,True,185635.09711694025
5.0688,20170502,50,0.02,227454.7347755232,134637.18621705307,sd2,True,185635.09711694025
3.84,20170502,50,0.02,232342.99855898233,120902.96326673414,sd2,False,222880.0705844964
15.6672,20170502,50,0.02,189579.32992884345,120902.96326673414,sd2,True,137352.73332421863
22.9888,20170502,50,0.02,232348.93761961,119911.0824945016,sd2,True,224875.71025021677
5.2992,20170502,50,0.02,253846.0236539633,130088.42573079964,sd2,False,247515.1958463273
15.488,20170502,50,0.02,242268.0599033284,130088.42573079964,sd2,False,224359.26834505753
6.1184,20170502,50,0.02,219691.2491787045,130088.42573079964,sd2,False,179205.64689580968
6.1184,20170502,50,0.02,219691.2491787045,130088.42573079964,sd2,True,179205.64689580968
6.1184,20170502,50,0.02,219691.2491787045,130088.42573079964,sd2,True,179205.64689580968
6.6816,20170502,50,0.02,185279.60609802185,123649.25015306089,sd2,False,123260.7118899219
6.6816,20170502,50,0.02,185279.60609802185,123649.25015306089,sd2,False,123260.7118899219
6.2976,20170502,50,0.02,222529.2982470484,123649.25015306089,sd2,False,197760.09618797502
4.9664,20170502,50,0.02,236536.3145502295,123649.25015306089,sd2,True,225774.12879433722
4.9664,20170502,50,0.02,236536.3145502295,123649.25015306089,sd2,True,225774.12879433722
7.8592,20170502,50,0.02,210202.70281902602,126363.50781255447,sd2,False,167678.3900129431
5.888,20170502,50,0.02,221617.07653393454,126363.50781255447,sd2,True,190507.13744276014
5.888,20170502,50,0.02,221617.07653393454,126363.50781255447,sd2,True,190507.13744276014
7.8592,20170502,50,0.02,210202.70281902602,126363.50781255447,sd2,True,167678.3900129431
7.6800000000000015,20170502,50,0.02,212125.8138803565,126363.50781255447,sd2,True,171524.61213560405
11.7504,20170502,50,0.02,234290.3066959455,118651.59824631587,sd2,False,231277.4168992593
7.6032,20170502,50,0.02,204559.12427702,118651.59824631587,sd2,False,171815.05206140823
7.065600000000001,20170502,50,0.02,178125.9997873038,118651.59824631587,sd2,True,118948.80308197584
6.8608,20170502,50,0.02,217804.9461232072,118651.59824631587,sd2,True,198306.69575378264
6.8608,20170502,50,0.02,217804.9461232072,118651.59824631587,sd2,True,198306.69575378264
11.7504,20170502,50,0.02,234290.3066959455,118651.59824631587,sd2,True,231277.4168992593
5.3504000000000005,20170502,50,0.02,234177.7099535204,124723.0623787543,sd2,False,218909.29514953218
5.3248000000000015,20170502,50,0.02,234958.19228438265,129830.71714859467,sd2,False,210254.95027157594
4.4544000000000015,20170502,50,0.02,281436.6577241645,129830.71714859467,sd2,True,303211.8811511396
5.6576,20170502,50,0.02,222044.4990776504,127064.74416198443,sd2,False,189959.50983133193
6.9376000000000015,20170502,50,0.02,224710.45692237554,127064.74416198443,sd2,False,195291.4255207822
6.9376000000000015,20170502,50,0.02,224710.45692237554,127064.74416198443,sd2,False,195291.4255207822
9.216,20170502,50,0.02,219303.23195696532,124132.72172725292,sd2,False,190341.0204594248
22.1184,20170502,50,0.02,229809.9326144477,124132.72172725292,sd2,False,211354.42177438957
22.1184,20170502,50,0.02,229809.9326144477,124132.72172725292,sd2,False,211354.42177438957
6.2464,20170502,50,0.02,214187.9814458361,124132.72172725292,sd2,False,180110.51943716637
8.0896,20170502,50,0.02,203626.95391275504,124132.72172725292,sd2,False,158988.46437100423
6.3232,20170502,50,0.02,243079.73612784446,124132.72172725292,sd2,False,237894.02880118307
15.3856,20170502,50,0.02,240080.69534046645,124132.72172725292,sd2,False,231895.94722642706
15.3856,20170502,50,0.02,240080.69534046645,124132.72172725292,sd2,False,231895.94722642706
15.3856,20170502,50,0.02,240080.69534046645,124132.72172725292,sd2,False,231895.94722642706
6.0672000000000015,20170502,50,0.02,217783.00327145087,124132.72172725292,sd2,False,187300.5630883959
8.4992,20170502,50,0.02,247908.4263264839,124132.72172725292,sd2,False,247551.40919846194
8.4992,20170502,50,0.02,247908.4263264839,124132.72172725292,sd2,False,247551.40919846194
4.0192000000000005,20170502,50,0.02,200726.5408260682,124132.72172725292,sd2,False,153187.63819763056
6.630400000000002,20170502,50,0.02,186739.13845995266,124132.72172725292,sd2,False,125212.83346539948
7.500800000000001,20170502,50,0.02,246238.7347756407,124132.72172725292,sd2,False,244212.02609677557
6.2464,20170502,50,0.02,214187.9814458361,124132.72172725292,sd2,True,180110.51943716637
8.0896,20170502,50,0.02,203626.95391275504,124132.72172725292,sd2,True,158988.46437100423
6.3232,20170502,50,0.02,243079.73612784446,124132.72172725292,sd2,True,237894.02880118307
7.808000000000002,20170502,50,0.02,207070.3577247263,124132.72172725292,sd2,True,165875.27199494673
15.3856,20170502,50,0.02,240080.69534046645,124132.72172725292,sd2,True,231895.94722642706
5.2736,20170502,50,0.02,234676.02691326663,124132.72172725292,sd2,True,221086.6103720274
9.7536,20170502,50,0.02,238540.1418152373,124132.72172725292,sd2,True,228814.84017596874
9.7536,20170502,50,0.02,238540.1418152373,124132.72172725292,sd2,True,228814.84017596874
4.0192000000000005,20170502,50,0.02,205369.57865547415,124132.72172725292,sd2,True,162473.71385644245
6.630400000000002,20170502,50,0.02,186739.13845995266,124132.72172725292,sd2,True,125212.83346539948
6.8864,20170502,50,0.02,185559.6982005013,124132.72172725292,sd2,True,122853.95294649675
6.8864,20170502,50,0.02,185559.6982005013,124132.72172725292,sd2,True,122853.95294649675
9.216,20170502,50,0.02,219303.23195696532,124132.72172725292,sd2,True,190341.0204594248
9.2672,20170502,50,0.02,244080.044331052,124132.72172725292,sd2,True,239894.64520759814
9.2672,20170502,50,0.02,244080.044331052,124132.72172725292,sd2,True,239894.64520759814
7.500800000000001,20170502,50,0.02,246238.7347756407,124132.72172725292,sd2,True,244212.02609677557
4.2496,20170502,50,0.02,233194.06573304872,121427.45540157285,sd2,False,223533.22066295173
10.8288,20170502,50,0.02,217426.912476391,121427.45540157285,sd2,True,191998.91414963632
4.6848,20170502,50,0.02,229290.09438900702,121427.45540157285,sd2,True,215725.27797486834
4.6848,20170502,50,0.02,229290.09438900702,121427.45540157285,sd2,True,215725.27797486834
13.184,20170502,50,0.02,214717.06616280985,120092.79594309784,sd2,False,189248.54043942402
3.4048000000000003,20170502,50,0.02,203086.15696782203,120092.79594309784,sd2,False,165986.72204944838
3.4048000000000003,20170502,50,0.02,203086.15696782203,120092.79594309784,sd2,False,165986.72204944838
13.184,20170502,50,0.02,214717.06616280985,120092.79594309784,sd2,True,189248.54043942402
16.64,20170502,50,0.02,215015.70775180886,119811.94199250752,sd2,True,190407.53151860266
16.64,20170502,50,0.02,215015.70775180886,119811.94199250752,sd2,True,190407.53151860266
7.808000000000002,20170502,50,0.02,194301.18300968374,119811.94199250752,sd2,True,148978.48203435243
7.808000000000002,20170502,50,0.02,194301.18300968374,119811.94199250752,sd2,True,148978.48203435243
6.7072,20170502,50,0.02,270871.64462712203,133809.63182665376,sd2,False,274124.02560093655
6.7072,20170502,50,0.02,270871.64462712203,133809.63182665376,sd2,False,274124.02560093655
29.3376,20170502,50,0.02,244214.67679841013,133809.63182665376,sd2,False,220810.08994351275
5.6320000000000014,20170502,50,0.02,239937.21988979558,133809.63182665376,sd2,False,212255.17612628368
13.44,20170502,50,0.02,226356.5721222002,133809.63182665376,sd2,False,185093.88059109286
6.8864,20170502,50,0.02,231398.03669097426,133809.63182665376,sd2,False,195176.80972864098
6.5792,20170502,50,0.02,289246.0899084725,133809.63182665376,sd2,False,310872.9161636375
8.1152,20170502,50,0.02,266600.6341599297,133809.63182665376,sd2,False,265582.0046665519
9.344,20170502,50,0.02,221608.43237879,133809.63182665376,sd2,False,175597.60110427244
12.1088,20170502,50,0.02,259448.803623556,133809.63182665376,sd2,False,251278.34359380451
7.1936,20170502,50,0.02,246561.29278563862,133809.63182665376,sd2,True,225503.32191796973
7.1936,20170502,50,0.02,246561.29278563862,133809.63182665376,sd2,True,225503.32191796973
9.8304,20170502,50,0.02,231268.5101078949,133809.63182665376,sd2,True,194917.75656248227
9.8304,20170502,50,0.02,231268.5101078949,133809.63182665376,sd2,True,194917.75656248227
8.1152,20170502,50,0.02,266600.6341599297,133809.63182665376,sd2,True,265582.0046665519
4.9408,20170502,50,0.02,230378.03597714734,133809.63182665376,sd2,True,193136.80830098718
13.44,20170502,50,0.02,226356.5721222002,133809.63182665376,sd2,True,185093.88059109286
13.44,20170502,50,0.02,226356.5721222002,133809.63182665376,sd2,True,185093.88059109286
7.5264000000000015,20170502,50,0.02,253265.58648231663,133809.63182665376,sd2,True,238911.90931132578
7.5264000000000015,20170502,50,0.02,253265.58648231663,133809.63182665376,sd2,True,238911.90931132578
3.7632,20170502,50,0.02,237805.3913643252,133809.63182665376,sd2,True,207991.51907534286
5.2736,20170502,50,0.02,246508.97184100086,133809.63182665376,sd2,True,225398.6800286942
9.344,20170502,50,0.02,221608.43237879,133809.63182665376,sd2,True,175597.60110427244
7.8848,20170502,50,0.02,222736.89637408065,133809.63182665376,sd2,True,177854.5290948538
7.8848,20170502,50,0.02,222736.89637408065,133809.63182665376,sd2,True,177854.5290948538
29.3376,20170502,50,0.02,244214.67679841013,133809.63182665376,sd2,True,220810.08994351275
29.3376,20170502,50,0.02,244214.67679841013,133809.63182665376,sd2,True,220810.08994351275
12.1088,20170502,50,0.02,259448.803623556,133809.63182665376,sd2,True,251278.34359380451
12.1088,20170502,50,0.02,259448.803623556,133809.63182665376,sd2,True,251278.34359380451
12.1088,20170502,50,0.02,259448.803623556,133809.63182665376,sd2,True,251278.34359380451
6.5792,20170502,50,0.02,289246.0899084725,133809.63182665376,sd2,True,310872.9161636375
26.1632,20170502,50,0.02,258072.4307605032,133809.63182665376,sd2,True,248525.5978676989
26.1632,20170502,50,0.02,258072.4307605032,133809.63182665376,sd2,True,248525.5978676989
26.1632,20170502,50,0.02,258072.4307605032,133809.63182665376,sd2,True,248525.5978676989
6.8864,20170502,50,0.02,231398.03669097426,133809.63182665376,sd2,True,195176.80972864098
6.8352,20170502,50,0.02,185823.9182659568,120370.55359077519,sd2,False,130906.72935036322
8.7552,20170502,50,0.02,234902.59593154961,120370.55359077519,sd2,False,229064.08468154885
6.4256,20170502,50,0.02,229030.65584761678,137643.0087225226,sd2,False,182775.2942501884
9.344,20170502,50,0.02,260982.28420178965,137643.0087225226,sd2,False,246678.55095853412
3.8656,20170502,50,0.02,241016.7428454546,137643.0087225226,sd2,False,206747.46824586403
14.208,20170502,50,0.02,249705.22900444566,137643.0087225226,sd2,True,224124.44056384615
3.8656,20170502,50,0.02,241016.7428454546,137643.0087225226,sd2,True,206747.46824586403
5.12,20170502,50,0.02,213218.86063189726,119924.37502781885,sd2,False,186588.97120815684
5.12,20170502,50,0.02,213218.86063189726,119924.37502781885,sd2,False,186588.97120815684
5.12,20170502,50,0.02,213218.86063189726,119924.37502781885,sd2,False,186588.97120815684
3.5072,20170502,50,0.02,214059.76230637988,119924.37502781885,sd2,True,188270.77455712206
9.9584,20170502,50,0.02,186440.1457399458,120080.15985681856,sd2,False,132719.97176625446
23.808000000000003,20170502,50,0.02,236388.97811304536,120080.15985681856,sd2,True,232617.63651245358
9.9584,20170502,50,0.02,186440.1457399458,120080.15985681856,sd2,True,132719.97176625446
9.9584,20170502,50,0.02,186440.1457399458,120080.15985681856,sd2,True,132719.97176625446
10.0352,20170316,100,1.0,251541.3191574041,209728.64902730595,sd6,False,41812.67013009815
13.6704,20170316,100,1.0,254348.15137053406,209728.64902730595,sd6,False,44619.502343228116
9.6,20170316,100,1.0,245684.2262940194,209728.64902730595,sd6,False,35955.57726671346
8.2944,20170316,100,1.0,244692.5482615368,209728.64902730595,sd6,False,34963.89923423086
6.8608,20170316,100,1.0,249636.6144028068,209728.64902730595,sd6,False,39907.96537550085
7.7568,20170316,100,1.0,238615.40470683036,209728.64902730595,sd6,False,28886.755679524416
9.1904,20170316,100,1.0,231440.24331069738,207238.5221047892,sd6,False,24201.72120590816
9.7024,20170316,100,1.0,252892.07674960114,207238.5221047892,sd6,False,45653.55464481193
6.8096000000000005,20170316,100,1.0,242562.0867770633,207238.5221047892,sd6,False,35323.56467227408
8.4992,20170316,100,1.0,263879.84085043264,207238.5221047892,sd6,False,56641.318745643424
15.5136,20170316,100,1.0,256836.32405033067,207238.5221047892,sd6,False,49597.80194554146
7.8336000000000015,20170316,100,1.0,238022.5744747989,207238.5221047892,sd6,False,30784.052370009682
7.065600000000001,20170316,100,1.0,246402.7524933048,207238.5221047892,sd6,False,39164.2303885156
10.5728,20170316,100,1.0,231427.99909547644,204517.08625331728,sd6,False,26910.91284215916
9.7024,20170316,100,1.0,236933.95357290388,204517.08625331728,sd6,False,32416.8673195866
6.016,20170316,100,1.0,242098.0481548568,204517.08625331728,sd6,False,37580.96190153953
13.5936,20170316,100,1.0,246444.83170379238,204517.08625331728,sd6,False,41927.74545047511
7.6800000000000015,20170316,100,1.0,237297.67948748148,204517.08625331728,sd6,False,32780.593234164204
2.944,20170316,100,1.0,284372.6101376913,204517.08625331728,sd6,False,79855.52388437404
9.5744,20170316,100,1.0,243317.69319567448,204517.08625331728,sd6,False,38800.606942357204
15.308800000000002,20170316,100,1.0,250018.7239714379,204517.08625331728,sd6,False,45501.63771812062
12.1856,20170316,100,1.0,263945.0234527535,204517.08625331728,sd6,False,59427.937199436215
5.5296,20170316,100,1.0,242700.7013234545,204517.08625331728,sd6,False,38183.615070137224
7.7824,20170316,100,1.0,248032.57339262968,204517.08625331728,sd6,False,43515.487139312405
6.195200000000002,20170316,100,1.0,241189.94172554306,204517.08625331728,sd6,False,36672.85547222578
6.195200000000002,20170316,100,1.0,239420.61867669164,205527.17353954015,sd6,False,33893.44513715149
6.016,20170316,100,1.0,247541.89273748087,205527.17353954015,sd6,False,42014.71919794072
5.7088,20170316,100,1.0,236010.11773051065,205527.17353954015,sd6,False,30482.944190970506
11.776,20170316,100,1.0,253322.4407664298,205527.17353954015,sd6,False,47795.26722688964
5.4016,20170316,100,1.0,237694.77618373308,205527.17353954015,sd6,False,32167.60264419293
6.9376000000000015,20170316,100,1.0,246288.1922196018,205527.17353954015,sd6,False,40761.01868006165
12.4928,20170316,100,1.0,260270.8022300877,205527.17353954015,sd6,False,54743.62869054754
11.4432,20170316,100,1.0,254617.07026626897,205527.17353954015,sd6,False,49089.896726728824
12.3392,20170316,100,1.0,244568.41885585876,205527.17353954015,sd6,False,39041.245316318615
6.9376000000000015,20170316,100,1.0,250269.85889905985,205527.17353954015,sd6,False,44742.6853595197
13.7216,20170316,100,1.0,253905.45835609263,205527.17353954015,sd6,False,48378.28481655248
7.552,20170316,100,1.0,237795.5184055529,205527.17353954015,sd6,False,32268.344866012743
20.8128,20170316,100,1.0,258555.18661365763,205527.17353954015,sd6,False,53028.01307411748
12.16,20170316,100,1.0,234669.81289147428,208091.2811397512,sd6,False,26578.531751723083
7.1424,20170316,100,1.0,236164.95381821948,208091.2811397512,sd6,False,28073.672678468283
12.415999999999999,20170316,100,1.0,250535.89348670907,208091.2811397512,sd6,False,42444.612346957874
14.131200000000002,20170316,100,1.0,256653.16218756378,208091.2811397512,sd6,False,48561.88104781258
6.0928,20170316,100,1.0,250491.3866068849,208091.2811397512,sd6,False,42400.10546713369
6.016,20170316,100,1.0,240919.8888707839,208091.2811397512,sd6,False,32828.60773103271
6.0672000000000015,20170316,100,1.0,230707.5211790881,205790.36840776476,sd6,False,24917.152771323337
8.192,20170316,100,1.0,242096.40520446823,205790.36840776476,sd6,False,36306.03679670347
7.936,20170316,100,1.0,258156.79405791807,205790.36840776476,sd6,False,52366.42565015331
5.6320000000000014,20170316,100,1.0,251136.77686486344,205790.36840776476,sd6,False,45346.408457098674
13.44,20170316,100,1.0,256226.5898255481,205790.36840776476,sd6,False,50436.22141778332
7.7312,20170316,100,1.0,251852.62147329285,205790.36840776476,sd6,False,46062.253065528086
6.8352,20170316,100,1.0,239898.73143698237,205790.36840776476,sd6,False,34108.36302921761
12.5696,20170316,100,1.0,255145.6405211409,205790.36840776476,sd6,False,49355.27211337612
6.3488000000000016,20170316,100,1.0,240351.64987165746,205790.36840776476,sd6,False,34561.281463892694
5.5552,20170316,100,1.0,250320.9955274559,209300.90259246185,sd6,False,41020.092934994056
5.9904,20170316,100,1.0,239832.8175139061,209300.90259246185,sd6,False,30531.91492144426
4.48,20170316,100,1.0,247759.10597067626,209300.90259246185,sd6,False,38458.20337821441
4.7616000000000005,20170316,100,1.0,243166.3089917061,209300.90259246185,sd6,False,33865.40639924424
6.6048,20170316,100,1.0,247075.3005636534,209300.90259246185,sd6,False,37774.39797119156
13.8752,20170316,100,1.0,256596.2735604116,209300.90259246185,sd6,False,47295.37096794974
8.3712,20170316,100,1.0,258303.20797601753,209300.90259246185,sd6,False,49002.30538355568
10.9056,20170316,100,1.0,259010.1160578004,209300.90259246185,sd6,False,49709.213465338544
5.7344,20170316,100,1.0,236821.48951920605,209300.90259246185,sd6,False,27520.586926744203
5.760000000000002,20170316,100,1.0,241229.3016105897,207551.61038765163,sd6,False,33677.69122293807
5.7088,20170316,100,1.0,255624.60172186745,207551.61038765163,sd6,False,48072.991334215825
6.1184,20170316,100,1.0,293270.3705836943,207551.61038765163,sd6,False,85718.76019604267
8.4224,20170316,100,1.0,257714.39577309362,207551.61038765163,sd6,False,50162.785385441995
8.4224,20170316,100,1.0,257714.39577309362,207551.61038765163,sd6,False,50162.785385441995
4.4544000000000015,20170316,100,1.0,266510.0406267902,207551.61038765163,sd6,False,58958.43023913857
14.847999999999999,20170316,100,1.0,250166.5813665304,207551.61038765163,sd6,False,42614.97097887876
14.847999999999999,20170316,100,1.0,250166.5813665304,207551.61038765163,sd6,False,42614.97097887876
11.0848,20170316,100,1.0,254594.57365516396,207551.61038765163,sd6,False,47042.96326751233
11.0848,20170316,100,1.0,254594.57365516396,207551.61038765163,sd6,False,47042.96326751233
11.8016,20170316,100,1.0,249819.2577341513,207551.61038765163,sd6,False,42267.64734649967
8.2688,20170316,100,1.0,251136.31092257056,205757.1192219362,sd6,False,45379.19170063434
6.2976,20170316,100,1.0,236719.23290901308,205757.1192219362,sd6,False,30962.113687076868
8.2688,20170316,100,1.0,245662.96467768922,205757.1192219362,sd6,False,39905.845455753006
6.8352,20170316,100,1.0,254881.426081582,205757.1192219362,sd6,False,49124.30685964579
12.0576,20170316,100,1.0,259613.9249618191,205757.1192219362,sd6,False,53856.8057398829
4.6336,20170316,100,1.0,251491.01580504535,205757.1192219362,sd6,False,45733.896583109134
9.2928,20170316,100,1.0,251657.5012837048,205757.1192219362,sd6,False,45900.382061768585
7.7056,20170316,100,1.0,232502.97117427556,205757.1192219362,sd6,False,26745.851952339344
6.3744000000000005,20170316,100,1.0,240806.20419701122,208119.96957435342,sd6,False,32686.234622657794
11.8272,20170316,100,1.0,248749.19806636238,208119.96957435342,sd6,False,40629.22849200896
10.5728,20170316,100,1.0,239308.45574904032,208119.96957435342,sd6,False,31188.4861746869
25.651200000000006,20170316,100,1.0,250229.45830698218,208119.96957435342,sd6,False,42109.48873262876
5.6320000000000014,20170316,100,1.0,243485.88967918488,208119.96957435342,sd6,False,35365.92010483146
6.9888,20170316,100,1.0,253948.00087901892,208119.96957435342,sd6,False,45828.031304665485
8.4224,20170316,100,1.0,230911.4627949584,206927.5216064088,sd6,False,23983.941188549623
11.6224,20170316,100,1.0,252659.4596157772,206927.5216064088,sd6,False,45731.9380093684
10.3936,20170316,100,1.0,237657.03765780578,206927.5216064088,sd6,False,30729.51605139699
9.4976,20170316,100,1.0,242447.28021637,206927.5216064088,sd6,False,35519.75860996122
3.9936,20170316,100,1.0,242090.58302848012,206927.5216064088,sd6,False,35163.06142207133
13.7984,20170316,100,1.0,250534.62891419933,206927.5216064088,sd6,False,43607.107307790546
8.704,20170316,100,1.0,253808.54461932636,206927.5216064088,sd6,False,46881.023012917576
9.3696,20170316,100,1.0,247682.989676938,206927.5216064088,sd6,False,40755.46807052923
7.1168000000000005,20170316,100,1.0,247396.3458178525,206927.5216064088,sd6,False,40468.824211443716
5.2224,20170316,100,1.0,245293.01744631448,204293.16880433785,sd6,False,40999.84864197663
18.0992,20170316,100,1.0,248866.3986673829,204293.16880433785,sd6,False,44573.22986304504
6.3488000000000016,20170316,100,1.0,245775.82191263017,204293.16880433785,sd6,False,41482.65310829232
1.8176,20170316,100,1.0,289830.7487955979,204293.16880433785,sd6,False,85537.57999126002
6.784000000000002,20170316,100,1.0,249558.02208770878,204293.16880433785,sd6,False,45264.85328337093
5.4784000000000015,20170316,100,1.0,242359.37652844004,204293.16880433785,sd6,False,38066.20772410219
10.9312,20170316,100,1.0,261188.5409957412,204293.16880433785,sd6,False,56895.37219140335
4.864,20170316,100,1.0,247556.4003936243,204293.16880433785,sd6,False,43263.23158928644
6.7072,20170316,100,1.0,240790.7157561164,204293.16880433785,sd6,False,36497.54695177855
11.4944,20170316,100,1.0,242603.77037837487,207029.6095952541,sd6,False,35574.16078312078
6.7328,20170316,100,1.0,237697.97384538376,207029.6095952541,sd6,False,30668.36425012967
7.1168000000000005,20170316,100,1.0,249635.38277507466,207029.6095952541,sd6,False,42605.773179820564
4.9408,20170316,100,1.0,243873.47694375835,207029.6095952541,sd6,False,36843.86734850425
10.1632,20170316,100,1.0,244692.45592605512,207029.6095952541,sd6,False,37662.846330801025
8.038400000000001,20170316,100,1.0,230985.42655448237,207029.6095952541,sd6,False,23955.81695922828
8.5504,20170316,100,1.0,260532.1460408877,207029.6095952541,sd6,False,53502.536445633596
10.9568,20170316,100,1.0,247963.5936237227,207029.6095952541,sd6,False,40933.98402846861
7.3216,20170316,100,1.0,244665.31904140807,207029.6095952541,sd6,False,37635.70944615398
6.6048,20170316,100,1.0,253146.35189411265,207029.6095952541,sd6,False,46116.74229885856
6.4,20170316,100,1.0,248793.63630776128,207029.6095952541,sd6,False,41764.026712507184
7.936,20170316,100,1.0,256509.6266326789,204991.67942510927,sd6,False,51517.94720756964
6.2976,20170316,100,1.0,232119.58007471534,204991.67942510927,sd6,False,27127.900649606072
19.8656,20170316,100,1.0,244162.56226302835,204991.67942510927,sd6,False,39170.88283791908
9.1648,20170316,100,1.0,245034.7569966841,204991.67942510927,sd6,False,40043.07757157483
11.0848,20170316,100,1.0,249028.6056665123,204991.67942510927,sd6,False,44036.92624140304
5.888,20170316,100,1.0,241262.9780981371,204991.67942510927,sd6,False,36271.298673027835
7.6288,20170316,100,1.0,241382.25214245464,204991.67942510927,sd6,False,36390.57271734538
6.5280000000000005,20170316,100,1.0,247812.15118072997,204226.45057793,sd6,False,43585.700602799974
6.4512,20170316,100,1.0,241116.21663700975,204226.45057793,sd6,False,36889.76605907976
7.372800000000002,20170316,100,1.0,237102.02501792365,204226.45057793,sd6,False,32875.57443999365
7.8336000000000015,20170316,100,1.0,284837.69678714336,204226.45057793,sd6,False,80611.24620921336
9.5488,20170316,100,1.0,252852.4275934234,204226.45057793,sd6,False,48625.97701549341
4.4032,20170316,100,1.0,255262.8237373686,204226.45057793,sd6,False,51036.373159438604
8.6784,20170316,100,1.0,241336.53109927816,204226.45057793,sd6,False,37110.080521348165
25.2928,20170316,100,1.0,246863.3414768289,204226.45057793,sd6,False,42636.89089889891
16.8448,20170316,100,1.0,251487.1870320697,205075.8013975952,sd6,False,46411.385634474485
9.4976,20170316,100,1.0,239261.6129150361,205075.8013975952,sd6,False,34185.81151744089
5.247999999999999,20170316,100,1.0,249311.22082090128,205075.8013975952,sd6,False,44235.41942330607
5.5296,20170316,100,1.0,245780.5932839392,205075.8013975952,sd6,False,40704.791886344
11.648,20170316,100,1.0,244351.81945076075,205075.8013975952,sd6,False,39276.01805316555
7.3984,20170316,100,1.0,238161.51043963304,205075.8013975952,sd6,False,33085.70904203784
9.8048,20170316,100,1.0,241587.2412064072,205075.8013975952,sd6,False,36511.43980881199
7.3472,20170316,100,1.0,256581.5973694623,205075.8013975952,sd6,False,51505.795971867105
16.691200000000002,20170316,100,1.0,253508.1809429714,205989.08592835272,sd6,False,47519.09501461868
8.4992,20170316,100,1.0,256828.6243017062,205989.08592835272,sd6,False,50839.53837335348
8.7296,20170316,100,1.0,236385.11165637398,205989.08592835272,sd6,False,30396.025728021254
28.5184,20170316,100,1.0,256702.50696852113,205989.08592835272,sd6,False,50713.42104016841
12.0832,20170316,100,1.0,241339.65374765327,205989.08592835272,sd6,False,35350.567819300544
5.9648,20170316,100,1.0,249190.97639867052,205989.08592835272,sd6,False,43201.8904703178
8.2432,20170316,100,1.0,245387.8921023705,205989.08592835272,sd6,False,39398.80617401778
4.1216,20170316,100,1.0,238120.1959795981,205989.08592835272,sd6,False,32131.110051245374
5.12,20170316,100,1.0,241406.9741979109,205989.08592835272,sd6,False,35417.88826955817
16.9728,20170316,100,1.0,254473.96524727647,209289.15403432547,sd6,False,45184.811212951
6.272,20170316,100,1.0,232978.5395984584,209289.15403432547,sd6,False,23689.385564132914
6.144,20170316,100,1.0,253100.5841882022,209289.15403432547,sd6,False,43811.43015387672
17.1264,20170316,100,1.0,250724.91874377304,209289.15403432547,sd6,False,41435.76470944757
17.2288,20170316,100,1.0,251437.34283742556,209289.15403432547,sd6,False,42148.188803100085
8.9856,20170316,100,1.0,256069.7072422246,209289.15403432547,sd6,False,46780.553207899124
8.2944,20170316,100,1.0,251839.7044744071,209289.15403432547,sd6,False,42550.55044008163
10.9056,20170316,100,1.0,250869.95934626024,209289.15403432547,sd6,False,41580.80531193476
15.7696,20170316,100,1.0,261709.0158875947,209289.15403432547,sd6,False,52419.86185326922
5.1456,20170316,100,1.0,262362.53259078827,209289.15403432547,sd6,False,53073.37855646279
8.8064,20170316,100,1.0,259876.83753529933,205002.75000087442,sd6,False,54874.08753442491
4.8128,20170316,100,1.0,234773.90742197173,205002.75000087442,sd6,False,29771.157421097305
5.6576,20170316,100,1.0,239333.00991387642,205002.75000087442,sd6,False,34330.259913001995
5.0688,20170316,100,1.0,242852.52078470396,205002.75000087442,sd6,False,37849.77078382953
6.195200000000002,20170316,100,1.0,239041.8824804073,205002.75000087442,sd6,False,34039.132479532884
6.8608,20170316,100,1.0,239935.0501983693,205002.75000087442,sd6,False,34932.300197494886
8.166400000000001,20170316,100,1.0,246282.5341880961,205002.75000087442,sd6,False,41279.78418722167
6.3232,20170316,100,1.0,241549.4269177053,205002.75000087442,sd6,False,36546.67691683088
7.9104,20170316,100,1.0,252645.5913593057,209985.17368712887,sd6,False,42660.417672176816
15.36,20170316,100,1.0,240682.23110218628,209985.17368712887,sd6,False,30697.05741505741
10.0864,20170316,100,1.0,253827.10397490519,209985.17368712887,sd6,False,43841.93028777631
8.1408,20170316,100,1.0,245547.44070975579,209985.17368712887,sd6,False,35562.26702262691
7.3984,20170316,100,1.0,415947.54213208857,209985.17368712887,sd6,False,205962.36844495972
10.7264,20170316,100,1.0,245450.8616028173,209985.17368712887,sd6,False,35465.68791568844
7.1168000000000005,20170316,100,1.0,256161.07921897122,209985.17368712887,sd6,False,46175.90553184235
1.8944,20170316,100,1.0,282935.7755815713,209985.17368712887,sd6,False,72950.6018944424
3.8144,20170316,100,1.0,255165.3111184889,209985.17368712887,sd6,False,45180.137431360024
8.96,20170316,100,1.0,254783.39450443786,209985.17368712887,sd6,False,44798.22081730898
5.888,20170316,100,1.0,253015.8015100827,209985.17368712887,sd6,False,43030.62782295383
9.0624,20170316,100,1.0,263263.49317549233,209985.17368712887,sd6,False,53278.31948836345
5.2736,20170316,100,1.0,253218.03324924922,209985.17368712887,sd6,False,43232.85956212034
12.0064,20170316,100,1.0,251633.91877342304,209985.17368712887,sd6,False,41648.74508629416
4.8896000000000015,20170316,100,1.0,243761.6356703689,209985.17368712887,sd6,False,33776.461983240035
6.4768,20170426,25,0.005,221699.44588994578,108730.87256673805,10sd1,True,451874.29329283093
11.6736,20170426,25,0.005,213375.17730779332,108730.87256673805,10sd1,True,418577.21896422113
7.9872,20170426,25,0.005,225023.58685963482,106100.50301209617,10sd1,True,475692.33539015456
5.4272,20170426,25,0.005,266976.5848703957,108796.05273461406,10sd1,False,632722.1285431266
8.1152,20170426,25,0.005,220696.72277194567,108796.05273461406,10sd1,True,447602.68014932645
12.7744,20170426,25,0.005,220034.29197163074,107619.38070327608,10sd1,True,449659.6450734186
14.7456,20170426,25,0.005,241853.43701326693,106167.95781877637,10sd1,True,542741.9167779622
5.7856000000000005,20170426,25,0.005,217561.70112278668,105449.38853171334,10sd1,True,448449.2503642933
5.7856000000000005,20170426,25,0.005,217561.70112278668,105449.38853171334,10sd1,True,448449.2503642933
5.7856000000000005,20170426,25,0.005,212745.17123462714,105449.38853171334,10sd1,True,429183.1308116552
5.6320000000000014,20170426,25,0.005,231041.7329656795,108542.43221849037,10sd1,True,489997.2029887565
5.7344,20170426,25,0.005,200689.94179395246,107280.07795311756,10sd1,False,373639.45536333957
7.2448000000000015,20170426,25,0.005,186681.6539477605,106720.72155347397,10sd1,True,319843.7295771461
4.5056,20170426,25,0.005,203356.66679920926,106720.72155347397,10sd1,True,386543.78098294116
4.9408,20170426,25,0.005,213869.69919852415,102747.99498206297,10sd1,False,444486.8168658447
7.167999999999999,20170426,25,0.005,233103.4199345528,102747.99498206297,10sd1,False,521421.69980995933
17.1008,20170426,25,0.005,237203.36660331214,102747.99498206297,10sd1,False,537821.4864849967
9.6256,20170426,25,0.005,228100.54026106966,102747.99498206297,10sd1,False,501410.18111602677
7.8336000000000015,20170426,25,0.005,198109.2333697516,102747.99498206297,10sd1,False,381444.95355075446
4.9664,20170426,25,0.005,192571.81929989677,102747.99498206297,10sd1,True,359295.2972713352
5.9392000000000005,20170426,25,0.005,202489.0225086082,102747.99498206297,10sd1,True,398964.110106181
5.9392000000000005,20170426,25,0.005,202489.0225086082,102747.99498206297,10sd1,True,398964.110106181
4.2752,20170426,25,0.005,198098.43009617046,102747.99498206297,10sd1,True,381401.74045642995
9.4208,20170426,25,0.005,207567.1623202781,102747.99498206297,10sd1,True,419276.6693528604
9.4208,20170426,25,0.005,207567.1623202781,102747.99498206297,10sd1,True,419276.6693528604
10.6496,20170426,25,0.005,217973.94854860078,102747.99498206297,10sd1,True,460903.81426615117
13.056,20170426,25,0.005,198182.327919178,102747.99498206297,10sd1,True,381737.3317484602
13.056,20170426,25,0.005,198182.327919178,102747.99498206297,10sd1,True,381737.3317484602
13.056,20170426,25,0.005,198182.327919178,102747.99498206297,10sd1,True,381737.3317484602
10.6496,20170426,25,0.005,217973.94854860078,102747.99498206297,10sd1,True,460903.81426615117
10.6496,20170426,25,0.005,217973.94854860078,102747.99498206297,10sd1,True,460903.81426615117
10.6496,20170426,25,0.005,217973.94854860078,102747.99498206297,10sd1,True,460903.81426615117
7.167999999999999,20170426,25,0.005,233103.4199345528,102747.99498206297,10sd1,True,521421.69980995933
6.9376000000000015,20170426,25,0.005,229706.38905767238,102747.99498206297,10sd1,True,507833.57630243764
17.1008,20170426,25,0.005,237203.36660331214,102747.99498206297,10sd1,True,537821.4864849967
17.1008,20170426,25,0.005,237203.36660331214,102747.99498206297,10sd1,True,537821.4864849967
17.1008,20170426,25,0.005,237203.36660331214,102747.99498206297,10sd1,True,537821.4864849967
7.4239999999999995,20170426,25,0.005,252877.00899168165,102747.99498206297,10sd1,True,600516.0560384747
7.4239999999999995,20170426,25,0.005,252877.00899168165,102747.99498206297,10sd1,True,600516.0560384747
14.9504,20170426,25,0.005,248663.30447394913,102747.99498206297,10sd1,True,583661.2379675447
14.9504,20170426,25,0.005,248663.30447394913,102747.99498206297,10sd1,True,583661.2379675447
14.9504,20170426,25,0.005,248663.30447394913,102747.99498206297,10sd1,True,583661.2379675447
14.9504,20170426,25,0.005,248663.30447394913,102747.99498206297,10sd1,True,583661.2379675447
9.6256,20170426,25,0.005,228100.54026106966,102747.99498206297,10sd1,True,501410.18111602677
5.376,20170426,25,0.005,181909.83729718052,102747.99498206297,10sd1,True,316647.3692604702
7.8336000000000015,20170426,25,0.005,198109.2333697516,102747.99498206297,10sd1,True,381444.95355075446
4.992,20170426,25,0.005,204419.34334515934,102747.99498206297,10sd1,True,406685.3934523855
5.12,20170426,25,0.005,220365.4707181353,102747.99498206297,10sd1,True,470469.9029442893
7.552,20170426,25,0.005,207494.07955715386,102747.99498206297,10sd1,True,418984.33830036357
7.552,20170426,25,0.005,207494.07955715386,102747.99498206297,10sd1,True,418984.33830036357
4.7104,20170426,25,0.005,229991.83110696694,102747.99498206297,10sd1,True,508975.3444996159
4.8384,20170426,25,0.005,237071.839727594,102747.99498206297,10sd1,True,537295.3789821242
7.5264000000000015,20170426,25,0.005,208238.7334654096,102747.99498206297,10sd1,True,421962.9539333865
7.5264000000000015,20170426,25,0.005,208238.7334654096,102747.99498206297,10sd1,True,421962.9539333865
9.1392,20170426,25,0.005,205654.83731310745,102747.99498206297,10sd1,True,411627.36932417785
9.1392,20170426,25,0.005,205654.83731310745,102747.99498206297,10sd1,True,411627.36932417785
5.1456,20170426,25,0.005,204740.26469609028,109526.3209738162,10sd1,False,380855.7748890963
5.4272,20170426,25,0.005,243104.98344145066,106563.2237380066,10sd1,True,546167.0388137762
9.7792,20170426,25,0.005,205909.0976965236,105153.47807625936,10sd1,True,403022.4784810569
5.8624,20170426,25,0.005,227044.43721727747,105153.47807625936,10sd1,True,487563.83656407247
9.1392,20170426,25,0.005,224088.09561083425,105153.47807625936,10sd1,True,475738.4701382995
8.064,20170426,25,0.005,200045.8377966408,105153.47807625936,10sd1,True,379569.4388815257
4.4544000000000015,20170426,25,0.005,237893.07776779696,106750.90456601293,10sd1,False,524568.6928071361
7.0144,20170426,25,0.005,213529.6652658285,106750.90456601293,10sd1,False,427115.04279926216
10.24,20170426,25,0.005,250922.6322417154,106750.90456601293,10sd1,False,576686.9107028098
10.5216,20170426,25,0.005,179363.62538556935,106750.90456601293,10sd1,True,290450.88327822566
10.5216,20170426,25,0.005,179363.62538556935,106750.90456601293,10sd1,True,290450.88327822566
6.0416,20170426,25,0.005,246690.1171851325,106750.90456601293,10sd1,True,559756.8504764782
6.7328,20170426,25,0.005,250266.56245165013,106750.90456601293,10sd1,True,574062.6315425488
5.888,20170426,25,0.005,228453.97826022102,106750.90456601293,10sd1,True,486812.29477683234
10.24,20170426,25,0.005,250922.6322417154,106750.90456601293,10sd1,True,576686.9107028098
10.3424,20170426,25,0.005,210000.65101762133,106750.90456601293,10sd1,True,412998.98580643366
10.3424,20170426,25,0.005,210000.65101762133,106750.90456601293,10sd1,True,412998.98580643366
10.0608,20170426,25,0.005,193858.82458265926,106750.90456601293,10sd1,True,348431.6800665853
10.0608,20170426,25,0.005,193858.82458265926,106750.90456601293,10sd1,True,348431.6800665853
6.1696,20170426,25,0.005,231956.89952189426,106750.90456601293,10sd1,True,500823.9798235253
6.1696,20170426,25,0.005,231956.89952189426,106750.90456601293,10sd1,True,500823.9798235253
14.5152,20170426,25,0.005,202392.9060882593,106750.90456601293,10sd1,True,382568.0060889855
14.5152,20170426,25,0.005,202392.9060882593,106750.90456601293,10sd1,True,382568.0060889855
7.6800000000000015,20170426,25,0.005,206844.2678008628,110688.20120806039,10sd1,True,384624.2663712097
8.3968,20170426,25,0.005,277022.23503895424,110688.20120806039,10sd1,True,665336.1353235755
8.3968,20170426,25,0.005,277022.23503895424,110688.20120806039,10sd1,True,665336.1353235755
5.4272,20170426,25,0.005,231413.6726969774,110688.20120806039,10sd1,True,482901.885955668
5.4272,20170426,25,0.005,231413.6726969774,110688.20120806039,10sd1,True,482901.885955668
22.7584,20170426,25,0.005,260824.68338711173,104319.88381232356,10sd1,False,626019.1982991527
11.776,20170426,25,0.005,193879.84798086356,104319.88381232356,10sd1,False,358239.85667416
4.8128,20170426,25,0.005,247574.91016268532,103796.74946575283,10sd1,False,575112.64278773
7.8336000000000015,20170426,25,0.005,245250.84144557454,103796.74946575283,10sd1,True,565816.3679192868
11.4944,20170324,100,0.02,244425.3231495323,169729.6606083469,16sd0,False,74695.66254118542
6.2208000000000006,20170324,100,0.02,275753.3808820957,169729.6606083469,16sd0,False,106023.72027374883
6.4768,20170324,100,0.02,230124.7652522963,169729.6606083469,16sd0,False,60395.104643949395
6.4768,20170324,100,0.02,230124.7652522963,169729.6606083469,16sd0,True,60395.104643949395
12.6464,20170324,100,0.02,249436.6319614141,171054.8863327089,16sd0,False,78381.74562870519
12.6464,20170324,100,0.02,249436.6319614141,171054.8863327089,16sd0,False,78381.74562870519
8.7552,20170324,100,0.02,229301.6432736188,170796.45346849278,16sd0,False,58505.18980512602
5.171200000000002,20170324,100,0.02,281125.2369290421,172440.40484378507,16sd0,False,108684.83208525702
9.6512,20170324,100,0.02,238739.62863248482,176217.99715651028,16sd0,False,62521.631475974544
6.7328,20170324,100,0.02,239975.44633507426,172209.09966741473,16sd0,True,67766.34666765953
5.7856000000000005,20170324,100,0.02,272065.8654396981,172193.33783493136,16sd0,False,99872.52760476674
7.3472,20170324,100,0.02,273914.0249974411,172193.33783493136,16sd0,False,101720.68716250974
8.0896,20170324,100,0.02,242082.69928348844,172193.33783493136,16sd0,False,69889.36144855709
8.0896,20170324,100,0.02,242082.69928348844,172193.33783493136,16sd0,False,69889.36144855709
9.344,20170324,100,0.02,263574.73829527927,172193.33783493136,16sd0,False,91381.40046034791
5.9648,20170324,100,0.02,233751.85554222087,172193.33783493136,16sd0,True,61558.51770728952
9.344,20170324,100,0.02,263574.73829527927,172193.33783493136,16sd0,True,91381.40046034791
7.3472,20170324,100,0.02,273914.0249974411,172193.33783493136,16sd0,True,101720.68716250974
11.4176,20170324,100,0.02,251469.8853759421,172193.33783493136,16sd0,True,79276.54754101075
13.5424,20170324,100,0.02,268465.0921262373,217631.33631590093,16sd0,False,50833.755810336355
6.2208000000000006,20170324,100,0.02,234511.57244220786,172891.16266160607,16sd0,False,61620.409780601796
6.2208000000000006,20170324,100,0.02,234511.57244220786,172891.16266160607,16sd0,False,61620.409780601796
6.4,20170324,100,0.02,245027.89355475485,172891.16266160607,16sd0,False,72136.73089314878
27.392000000000003,20170714,100,0.018000000000000002,247721.53338616114,185494.35551635802,sd4,False,62227.17786980313
6.0672000000000015,20170714,100,0.018000000000000002,231405.01976619285,182453.4551017864,sd4,False,48951.56466440644
3.4816000000000003,20170714,100,0.018000000000000002,220697.64501169228,182453.4551017864,sd4,False,38244.189909905865
3.9168,20170714,100,0.018000000000000002,217949.6376308786,182453.4551017864,sd4,False,35496.182529092184
6.8608,20170714,100,0.018000000000000002,212956.33645316822,182453.4551017864,sd4,False,30502.881351381802
6.8608,20170714,100,0.018000000000000002,212956.33645316822,182453.4551017864,sd4,False,30502.881351381802
6.5792,20170714,100,0.018000000000000002,221214.8682682754,182453.4551017864,sd4,False,38761.41316648899
30.7712,20170714,100,0.018000000000000002,233276.1834690441,182453.4551017864,sd4,False,50822.72836725769
30.7712,20170714,100,0.018000000000000002,233276.1834690441,182453.4551017864,sd4,False,50822.72836725769
8.3968,20170714,100,0.018000000000000002,225012.39584220378,182453.4551017864,sd4,False,42558.94074041737
8.3968,20170714,100,0.018000000000000002,225012.39584220378,182453.4551017864,sd4,False,42558.94074041737
30.7712,20170714,100,0.018000000000000002,233276.1834690441,182453.4551017864,sd4,False,50822.72836725769
5.6832,20170714,100,0.018000000000000002,236502.7570365809,187159.9220220739,sd4,False,49342.835014507
6.5280000000000005,20170714,100,0.018000000000000002,240120.76466208327,184315.509854286,sd4,False,55805.25480779726
4.7616000000000005,20170714,100,0.018000000000000002,191719.02712132467,184315.509854286,sd4,False,7403.517267038667
6.6048,20170714,100,0.018000000000000002,229771.47453295952,177264.00498794962,sd4,False,52507.4695450099
5.1968000000000005,20170714,100,0.018000000000000002,229533.4259355241,182082.52883550187,sd4,False,47450.89710002224
5.1968000000000005,20170714,100,0.018000000000000002,229533.4259355241,182082.52883550187,sd4,False,47450.89710002224
22.144,20170714,100,0.018000000000000002,228053.59647384594,186009.47541783,sd4,False,42044.12105601596
4.2496,20170714,100,0.018000000000000002,223917.4026781804,182899.57276922965,sd4,False,41017.82990895075
11.52,20170714,100,0.018000000000000002,225213.5228780695,182899.57276922965,sd4,False,42313.95010883984
14.0032,20170714,100,0.018000000000000002,232094.15345359372,182367.29508369407,sd4,False,49726.85836989965
14.0032,20170714,100,0.018000000000000002,232094.15345359372,182367.29508369407,sd4,False,49726.85836989965
14.0032,20170714,100,0.018000000000000002,232094.15345359372,182367.29508369407,sd4,False,49726.85836989965
14.0032,20170714,100,0.018000000000000002,232094.15345359372,182367.29508369407,sd4,False,49726.85836989965
4.4032,20170714,100,0.018000000000000002,228990.17786129873,182565.42461162945,sd4,False,46424.75324966927
4.4032,20170714,100,0.018000000000000002,228990.17786129873,182565.42461162945,sd4,False,46424.75324966927
10.4192,20170714,100,0.018000000000000002,238403.26958844386,182565.42461162945,sd4,False,55837.844976814406
10.4192,20170714,100,0.018000000000000002,238403.26958844386,182565.42461162945,sd4,False,55837.844976814406
10.752,20170714,100,0.018000000000000002,210617.68297601512,181039.82315430755,sd4,False,29577.859821707563
10.6496,20170714,100,0.018000000000000002,217469.4441678607,164038.5174340554,sd4,False,53430.9267338053
9.2672,20170714,100,0.018000000000000002,203120.3434533989,164038.5174340554,sd4,False,39081.82601934351
15.8976,20170714,100,0.018000000000000002,166722.99689922598,164038.5174340554,sd4,False,2684.479465170589
5.4528,20170519,50,0.5,350994.2715164532,258522.6408059835,12sd2,True,184943.26142093935
7.1936,20170519,50,0.5,374502.5908351935,258522.6408059835,12sd2,True,231959.90005842003
7.1936,20170519,50,0.5,374502.5908351935,258522.6408059835,12sd2,True,231959.90005842003
11.648,20170519,50,0.5,389782.1533673593,258522.6408059835,12sd2,True,262519.0251227516
11.648,20170519,50,0.5,389782.1533673593,258522.6408059835,12sd2,True,262519.0251227516
12.544,20170519,50,0.5,447112.2915743528,263148.75769890763,12sd2,False,367927.0677508904
13.44,20170519,50,0.5,311628.47657787445,250244.73118960805,12sd2,True,122767.4907765328
6.9888,20170519,50,0.5,325365.02462257573,255893.6995498225,12sd2,True,138942.6501455065
6.9888,20170519,50,0.5,325365.02462257573,255893.6995498225,12sd2,True,138942.6501455065
10.2144,20170519,50,0.5,348642.8394555862,263170.46502187,12sd2,False,170944.74886743247
8.3968,20170519,50,0.5,343299.1091316155,263170.46502187,12sd2,False,160257.28821949102
25.0624,20170519,50,0.5,369079.0713594256,263170.46502187,12sd2,True,211817.21267511125
25.0624,20170519,50,0.5,369079.0713594256,263170.46502187,12sd2,True,211817.21267511125
25.0624,20170519,50,0.5,369079.0713594256,263170.46502187,12sd2,True,211817.21267511125
6.2976,20170519,50,0.5,323965.0115143241,263170.46502187,12sd2,True,121589.09298490826
12.672,20170519,50,0.5,344350.92494793714,264639.7521240656,12sd2,True,159422.3456477431
12.672,20170519,50,0.5,344350.92494793714,264639.7521240656,12sd2,True,159422.3456477431
10.1888,20170519,50,0.5,373616.27821108,264639.7521240656,12sd2,True,217953.05217402882
26.0608,20170519,50,0.5,351942.51528779656,261587.1993844755,12sd2,True,180710.6318066421
11.6992,20170519,50,0.5,367213.58285281406,257181.7122921475,12sd2,True,220063.7411213331
9.5232,20170421,25,0.71,214236.99982018393,138313.4786003977,sd1,False,303694.0848791449
3.4816000000000003,20170421,25,0.71,209889.11165717922,136081.197273425,sd1,True,295231.6575350169
2.56,20170421,25,0.71,231635.69316463103,139557.2583363132,sd1,False,368313.73931327125
2.56,20170421,25,0.71,231635.69316463103,139557.2583363132,sd1,False,368313.73931327125
2.56,20170421,25,0.71,231635.69316463103,139557.2583363132,sd1,True,368313.73931327125
2.56,20170421,25,0.71,231635.69316463103,139557.2583363132,sd1,True,368313.73931327125
2.2272000000000003,20170421,25,0.71,282533.5505296133,139557.2583363132,sd1,True,571905.1687732002
12.5696,20170421,25,0.71,188609.9583554673,134645.7158742683,sd1,False,215856.96992479602
3.1232,20170421,25,0.71,273348.24905748764,139486.62057807253,sd1,False,535446.5139176605
3.1232,20170421,25,0.71,273348.24905748764,139486.62057807253,sd1,False,535446.5139176605
3.5328000000000004,20170421,25,0.71,223280.99998619207,139486.62057807253,sd1,True,335177.51763247815
9.2928,20170421,25,0.71,217098.23286331104,139383.28823377288,sd1,True,310859.77851815266
2.8928000000000003,20170421,25,0.71,231920.28669484446,139181.5344787048,sd1,False,370955.00886455865
2.8928000000000003,20170421,25,0.71,231920.28669484446,139181.5344787048,sd1,True,370955.00886455865
3.1744000000000003,20170421,25,0.71,220953.80282838352,138652.87754256278,sd1,False,329203.70114328293
2.048,20170421,25,0.71,181900.4564653864,138652.87754256278,sd1,False,172990.3156912945
6.6048,20170421,25,0.71,282890.45490310504,141037.59095744276,sd1,True,567411.4557826491
5.888,20170509,50,2.2,212948.17632382712,111043.48902447012,sd2,False,203809.374598714
5.0176,20170509,50,2.2,171548.79366592644,111043.48902447012,sd2,True,121010.60928291263
8.7296,20170509,50,2.2,166950.0462858058,110918.3828542875,sd2,True,112063.32686303658
5.504,20170509,50,2.2,171976.80376253536,108818.40424757068,sd2,False,126316.79902992936
5.6064,20170509,50,2.2,252167.20825023914,108818.40424757068,sd2,True,286697.60800533695
4.2752,20170509,50,2.2,174368.80254069626,116263.04650911395,sd2,True,116211.51206316461
9.5488,20170509,50,2.2,192638.58867119526,110681.46446404544,sd2,False,163914.24841429965
5.888,20170509,50,2.2,197781.51553601073,122784.55282758322,sd2,False,149993.92541685503
11.3408,20170509,50,2.2,239196.75173664297,117561.20479706665,sd2,False,243271.09387915264
8.8832,20170509,50,2.2,156567.80923324876,117561.20479706665,sd2,False,78013.20887236422
7.0912000000000015,20170509,50,2.2,212232.1456435672,117561.20479706665,sd2,True,189341.88169300108
7.0912000000000015,20170509,50,2.2,212232.1456435672,117561.20479706665,sd2,True,189341.88169300108
6.2208000000000006,20170509,50,2.2,235858.9161206988,117561.20479706665,sd2,True,236595.4226472643
11.3408,20170509,50,2.2,239196.75173664297,117561.20479706665,sd2,True,243271.09387915264
5.6576,20170509,50,2.2,185898.2581103004,117561.20479706665,sd2,True,136674.10662646752
9.0624,20170509,50,2.2,199593.99907413122,117561.20479706665,sd2,True,164065.58855412915
6.6816,20170509,50,2.2,206972.29225817093,118857.75137412472,sd2,False,176229.0817680924
25.523200000000006,20170509,50,2.2,246768.39043562513,118857.75137412472,sd2,False,255821.2781230008
13.4656,20170509,50,2.2,210670.4516196418,118857.75137412472,sd2,False,183625.40049103418
13.4656,20170509,50,2.2,210670.4516196418,118857.75137412472,sd2,False,183625.40049103418
10.9312,20170509,50,2.2,247851.04082708692,118857.75137412472,sd2,False,257986.5789059244
25.523200000000006,20170509,50,2.2,246768.39043562513,118857.75137412472,sd2,True,255821.2781230008
13.4656,20170509,50,2.2,210670.4516196418,118857.75137412472,sd2,True,183625.40049103418
6.6816,20170509,50,2.2,206972.29225817093,118857.75137412472,sd2,True,176229.0817680924
7.7312,20170509,50,2.2,213077.95372728296,118857.75137412472,sd2,True,188440.40470631648
7.7312,20170509,50,2.2,213077.95372728296,118857.75137412472,sd2,True,188440.40470631648
9.5744,20170509,50,2.2,232809.748813525,118857.75137412472,sd2,True,227903.9948788005
9.5744,20170509,50,2.2,232809.748813525,118857.75137412472,sd2,True,227903.9948788005
16.6144,20170509,50,2.2,229210.2805303526,123789.79282722618,sd2,False,210840.97540625287
9.5232,20170509,50,2.2,191914.98355002105,123789.79282722618,sd2,True,136250.38144558974
9.5232,20170509,50,2.2,191914.98355002105,123789.79282722618,sd2,True,136250.38144558974
7.065600000000001,20170509,50,2.2,201491.4149691068,114889.51445884234,sd2,False,173203.8010205289
33.8688,20170509,50,2.2,207995.2324169261,114889.51445884234,sd2,False,186211.4359161675
9.0624,20170518,50,2.0,381383.0230283782,293155.1278846008,12sd2,False,176455.79028755485
4.7104,20170518,50,2.0,392649.9394238271,293155.1278846008,12sd2,False,198989.62307845266
8.3712,20170518,50,2.0,368545.0619082538,295730.1675104948,12sd2,False,145629.788795518
7.4752,20170518,50,2.0,415575.32701859646,299564.5030936015,12sd2,False,232021.64784998994
17.561600000000002,20170518,50,2.0,430310.17918557615,315324.8830989314,12sd2,False,229970.5921732895
5.0944,20170518,50,2.0,419624.26412626414,298801.3686397973,12sd2,False,241645.7909729336
8.064,20170518,50,2.0,365477.59697395033,298801.3686397973,12sd2,False,133352.45666830603
5.8368,20170518,50,2.0,421125.98176138377,298801.3686397973,12sd2,False,244649.2262431729
20.1472,20170518,50,2.0,424767.7440937553,298801.3686397973,12sd2,False,251932.750907916
5.8368,20170518,50,2.0,421125.98176138377,298801.3686397973,12sd2,False,244649.2262431729
8.448,20170518,50,2.0,427689.63636442827,298801.3686397973,12sd2,False,257776.5354492619
8.448,20170518,50,2.0,427689.63636442827,298801.3686397973,12sd2,False,257776.5354492619
5.504,20170518,50,2.0,375974.7272364708,298801.3686397973,12sd2,False,154346.71719334694
13.056,20170518,50,2.0,391446.8974615153,298801.3686397973,12sd2,False,185291.057643436
13.056,20170518,50,2.0,391446.8974615153,298801.3686397973,12sd2,False,185291.057643436
13.056,20170518,50,2.0,391446.8974615153,298801.3686397973,12sd2,False,185291.057643436
5.7856000000000005,20170518,50,2.0,374934.5413187815,298801.3686397973,12sd2,False,152266.34535796836
4.9152000000000005,20170518,50,2.0,364179.1467901651,298801.3686397973,12sd2,False,130755.55630073557
5.8368,20170518,50,2.0,403388.7208845655,298801.3686397973,12sd2,False,209174.70448953635
13.056,20170518,50,2.0,391446.8974615153,298801.3686397973,12sd2,True,185291.057643436
20.1472,20170518,50,2.0,424767.7440937553,298801.3686397973,12sd2,True,251932.750907916
5.2992,20170518,50,2.0,400326.29778102745,310170.52705953515,12sd2,False,180311.5414429846
15.104,20170518,50,2.0,405378.03435993573,310170.52705953515,12sd2,True,190415.01460080117
5.2992,20170518,50,2.0,400326.29778102745,310170.52705953515,12sd2,True,180311.5414429846
8.4992,20170518,50,2.0,357533.13226840994,290175.20357764896,12sd2,False,134715.85738152196
10.7776,20170518,50,2.0,394413.6451447264,290175.20357764896,12sd2,False,208476.88313415484
13.4144,20170518,50,2.0,405069.6686730922,315259.74049997376,12sd2,False,179619.8563462369
13.4144,20170518,50,2.0,405069.6686730922,315259.74049997376,12sd2,False,179619.8563462369
16.8704,20170518,50,2.0,412207.9179539745,315259.74049997376,12sd2,False,193896.3549080015
16.8704,20170518,50,2.0,412207.9179539745,315259.74049997376,12sd2,False,193896.3549080015
22.3744,20170518,50,2.0,398572.2382121884,315259.74049997376,12sd2,False,166624.9954244293
13.7984,20170518,50,2.0,406037.324253044,315259.74049997376,12sd2,False,181555.16750614042
13.7984,20170518,50,2.0,406037.324253044,315259.74049997376,12sd2,False,181555.16750614042
6.4256,20170518,50,2.0,449716.8624474482,315259.74049997376,12sd2,False,268914.24389494886
8.7552,20170518,50,2.0,433439.3444547745,315259.74049997376,12sd2,False,236359.2079096015
8.7552,20170518,50,2.0,433439.3444547745,315259.74049997376,12sd2,False,236359.2079096015
13.4144,20170518,50,2.0,405069.6686730922,315259.74049997376,12sd2,True,179619.8563462369
13.4144,20170518,50,2.0,405069.6686730922,315259.74049997376,12sd2,True,179619.8563462369
16.8704,20170518,50,2.0,412207.9179539745,315259.74049997376,12sd2,True,193896.3549080015
22.3744,20170518,50,2.0,398572.2382121884,315259.74049997376,12sd2,True,166624.9954244293
5.8624,20170517,50,2.17,475881.9439879428,378637.87146393047,sd2,False,194488.14504802471
5.8624,20170517,50,2.17,475881.9439879428,378637.87146393047,sd2,False,194488.14504802471
26.112,20170517,50,2.17,459824.05449690134,378637.87146393047,sd2,False,162372.36606594175
26.112,20170517,50,2.17,459824.05449690134,378637.87146393047,sd2,False,162372.36606594175
5.247999999999999,20170517,50,2.17,468059.4076343147,378637.87146393047,sd2,True,178843.0723407684
26.112,20170517,50,2.17,459824.05449690134,378637.87146393047,sd2,True,162372.36606594175
4.8896000000000015,20170517,50,2.17,443605.9809239084,362466.2759210336,sd2,False,162279.41000574967
4.8896000000000015,20170517,50,2.17,443605.9809239084,362466.2759210336,sd2,False,162279.41000574967
4.0192000000000005,20170517,50,2.17,417210.5687064411,362466.2759210336,sd2,True,109488.58557081502
6.9632000000000005,20170517,50,2.17,387670.8028213367,340777.422362712,sd2,False,93786.76091724948
5.4272,20170517,50,2.17,436829.2145094162,340777.422362712,sd2,False,192103.58429340844
5.3504000000000005,20170517,50,2.17,474877.6624825069,386526.5564155377,sd2,True,176702.21213393833
6.3744000000000005,20170517,50,2.17,469021.6238468251,372016.17505362036,sd2,False,194010.89758640944
6.3744000000000005,20170517,50,2.17,469021.6238468251,372016.17505362036,sd2,True,194010.89758640944
6.3744000000000005,20170517,50,2.17,469021.6238468251,372016.17505362036,sd2,True,194010.89758640944
6.3744000000000005,20170517,50,2.17,469021.6238468251,372016.17505362036,sd2,True,194010.89758640944
13.7728,20170517,50,2.17,501999.301893865,372016.17505362036,sd2,True,259966.25368048926
6.6048,20170517,50,2.17,464045.79263316275,358829.23047008045,sd2,False,210433.1243261646
16.819200000000002,20170517,50,2.17,467603.19801431603,367889.08228153305,sd2,True,199428.23146556597
7.8848,20170517,50,2.17,454334.14214614755,367889.08228153305,sd2,True,172890.11972922902
7.6288,20170517,50,2.17,451558.0718150131,370847.75492227,sd2,False,161420.63378548622
11.4944,20170517,50,2.17,440814.1578628096,370847.75492227,sd2,False,139932.80588107917
8.32,20170517,50,2.17,482000.85340882884,371910.4576020956,sd2,True,220180.79161346646
6.8096000000000005,20170517,50,2.17,450606.5204860251,385278.6003370443,sd2,False,130655.84029796161
7.9872,20170517,50,2.17,450930.84899565094,364865.551396206,sd2,False,172130.59519888985
14.5152,20170517,50,2.17,490112.2254507417,364865.551396206,sd2,False,250493.34810907138
4.5056,20170517,50,2.17,449268.78811431717,364865.551396206,sd2,False,168806.4734362223
17.1776,20170517,50,2.17,444765.0550041264,364865.551396206,sd2,False,159799.00721584074
17.1776,20170517,50,2.17,444765.0550041264,364865.551396206,sd2,False,159799.00721584074
6.8864,20170517,50,2.17,429154.5521376555,364865.551396206,sd2,False,128578.00148289895
17.1776,20170517,50,2.17,444765.0550041264,364865.551396206,sd2,False,159799.00721584074
5.3248000000000015,20170517,50,2.17,531673.6505450144,364865.551396206,sd2,False,333616.1982976168
5.3248000000000015,20170517,50,2.17,531673.6505450144,364865.551396206,sd2,False,333616.1982976168
6.5536,20170517,50,2.17,472860.9753524034,364865.551396206,sd2,False,215990.8479123948
3.9168,20170517,50,2.17,481749.40606366674,364865.551396206,sd2,False,233767.70933492144
7.9872,20170517,50,2.17,450930.84899565094,364865.551396206,sd2,True,172130.59519888985
8.345600000000001,20170517,50,2.17,446731.4781606415,364865.551396206,sd2,True,163731.85352887097
8.345600000000001,20170517,50,2.17,446731.4781606415,364865.551396206,sd2,True,163731.85352887097
14.5152,20170517,50,2.17,490112.2254507417,364865.551396206,sd2,True,250493.34810907138
14.5152,20170517,50,2.17,490112.2254507417,364865.551396206,sd2,True,250493.34810907138
6.5536,20170517,50,2.17,472860.9753524034,364865.551396206,sd2,True,215990.8479123948
10.0864,20170517,50,2.17,469323.42917365936,364865.551396206,sd2,True,208915.75555490667
10.0864,20170517,50,2.17,469323.42917365936,364865.551396206,sd2,True,208915.75555490667
11.0336,20170517,50,2.17,445437.3753403444,364865.551396206,sd2,True,161143.64788827673
11.0336,20170517,50,2.17,445437.3753403444,364865.551396206,sd2,True,161143.64788827673
32.512,20170517,50,2.17,463347.1391638219,365077.532455028,sd2,False,196539.2134175878
13.0048,20170517,50,2.17,444324.4767055392,365077.532455028,sd2,False,158493.88850102248
21.8624,20170517,50,2.17,420891.2140618801,365077.532455028,sd2,False,111627.36321370419
6.4256,20170517,50,2.17,415707.1681125235,365077.532455028,sd2,True,101259.27131499106
6.1696,20170517,50,2.17,466176.6682135214,365077.532455028,sd2,True,202198.2715169869
6.1696,20170517,50,2.17,466176.6682135214,365077.532455028,sd2,True,202198.2715169869
7.6288,20170517,50,2.17,447863.2294402063,365804.55429967615,sd2,False,164117.35028106032
7.6288,20170517,50,2.17,447863.2294402063,365804.55429967615,sd2,False,164117.35028106032
7.6288,20170517,50,2.17,447863.2294402063,365804.55429967615,sd2,False,164117.35028106032
14.8224,20170517,50,2.17,444471.885514946,365804.55429967615,sd2,False,157334.66243053973
5.9904,20170517,50,2.17,443615.0531007893,365804.55429967615,sd2,False,155620.99760222633
7.6288,20170517,50,2.17,447863.2294402063,365804.55429967615,sd2,True,164117.35028106032
5.9904,20170517,50,2.17,443615.0531007893,365804.55429967615,sd2,True,155620.99760222633
4.7872,20170517,50,2.17,547946.5999656328,390216.01041453663,sd2,False,315461.1791021923
4.7872,20170517,50,2.17,547946.5999656328,390216.01041453663,sd2,False,315461.1791021923
5.0432000000000015,20170517,50,2.17,485544.7115930357,390216.01041453663,sd2,False,190657.40235699818
13.568,20170517,50,2.17,474637.7999835104,390216.01041453663,sd2,False,168843.57913794753
13.568,20170517,50,2.17,474637.7999835104,390216.01041453663,sd2,False,168843.57913794753
16.8448,20170517,50,2.17,489613.99122718564,390216.01041453663,sd2,True,198795.96162529805
8.9856,20170517,50,2.17,449695.52372152096,355763.1045865221,sd2,False,187864.83826999774
4.5568,20170517,50,2.17,389515.7173039698,355763.1045865221,sd2,False,67505.22543489537
12.8256,20170517,50,2.17,438676.7221057906,355763.1045865221,sd2,False,165827.23503853707
5.8624,20170517,50,2.17,469334.09988226107,355763.1045865221,sd2,True,227141.99059147795
7.7056,20170517,50,2.17,473965.5888938874,355763.1045865221,sd2,True,236404.96861473063
7.7056,20170517,50,2.17,473965.5888938874,355763.1045865221,sd2,True,236404.96861473063
8.4992,20170517,50,2.17,426548.2331159508,355763.1045865221,sd2,True,141570.25705885736
8.4992,20170517,50,2.17,426548.2331159508,355763.1045865221,sd2,True,141570.25705885736
12.8256,20170517,50,2.17,438676.7221057906,355763.1045865221,sd2,True,165827.23503853707
12.8256,20170517,50,2.17,438676.7221057906,355763.1045865221,sd2,True,165827.23503853707
6.1184,20170517,50,2.17,446700.86067604745,355763.1045865221,sd2,True,181875.5121790507
7.8848,20170517,50,2.17,427015.65582229354,359450.74260441755,sd2,False,135129.82643575198
4.2496,20170517,50,2.17,403228.7785200506,359450.74260441755,sd2,False,87556.07183126605
6.2464,20170517,50,2.17,440619.4088285955,355135.0213006378,sd2,False,170968.77505591535
6.3232,20170517,50,2.17,415160.40085756854,353825.246233665,sd2,False,122670.30924780713
6.3232,20170517,50,2.17,415160.40085756854,353825.246233665,sd2,False,122670.30924780713
8.7296,20170517,50,2.17,386456.0828530318,353825.246233665,sd2,False,65261.673238733674
8.7296,20170517,50,2.17,386456.0828530318,353825.246233665,sd2,True,65261.673238733674
7.6800000000000015,20170517,50,2.17,476649.04872217326,380013.3032946475,sd2,False,193271.49085505155
12.8256,20170424,25,1.92,175097.39696582337,104315.6962436136,sd1,False,283126.8028888391
6.6048,20170424,25,1.92,175188.93812895677,104315.6962436136,sd1,True,283492.9675413727
6.6048,20170424,25,1.92,175188.93812895677,104315.6962436136,sd1,True,283492.9675413727
10.6752,20170424,25,1.92,196375.18476639426,104315.6962436136,sd1,True,368237.95409112266
7.8592,20170424,25,1.92,203586.94046544872,101583.28261508976,sd1,False,408014.6314014358
9.1392,20170424,25,1.92,207488.12841804352,101583.28261508976,sd1,True,423619.38321181503
10.9312,20170424,25,1.92,215052.00549218824,101583.28261508976,sd1,True,453874.89150839386
10.9312,20170424,25,1.92,215052.00549218824,101583.28261508976,sd1,True,453874.89150839386
10.9312,20170424,25,1.92,215052.00549218824,101583.28261508976,sd1,True,453874.89150839386
7.7056,20170424,25,1.92,170010.38339489087,98820.10096623348,sd1,True,284761.12971462955
9.8048,20170424,25,1.92,168628.02742128525,97188.13200017363,sd1,True,285759.5816844465
6.5792,20170424,25,1.92,189870.92857797683,97188.13200017363,sd1,True,370731.1863112128
4.5568,20170424,25,1.92,165343.6062886752,97188.13200017363,sd1,True,272621.89715400623
9.856,20170424,25,1.92,173768.6427006883,97188.13200017363,sd1,True,306322.0428020587
6.5024000000000015,20170424,25,1.92,167396.6937834601,99801.05469772304,sd1,False,270382.5563429482
6.144,20170424,25,1.92,183890.32592781872,99801.05469772304,sd1,False,336357.0849203827
4.0448,20170424,25,1.92,202581.67001643183,99801.05469772304,sd1,True,411122.46127483516
6.5024000000000015,20170424,25,1.92,167396.6937834601,99801.05469772304,sd1,True,270382.5563429482
5.8624,20170424,25,1.92,170145.44774884154,99801.05469772304,sd1,True,281377.572204474
5.760000000000002,20170424,25,1.92,188175.93133442986,102760.72812507351,sd1,False,341660.8128374254
5.2224,20170424,25,1.92,209107.78010733364,102760.72812507351,sd1,False,425388.20792904054
5.760000000000002,20170424,25,1.92,188175.93133442986,102760.72812507351,sd1,True,341660.8128374254
10.0352,20170424,25,1.92,196960.35037548066,102142.85942108557,sd1,False,379269.96381758037
10.0352,20170424,25,1.92,196960.35037548066,102142.85942108557,sd1,False,379269.96381758037
8.7552,20170424,25,1.92,177513.3822683696,102142.85942108557,sd1,True,301482.09138913616
6.3232,20170424,25,1.92,176638.46966110053,102142.85942108557,sd1,True,297982.4409600599
6.3232,20170424,25,1.92,176638.46966110053,102142.85942108557,sd1,True,297982.4409600599
6.3232,20170424,25,1.92,176638.46966110053,102142.85942108557,sd1,True,297982.4409600599
8.6784,20170424,25,1.92,163053.04622278325,101839.93370708048,sd1,False,244852.45006281108
5.0688,20170424,25,1.92,215421.13130621426,101839.93370708048,sd1,False,454324.79039653507
8.6784,20170424,25,1.92,163053.04622278325,101839.93370708048,sd1,False,244852.45006281108
22.6816,20170424,25,1.92,183999.97740893238,101839.93370708048,sd1,True,328640.1748074076
6.0928,20170424,25,1.92,156934.37982371874,101839.93370708048,sd1,True,220377.78446655307
6.0928,20170424,25,1.92,156934.37982371874,101839.93370708048,sd1,True,220377.78446655307
6.5280000000000005,20170424,25,1.92,153626.10904174682,100217.34280985381,sd1,False,213635.06492757204
8.601600000000001,20170424,25,1.92,195408.526343829,100217.34280985381,sd1,False,380764.73413590074
6.0928,20170424,25,1.92,172504.42967707393,100217.34280985381,sd1,True,289148.34746888047
4.0448,20170424,25,1.92,161299.67321514722,100217.34280985381,sd1,True,244329.32162117364
6.4768,20170424,25,1.92,181713.61019891925,100217.34280985381,sd1,True,325985.06955626176
14.2336,20170424,25,1.92,202083.12404019895,100474.63252946567,sd1,False,406433.9660429331
14.2336,20170424,25,1.92,202083.12404019895,100474.63252946567,sd1,False,406433.9660429331
5.2992,20170424,25,1.92,182207.36135569325,100474.63252946567,sd1,True,326930.91530491033
5.2992,20170424,25,1.92,182207.36135569325,100474.63252946567,sd1,True,326930.91530491033
5.2992,20170424,25,1.92,182207.36135569325,100474.63252946567,sd1,True,326930.91530491033
14.847999999999999,20170424,25,1.92,193336.82765299553,100474.63252946567,sd1,True,371448.78049411945
6.2208000000000006,20170424,25,1.92,168087.162542798,100744.46876264816,sd1,False,269370.77512059937
6.2208000000000006,20170424,25,1.92,168087.162542798,100744.46876264816,sd1,True,269370.77512059937
34.7904,20170424,25,1.92,210821.31267892852,100902.2244516876,sd1,False,439676.3529089637
34.7904,20170424,25,1.92,210821.31267892852,100902.2244516876,sd1,True,439676.3529089637
6.1184,20170424,25,1.92,174040.6072323824,100902.2244516876,sd1,True,292553.53112277924
9.1136,20170424,25,1.92,175528.2087504168,100902.2244516876,sd1,True,298503.93719491677
3.84,20170424,25,1.92,175093.60248612546,100902.2244516876,sd1,True,296765.51213775144
4.9408,20170424,25,1.92,188812.92762450935,100902.2244516876,sd1,True,351642.812691287
19.8656,20170424,25,1.92,168634.5360501858,101788.35272120114,sd1,False,267384.7333159386
9.6768,20170424,25,1.92,178928.91431540574,102174.62460933247,sd1,True,307017.15882429306
4.5824,20170424,25,1.92,174660.0150809343,96547.0166382091,sd1,True,312451.9937709008
6.0672000000000015,20170424,25,1.92,177515.77071012964,94783.47150280557,sd1,False,330929.1968292963
7.936,20170424,25,1.92,168415.72453959822,94783.47150280557,sd1,True,294529.0121471706
6.0672000000000015,20170424,25,1.92,177515.77071012964,94783.47150280557,sd1,True,330929.1968292963
5.247999999999999,20170424,25,1.92,162567.5487084616,94783.47150280557,sd1,True,271136.30882262415
8.1152,20170424,25,1.92,160829.38673679333,94783.47150280557,sd1,True,264183.66093595105
15.6416,20170424,25,1.92,148078.88320614462,94783.47150280557,sd1,True,213181.6468133562
15.6416,20170424,25,1.92,148078.88320614462,94783.47150280557,sd1,True,213181.6468133562
5.6832,20170424,25,1.92,199974.0770725992,101319.50360394672,sd1,False,394618.2938746099
5.6832,20170424,25,1.92,199974.0770725992,101319.50360394672,sd1,False,394618.2938746099
4.3264000000000005,20170424,25,1.92,179042.66276335676,101319.50360394672,sd1,True,310892.6366376401
9.1904,20170424,25,1.92,159247.76520416286,101319.50360394672,sd1,True,231713.04640086452
9.1904,20170424,25,1.92,159247.76520416286,101319.50360394672,sd1,True,231713.04640086452
5.2992,20170424,25,1.92,160512.7812779108,102664.29539192397,sd1,True,231393.9435439474
4.224,20170428,25,1.88,260639.57350467172,91569.52696227988,10sd1,True,676280.1861695673
6.1184,20170428,25,1.88,218656.26596659,91569.52696227988,10sd1,True,508346.95601724053
14.8992,20170428,25,1.88,372014.5107406055,88185.32352506691,10sd1,False,1135316.7488621543
14.8992,20170428,25,1.88,372014.5107406055,88185.32352506691,10sd1,False,1135316.7488621543
2.3296,20170428,25,1.88,105205.5382447262,88185.32352506691,10sd1,True,68080.85887863714
5.4272,20170428,25,1.88,216158.97016184442,88185.32352506691,10sd1,True,511894.58654711006
4.6080000000000005,20170428,25,1.88,181835.8804573112,88185.32352506691,10sd1,True,374602.2277289771
2.2528,20170428,25,1.88,100312.45762601886,90920.7072822794,10sd1,False,37567.00137495785
4.8128,20170428,25,1.88,210827.63704346388,90920.7072822794,10sd1,False,479627.71904473787
4.8128,20170428,25,1.88,210827.63704346388,90920.7072822794,10sd1,False,479627.71904473787
4.8128,20170428,25,1.88,210827.63704346388,90920.7072822794,10sd1,True,479627.71904473787
3.8144,20170428,25,1.88,277397.4947471169,90920.7072822794,10sd1,True,745907.1498593502
4.48,20170428,25,1.88,230492.13204028553,88766.34935068723,10sd1,False,566903.1307583932
4.48,20170428,25,1.88,230492.13204028553,88766.34935068723,10sd1,False,566903.1307583932
7.3472,20170428,25,1.88,225146.66599520307,88228.99602950775,10sd1,True,547670.6798627813
7.3472,20170428,25,1.88,225146.66599520307,88228.99602950775,10sd1,True,547670.6798627813
4.352,20170428,25,1.88,281373.0450815748,88228.99602950775,10sd1,True,772576.1962082683
4.352,20170428,25,1.88,281373.0450815748,88228.99602950775,10sd1,True,772576.1962082683
14.72,20170428,25,1.88,199378.87138804508,88228.99602950775,10sd1,True,444599.5014341494
14.72,20170428,25,1.88,199378.87138804508,88228.99602950775,10sd1,True,444599.5014341494
14.72,20170428,25,1.88,199378.87138804508,88228.99602950775,10sd1,True,444599.5014341494
6.8352,20170428,25,1.88,169274.27913941053,89859.61940589297,10sd1,True,317658.63893407024
16.3072,20170428,25,1.88,219093.726971682,92404.27050006679,10sd1,False,506757.8258864608
16.3072,20170428,25,1.88,219093.726971682,92404.27050006679,10sd1,False,506757.8258864608
6.0928,20170428,25,1.88,227378.22677740353,92404.27050006679,10sd1,True,539895.825109347
18.9696,20170428,25,1.88,216509.42552309728,92404.27050006679,10sd1,True,496420.62009212194
10.3936,20170428,25,1.88,241460.4831924981,92404.27050006679,10sd1,True,596224.8507697252
11.0592,20170428,25,1.88,282872.63771423517,92404.27050006679,10sd1,True,761873.4688566733
16.3072,20170428,25,1.88,219093.726971682,92404.27050006679,10sd1,True,506757.8258864608
16.3072,20170428,25,1.88,219093.726971682,92404.27050006679,10sd1,True,506757.8258864608
4.7360000000000015,20170428,25,1.88,193735.49014053395,91245.70561358787,10sd1,False,409959.1381077843
4.7360000000000015,20170428,25,1.88,193735.49014053395,91245.70561358787,10sd1,False,409959.1381077843
4.7616000000000005,20170428,25,1.88,191085.5946941936,91245.70561358787,10sd1,True,399359.5563224229
4.7360000000000015,20170428,25,1.88,193735.49014053395,91245.70561358787,10sd1,True,409959.1381077843
9.1392,20170428,25,1.88,215005.2506096852,91245.70561358787,10sd1,True,495038.17998438934
5.4272,20170428,25,1.88,165511.07411135454,87580.5602141814,10sd1,False,311722.05558869254
5.0432000000000015,20170428,25,1.88,164730.08879151073,87580.5602141814,10sd1,False,308598.1143093173
8.576,20170428,25,1.88,173043.61665768948,87580.5602141814,10sd1,True,341852.2257740323
5.6832,20170428,25,1.88,195431.94250312995,87580.5602141814,10sd1,True,431405.5291557942
6.5792,20170428,25,1.88,232832.5045364194,86780.43443512372,10sd1,False,584208.2804051827
9.9328,20170428,25,1.88,225898.654222872,86780.43443512372,10sd1,True,556472.8791509931
13.184,20170428,25,1.88,180721.28331693765,86780.43443512372,10sd1,True,375763.39552725566
13.184,20170428,25,1.88,180721.28331693765,86780.43443512372,10sd1,True,375763.39552725566
7.219200000000002,20170428,25,1.88,212229.49217921868,86780.43443512372,10sd1,True,501796.2309763798
7.3472,20170428,25,1.88,209009.15700731974,86780.43443512372,10sd1,True,488914.89028878405
7.3472,20170428,25,1.88,220954.91727341586,94869.29443780334,10sd1,False,504342.4913424501
8.0896,20170428,25,1.88,227301.45238012174,94869.29443780334,10sd1,False,529728.6317692737
7.3472,20170428,25,1.88,220954.91727341586,94869.29443780334,10sd1,True,504342.4913424501
8.6784,20170428,25,1.88,214181.09025300568,89519.12764929944,10sd1,False,498647.8504148249
6.3744000000000005,20170428,25,1.88,197873.53801748992,89519.12764929944,10sd1,False,433417.6414727619
16.332800000000002,20170428,25,1.88,202908.8322611394,89519.12764929944,10sd1,True,453558.8184473599
16.332800000000002,20170428,25,1.88,202908.8322611394,89519.12764929944,10sd1,True,453558.8184473599
8.6784,20170428,25,1.88,214181.09025300568,89519.12764929944,10sd1,True,498647.8504148249
16.332800000000002,20170428,25,1.88,255352.6525167072,89519.12764929944,10sd1,True,663334.099469631
16.332800000000002,20170428,25,1.88,255352.6525167072,89519.12764929944,10sd1,True,663334.099469631
6.3744000000000005,20170428,25,1.88,197873.53801748992,89519.12764929944,10sd1,True,433417.6414727619
7.4752,20170428,25,1.88,212142.24457740565,89519.12764929944,10sd1,True,490492.46771242487
7.4752,20170428,25,1.88,212142.24457740565,89519.12764929944,10sd1,True,490492.46771242487
8.5248,20170428,25,1.88,251918.42614775343,89519.12764929944,10sd1,True,649597.1939938159
8.5248,20170428,25,1.88,251918.42614775343,89519.12764929944,10sd1,True,649597.1939938159
7.0912000000000015,20170428,25,1.88,224570.97263909137,89519.12764929944,10sd1,True,540207.3799591677
7.0912000000000015,20170428,25,1.88,224570.97263909137,89519.12764929944,10sd1,True,540207.3799591677
8.1152,20170428,25,1.88,198129.05883378774,89519.12764929944,10sd1,True,434439.7247379532
8.1152,20170428,25,1.88,198129.05883378774,89519.12764929944,10sd1,True,434439.7247379532
10.7008,20170428,25,1.88,212751.82601941854,89519.12764929944,10sd1,True,492930.7934804764
10.7008,20170428,25,1.88,212751.82601941854,89519.12764929944,10sd1,True,492930.7934804764
3.7119999999999997,20170428,25,1.88,234545.01518342673,89519.12764929944,10sd1,True,580103.5501365091
13.1328,20170428,25,1.88,208984.3694838646,89519.12764929944,10sd1,True,477860.9673382606
13.1328,20170428,25,1.88,208984.3694838646,89519.12764929944,10sd1,True,477860.9673382606
13.1328,20170428,25,1.88,208984.3694838646,89519.12764929944,10sd1,True,477860.9673382606
19.2,20170428,25,1.88,199406.15651901535,89519.12764929944,10sd1,True,439548.11547886365
19.2,20170428,25,1.88,199406.15651901535,89519.12764929944,10sd1,True,439548.11547886365
8.8576,20170428,25,1.88,180059.88104806078,89519.12764929944,10sd1,True,362163.01359504537
7.9104,20170428,25,1.88,212072.48199978546,89519.12764929944,10sd1,True,490213.4174019441
7.9104,20170428,25,1.88,212072.48199978546,89519.12764929944,10sd1,True,490213.4174019441
7.9104,20170428,25,1.88,212072.48199978546,89519.12764929944,10sd1,True,490213.4174019441
13.4144,20170428,25,1.88,196829.9988937636,88214.44997595123,10sd1,False,434462.19567124953
7.7056,20170428,25,1.88,184565.52206740895,88214.44997595123,10sd1,True,385404.2883658309
9.2672,20170428,25,1.88,240893.9369020449,88214.44997595123,10sd1,True,610717.9477043747
8.7552,20170428,25,1.88,220141.4037769736,88214.44997595123,10sd1,True,527707.8152040895
4.7104,20170428,25,1.88,151175.49089008188,88214.44997595123,10sd1,True,251844.16365652264
6.6048,20170428,25,1.88,310311.63946974376,91421.28104172279,10sd1,False,875561.4337120838
7.7312,20170428,25,1.88,225339.69600089558,91421.28104172279,10sd1,True,535673.6598366911
6.2464,20170428,25,1.88,221707.8056013846,91421.28104172279,10sd1,True,521146.0982386473
6.784000000000002,20170428,25,1.88,176099.73218801268,88416.11845550014,10sd1,False,350734.4549300501
5.5296,20170428,25,1.88,273621.9263639325,88416.11845550014,10sd1,False,740823.2316337295
5.5296,20170428,25,1.88,273621.9263639325,88416.11845550014,10sd1,False,740823.2316337295
5.5296,20170428,25,1.88,273621.9263639325,88416.11845550014,10sd1,True,740823.2316337295
10.2144,20170428,25,1.88,184730.7527685788,88416.11845550014,10sd1,True,385258.5372523146
6.630400000000002,20170428,25,1.88,179886.39789089095,88416.11845550014,10sd1,True,365881.11774156324
6.630400000000002,20170428,25,1.88,179886.39789089095,88416.11845550014,10sd1,True,365881.11774156324
6.630400000000002,20170428,25,1.88,179886.39789089095,88416.11845550014,10sd1,True,365881.11774156324
10.2144,20170428,25,1.88,184730.7527685788,88416.11845550014,10sd1,True,385258.5372523146
10.2144,20170428,25,1.88,184730.7527685788,88416.11845550014,10sd1,True,385258.5372523146
4.8128,20170428,25,1.88,181825.10719444323,88416.11845550014,10sd1,True,373635.9549557724
5.2992,20170428,25,1.88,202050.86029902523,88416.11845550014,10sd1,True,454538.9673741004
4.992,20170428,25,1.88,170292.3208592461,88416.11845550014,10sd1,True,327504.80961498385
4.7872,20170428,25,1.88,205789.90736234942,86001.96857479446,10sd1,False,479151.7551502198
5.7344,20170428,25,1.88,214902.18826361172,86001.96857479446,10sd1,False,515600.87875526905
8.3968,20170428,25,1.88,192429.66782210555,86001.96857479446,10sd1,False,425710.79698924435
7.7824,20170428,25,1.88,219915.188278602,86001.96857479446,10sd1,True,535652.8788152302
7.7824,20170428,25,1.88,219915.188278602,86001.96857479446,10sd1,True,535652.8788152302
9.9584,20170428,25,1.88,174204.83036218706,86001.96857479446,10sd1,True,352811.44714957033
9.9584,20170428,25,1.88,174204.83036218706,86001.96857479446,10sd1,True,352811.44714957033
9.0624,20170428,25,1.88,164253.84207765418,86001.96857479446,10sd1,True,313007.49401143886
9.0624,20170428,25,1.88,164253.84207765418,86001.96857479446,10sd1,True,313007.49401143886
4.7872,20170428,25,1.88,163220.4373031025,86001.96857479446,10sd1,True,308873.8749132321
5.1456,20170428,25,1.88,215931.4861620873,86001.96857479446,10sd1,True,519718.0703491714
4.8128,20170428,25,1.88,243090.3638062587,86001.96857479446,10sd1,True,628353.580925857
5.3248000000000015,20170428,25,1.88,222314.61131720032,86001.96857479446,10sd1,True,545250.5709696235
5.3248000000000015,20170428,25,1.88,222314.61131720032,86001.96857479446,10sd1,True,545250.5709696235
7.2448000000000015,20170428,25,1.88,195609.34657455102,86001.96857479446,10sd1,True,438429.51199902623
6.195200000000002,20170428,25,1.88,180931.1490291916,89896.26751841049,10sd1,False,364139.5260431245
10.8032,20170428,25,1.88,167467.50234796188,89896.26751841049,10sd1,False,310284.9393182056
4.9664,20170428,25,1.88,238930.29595080198,89896.26751841049,10sd1,True,596136.113729566
4.9664,20170428,25,1.88,238930.29595080198,89896.26751841049,10sd1,True,596136.113729566
7.296,20170428,25,1.88,168892.83010999011,89896.26751841049,10sd1,True,315986.2503663185
5.2224,20170428,25,1.88,208370.0722553287,89896.26751841049,10sd1,True,473895.21894767287
6.195200000000002,20170428,25,1.88,180931.1490291916,89896.26751841049,10sd1,True,364139.5260431245
6.195200000000002,20170428,25,1.88,180931.1490291916,89896.26751841049,10sd1,True,364139.5260431245
6.195200000000002,20170428,25,1.88,180931.1490291916,89896.26751841049,10sd1,True,364139.5260431245
6.195200000000002,20170428,25,1.88,180931.1490291916,89896.26751841049,10sd1,True,364139.5260431245
17.0496,20170428,25,1.88,189832.32284941347,87074.68737625246,10sd1,False,411030.541892644
3.6864,20170428,25,1.88,280186.69299627264,92390.94167712698,10sd1,False,751183.0052765827
6.195200000000002,20170428,25,1.88,250243.82455427977,92390.94167712698,10sd1,False,631411.5315086112
14.464,20170428,25,1.88,260025.58532043305,92390.94167712698,10sd1,False,670538.5745732243
14.464,20170428,25,1.88,260025.58532043305,92390.94167712698,10sd1,False,670538.5745732243
11.3408,20170428,25,1.88,178904.40008171153,92390.94167712698,10sd1,True,346053.8336183383
14.464,20170428,25,1.88,260025.58532043305,92390.94167712698,10sd1,True,670538.5745732243
8.7296,20170428,25,1.88,237515.4884443164,92390.94167712698,10sd1,True,580498.1870687577
6.5536,20170428,25,1.88,198382.4157339603,91899.66893982765,10sd1,False,425930.98717653065
6.2976,20170428,25,1.88,209285.58806330108,91899.66893982765,10sd1,True,469543.6764938937
16.563200000000002,20170428,25,1.88,193705.1397910833,91899.66893982765,10sd1,True,407221.88340502256
