area,date,exposure_ms,flow_rate,intensity,mean_bg,rbs,survival,rescaled_intensity,effective_channels,shock_class
7.552,20170503,50,0.2,212265.52681994528,136945.12292833786,sd2,True,150640.80778321484,252.5850435942016,slow
4.4544000000000015,20170503,50,0.2,202594.00549316913,141697.0649085198,sd2,True,121793.88116929866,204.21632914319858,slow
9.5488,20170503,50,0.2,228471.92226039185,141697.0649085198,sd2,True,173549.7147037441,290.99725963558524,slow
5.3248000000000015,20170503,50,0.2,230736.86612667504,141466.84849627258,sd2,False,178540.03526080493,299.3647156656152,slow
6.912000000000001,20170503,50,0.2,221924.1072554724,135147.84467996028,sd2,True,173552.52515102422,291.00197201703895,slow
7.8336000000000015,20170503,50,0.2,198931.11340446878,133474.10417700294,sd2,True,130914.01845493168,219.50840243844945,slow
7.8336000000000015,20170503,50,0.2,198931.11340446878,133474.10417700294,sd2,True,130914.01845493168,219.50840243844945,slow
2.2272000000000003,20170503,50,0.2,162332.00889364714,128552.67912273244,sd2,True,67558.6595418294,113.27811644568328,slow
2.2272000000000003,20170503,50,0.2,162332.00889364714,128552.67912273244,sd2,True,67558.6595418294,113.27811644568328,slow
19.3792,20170503,50,0.2,209911.57780518767,131726.62258805646,sd2,True,156369.91043426242,262.19124303089734,slow
19.3792,20170503,50,0.2,209911.57780518767,131726.62258805646,sd2,True,156369.91043426242,262.19124303089734,slow
19.3792,20170503,50,0.2,209911.57780518767,131726.62258805646,sd2,True,156369.91043426242,262.19124303089734,slow
5.9904,20170503,50,0.2,239923.83789534032,131726.62258805646,sd2,True,216394.4306145677,362.8365878718641,slow
7.3472,20170503,50,0.2,230107.0257632825,131726.62258805646,sd2,True,196760.80635045207,329.91616004330064,slow
7.3472,20170503,50,0.2,230107.0257632825,131726.62258805646,sd2,True,196760.80635045207,329.91616004330064,slow
9.7024,20170503,50,0.2,246634.2887024704,131726.62258805646,sd2,True,229815.33222882787,385.339912629587,slow
9.7024,20170503,50,0.2,246634.2887024704,131726.62258805646,sd2,True,229815.33222882787,385.339912629587,slow
6.784000000000002,20170503,50,0.2,189626.11414882648,131726.62258805646,sd2,True,115798.98312154005,194.16446068193144,slow
4.7360000000000015,20170503,50,0.2,220736.42457926023,141029.65743716134,sd2,True,159413.53428419778,267.29460030926913,slow
6.1696,20170503,50,0.2,238153.8489716903,141029.65743716134,sd2,True,194248.38306905795,325.7034865095045,slow
6.7328,20170503,50,0.2,182562.7857279691,136346.01772786258,sd2,False,92433.53600021306,154.98674671061806,slow
6.7328,20170503,50,0.2,182562.7857279691,136346.01772786258,sd2,False,92433.53600021306,154.98674671061806,slow
8.9856,20170503,50,0.2,227495.64281162352,133872.46816739516,sd2,False,187246.34928845672,313.9629161172744,slow
6.7584,20170503,50,0.2,200088.08601888828,133872.46816739516,sd2,False,132431.23570298625,222.0523770120141,slow
8.9856,20170503,50,0.2,227495.64281162352,133872.46816739516,sd2,True,187246.34928845672,313.9629161172744,slow
17.817600000000006,20170503,50,0.2,221679.32643170306,133872.46816739516,sd2,True,175613.7165286158,294.45804823985225,slow
17.817600000000006,20170503,50,0.2,221679.32643170306,133872.46816739516,sd2,True,175613.7165286158,294.45804823985225,slow
6.5792,20170503,50,0.2,223536.90208180953,133872.46816739516,sd2,True,179328.86782882878,300.6873805630948,slow
8.2432,20170503,50,0.2,213553.23425253163,130576.62422282365,sd2,False,165953.22005941597,278.2599346096732,slow
8.2432,20170503,50,0.2,213553.23425253163,130576.62422282365,sd2,False,165953.22005941597,278.2599346096732,slow
9.7536,20170503,50,0.2,226878.80111217004,135470.02274852048,sd2,False,182817.55672729912,306.53699495692393,slow
5.8368,20170503,50,0.2,227778.44636446328,137043.46251468456,sd2,False,181469.96769955743,304.27744232753923,slow
9.984,20170503,50,0.2,244670.2529077741,137043.46251468456,sd2,False,215253.58078617905,360.92368254509046,slow
6.0928,20170503,50,0.2,237131.74321840785,137043.46251468456,sd2,False,200176.56140744657,335.64348355327326,slow
5.8368,20170503,50,0.2,227778.44636446328,137043.46251468456,sd2,True,181469.96769955743,304.27744232753923,slow
9.984,20170503,50,0.2,244670.2529077741,137043.46251468456,sd2,True,215253.58078617905,360.92368254509046,slow
5.8368,20170503,50,0.2,227778.44636446328,137043.46251468456,sd2,True,181469.96769955743,304.27744232753923,slow
3.2512000000000003,20170502,50,0.02,180078.86335037593,118979.9403402778,sd2,False,122197.84602019627,204.89367202907408,slow
2.1248,20170502,50,0.02,182908.2958669902,118979.9403402778,sd2,False,127856.7110534248,214.38210144037066,slow
2.1248,20170502,50,0.02,182908.2958669902,118979.9403402778,sd2,False,127856.7110534248,214.38210144037066,slow
3.2512000000000003,20170502,50,0.02,180078.86335037593,118979.9403402778,sd2,True,122197.84602019627,204.89367202907408,slow
2.1248,20170502,50,0.02,182908.2958669902,118979.9403402778,sd2,True,127856.7110534248,214.38210144037066,slow
1.9712,20170502,50,0.02,222382.38958396766,118979.9403402778,sd2,True,206804.8984873797,346.7574627925596,slow
1.9712,20170502,50,0.02,222382.38958396766,118979.9403402778,sd2,True,206804.8984873797,346.7574627925596,slow
1.9712,20170502,50,0.02,222382.38958396766,118979.9403402778,sd2,True,206804.8984873797,346.7574627925596,slow
2.1248,20170502,50,0.02,182908.2958669902,118979.9403402778,sd2,True,127856.7110534248,214.38210144037066,slow
5.7344,20170502,50,0.02,222043.35146270363,118979.9403402778,sd2,True,206126.82224485168,345.62050714422287,slow
6.6048,20170502,50,0.02,254643.93977630025,134637.18621705307,sd2,True,240013.50711849437,402.43957165952696,slow
5.0688,20170502,50,0.02,227454.7347755232,134637.18621705307,sd2,True,185635.09711694025,311.2612696910988,slow
5.0688,20170502,50,0.02,227454.7347755232,134637.18621705307,sd2,True,185635.09711694025,311.2612696910988,slow
3.84,20170502,50,0.02,232342.99855898233,120902.96326673414,sd2,False,222880.0705844964,373.71130156098747,slow
15.6672,20170502,50,0.02,189579.32992884345,120902.96326673414,sd2,True,137352.73332421863,230.3044350665398,slow
22.9888,20170502,50,0.02,232348.93761961,119911.0824945016,sd2,True,224875.71025021677,377.0574647911376,slow
5.2992,20170502,50,0.02,253846.0236539633,130088.42573079964,sd2,False,247515.1958463273,415.0179320801416,slow
15.488,20170502,50,0.02,242268.0599033284,130088.42573079964,sd2,False,224359.26834505753,376.19152744621675,slow
6.1184,20170502,50,0.02,219691.2491787045,130088.42573079964,sd2,False,179205.64689580968,300.48077144305387,slow
6.1184,20170502,50,0.02,219691.2491787045,130088.42573079964,sd2,True,179205.64689580968,300.48077144305387,slow
6.1184,20170502,50,0.02,219691.2491787045,130088.42573079964,sd2,True,179205.64689580968,300.48077144305387,slow
6.6816,20170502,50,0.02,185279.60609802185,123649.25015306089,sd2,False,123260.7118899219,206.67581875272802,slow
6.6816,20170502,50,0.02,185279.60609802185,123649.25015306089,sd2,False,123260.7118899219,206.67581875272802,slow
6.2976,20170502,50,0.02,222529.2982470484,123649.25015306089,sd2,False,197760.09618797502,331.591706469852,slow
4.9664,20170502,50,0.02,236536.3145502295,123649.25015306089,sd2,True,225774.12879433722,378.5638765694059,slow
4.9664,20170502,50,0.02,236536.3145502295,123649.25015306089,sd2,True,225774.12879433722,378.5638765694059,slow
7.8592,20170502,50,0.02,210202.70281902602,126363.50781255447,sd2,False,167678.3900129431,281.1525912166807,slow
5.888,20170502,50,0.02,221617.07653393454,126363.50781255447,sd2,True,190507.13744276014,319.4304008594663,slow
5.888,20170502,50,0.02,221617.07653393454,126363.50781255447,sd2,True,190507.13744276014,319.4304008594663,slow
7.8592,20170502,50,0.02,210202.70281902602,126363.50781255447,sd2,True,167678.3900129431,281.1525912166807,slow
7.6800000000000015,20170502,50,0.02,212125.8138803565,126363.50781255447,sd2,True,171524.61213560405,287.6016948614472,slow
11.7504,20170502,50,0.02,234290.3066959455,118651.59824631587,sd2,False,231277.4168992593,387.79144436029037,slow
7.6032,20170502,50,0.02,204559.12427702,118651.59824631587,sd2,False,171815.05206140823,288.0886862842914,slow
7.065600000000001,20170502,50,0.02,178125.9997873038,118651.59824631587,sd2,True,118948.80308197584,199.44588092740366,slow
6.8608,20170502,50,0.02,217804.9461232072,118651.59824631587,sd2,True,198306.69575378264,332.5082102857156,slow
6.8608,20170502,50,0.02,217804.9461232072,118651.59824631587,sd2,True,198306.69575378264,332.5082102857156,slow
11.7504,20170502,50,0.02,234290.3066959455,118651.59824631587,sd2,True,231277.4168992593,387.79144436029037,slow
5.3504000000000005,20170502,50,0.02,234177.7099535204,124723.0623787543,sd2,False,218909.29514953218,367.0533547462933,slow
5.3248000000000015,20170502,50,0.02,234958.19228438265,129830.71714859467,sd2,False,210254.95027157594,352.54229290026535,slow
4.4544000000000015,20170502,50,0.02,281436.6577241645,129830.71714859467,sd2,True,303211.8811511396,508.406635266159,slow
5.6576,20170502,50,0.02,222044.4990776504,127064.74416198443,sd2,False,189959.50983133193,318.51217328128547,slow
6.9376000000000015,20170502,50,0.02,224710.45692237554,127064.74416198443,sd2,False,195291.4255207822,327.45239457111364,slow
6.9376000000000015,20170502,50,0.02,224710.45692237554,127064.74416198443,sd2,False,195291.4255207822,327.45239457111364,slow
9.216,20170502,50,0.02,219303.23195696532,124132.72172725292,sd2,False,190341.0204594248,319.15186633688273,slow
22.1184,20170502,50,0.02,229809.9326144477,124132.72172725292,sd2,False,211354.42177438957,354.3858176500026,slow
22.1184,20170502,50,0.02,229809.9326144477,124132.72172725292,sd2,False,211354.42177438957,354.3858176500026,slow
6.2464,20170502,50,0.02,214187.9814458361,124132.72172725292,sd2,False,180110.51943716637,301.9980048784633,slow
8.0896,20170502,50,0.02,203626.95391275504,124132.72172725292,sd2,False,158988.46437100423,266.5818697807056,slow
6.3232,20170502,50,0.02,243079.73612784446,124132.72172725292,sd2,False,237894.02880118307,398.88576355763837,slow
15.3856,20170502,50,0.02,240080.69534046645,124132.72172725292,sd2,False,231895.94722642706,388.82855715828356,slow
15.3856,20170502,50,0.02,240080.69534046645,124132.72172725292,sd2,False,231895.94722642706,388.82855715828356,slow
15.3856,20170502,50,0.02,240080.69534046645,124132.72172725292,sd2,False,231895.94722642706,388.82855715828356,slow
6.0672000000000015,20170502,50,0.02,217783.00327145087,124132.72172725292,sd2,False,187300.5630883959,314.05381841143065,slow
8.4992,20170502,50,0.02,247908.4263264839,124132.72172725292,sd2,False,247551.40919846194,415.07865235416455,slow
8.4992,20170502,50,0.02,247908.4263264839,124132.72172725292,sd2,False,247551.40919846194,415.07865235416455,slow
4.0192000000000005,20170502,50,0.02,200726.5408260682,124132.72172725292,sd2,False,153187.63819763056,256.8554088472742,slow
6.630400000000002,20170502,50,0.02,186739.13845995266,124132.72172725292,sd2,False,125212.83346539948,209.9490135828617,slow
7.500800000000001,20170502,50,0.02,246238.7347756407,124132.72172725292,sd2,False,244212.02609677557,409.4793845413483,slow
6.2464,20170502,50,0.02,214187.9814458361,124132.72172725292,sd2,True,180110.51943716637,301.9980048784633,slow
8.0896,20170502,50,0.02,203626.95391275504,124132.72172725292,sd2,True,158988.46437100423,266.5818697807056,slow
6.3232,20170502,50,0.02,243079.73612784446,124132.72172725292,sd2,True,237894.02880118307,398.88576355763837,slow
7.808000000000002,20170502,50,0.02,207070.3577247263,124132.72172725292,sd2,True,165875.27199494673,278.12923619168293,slow
15.3856,20170502,50,0.02,240080.69534046645,124132.72172725292,sd2,True,231895.94722642706,388.82855715828356,slow
5.2736,20170502,50,0.02,234676.02691326663,124132.72172725292,sd2,True,221086.6103720274,370.70414013761774,slow
9.7536,20170502,50,0.02,238540.1418152373,124132.72172725292,sd2,True,228814.84017596874,383.6623504038802,slow
9.7536,20170502,50,0.02,238540.1418152373,124132.72172725292,sd2,True,228814.84017596874,383.6623504038802,slow
4.0192000000000005,20170502,50,0.02,205369.57865547415,124132.72172725292,sd2,True,162473.71385644245,272.4257171828181,slow
6.630400000000002,20170502,50,0.02,186739.13845995266,124132.72172725292,sd2,True,125212.83346539948,209.9490135828617,slow
6.8864,20170502,50,0.02,185559.6982005013,124132.72172725292,sd2,True,122853.95294649675,205.99379090802057,slow
6.8864,20170502,50,0.02,185559.6982005013,124132.72172725292,sd2,True,122853.95294649675,205.99379090802057,slow
9.216,20170502,50,0.02,219303.23195696532,124132.72172725292,sd2,True,190341.0204594248,319.15186633688273,slow
9.2672,20170502,50,0.02,244080.044331052,124132.72172725292,sd2,True,239894.64520759814,402.2402714739583,slow
9.2672,20170502,50,0.02,244080.044331052,124132.72172725292,sd2,True,239894.64520759814,402.2402714739583,slow
7.500800000000001,20170502,50,0.02,246238.7347756407,124132.72172725292,sd2,True,244212.02609677557,409.4793845413483,slow
4.2496,20170502,50,0.02,233194.06573304872,121427.45540157285,sd2,False,223533.22066295173,374.8064625832094,slow
10.8288,20170502,50,0.02,217426.912476391,121427.45540157285,sd2,True,191998.91414963632,321.9317183316972,slow
4.6848,20170502,50,0.02,229290.09438900702,121427.45540157285,sd2,True,215725.27797486834,361.71459476019095,slow
4.6848,20170502,50,0.02,229290.09438900702,121427.45540157285,sd2,True,215725.27797486834,361.71459476019095,slow
13.184,20170502,50,0.02,214717.06616280985,120092.79594309784,sd2,False,189248.54043942402,317.32006446633784,slow
3.4048000000000003,20170502,50,0.02,203086.15696782203,120092.79594309784,sd2,False,165986.72204944838,278.31610864204436,slow
3.4048000000000003,20170502,50,0.02,203086.15696782203,120092.79594309784,sd2,False,165986.72204944838,278.31610864204436,slow
13.184,20170502,50,0.02,214717.06616280985,120092.79594309784,sd2,True,189248.54043942402,317.32006446633784,slow
16.64,20170502,50,0.02,215015.70775180886,119811.94199250752,sd2,True,190407.53151860266,319.2633879028459,slow
16.64,20170502,50,0.02,215015.70775180886,119811.94199250752,sd2,True,190407.53151860266,319.2633879028459,slow
7.808000000000002,20170502,50,0.02,194301.18300968374,119811.94199250752,sd2,True,148978.48203435243,249.79776020185275,slow
7.808000000000002,20170502,50,0.02,194301.18300968374,119811.94199250752,sd2,True,148978.48203435243,249.79776020185275,slow
6.7072,20170502,50,0.02,270871.64462712203,133809.63182665376,sd2,False,274124.02560093655,459.633946309372,slow
6.7072,20170502,50,0.02,270871.64462712203,133809.63182665376,sd2,False,274124.02560093655,459.633946309372,slow
29.3376,20170502,50,0.02,244214.67679841013,133809.63182665376,sd2,False,220810.08994351275,370.240488053439,slow
5.6320000000000014,20170502,50,0.02,239937.21988979558,133809.63182665376,sd2,False,212255.17612628368,355.89614596401594,slow
13.44,20170502,50,0.02,226356.5721222002,133809.63182665376,sd2,False,185093.88059109286,310.3537918184908,slow
6.8864,20170502,50,0.02,231398.03669097426,133809.63182665376,sd2,False,195176.80972864098,327.26021401074223,slow
6.5792,20170502,50,0.02,289246.0899084725,133809.63182665376,sd2,False,310872.9161636375,521.2521775271458,slow
8.1152,20170502,50,0.02,266600.6341599297,133809.63182665376,sd2,False,265582.0046665519,445.31122219600235,slow
9.344,20170502,50,0.02,221608.43237879,133809.63182665376,sd2,False,175597.60110427244,294.4310269086459,slow
12.1088,20170502,50,0.02,259448.803623556,133809.63182665376,sd2,False,251278.34359380451,421.3277418311344,slow
7.1936,20170502,50,0.02,246561.29278563862,133809.63182665376,sd2,True,225503.32191796973,378.10980461055584,slow
7.1936,20170502,50,0.02,246561.29278563862,133809.63182665376,sd2,True,225503.32191796973,378.10980461055584,slow
9.8304,20170502,50,0.02,231268.5101078949,133809.63182665376,sd2,True,194917.75656248227,326.8258499348301,slow
9.8304,20170502,50,0.02,231268.5101078949,133809.63182665376,sd2,True,194917.75656248227,326.8258499348301,slow
8.1152,20170502,50,0.02,266600.6341599297,133809.63182665376,sd2,True,265582.0046665519,445.31122219600235,slow
4.9408,20170502,50,0.02,230378.03597714734,133809.63182665376,sd2,True,193136.80830098718,323.8396677648824,slow
13.44,20170502,50,0.02,226356.5721222002,133809.63182665376,sd2,True,185093.88059109286,310.3537918184908,slow
13.44,20170502,50,0.02,226356.5721222002,133809.63182665376,sd2,True,185093.88059109286,310.3537918184908,slow
7.5264000000000015,20170502,50,0.02,253265.58648231663,133809.63182665376,sd2,True,238911.90931132578,400.5924816562167,slow
7.5264000000000015,20170502,50,0.02,253265.58648231663,133809.63182665376,sd2,True,238911.90931132578,400.5924816562167,slow
3.7632,20170502,50,0.02,237805.3913643252,133809.63182665376,sd2,True,207991.51907534286,348.7471136537776,slow
5.2736,20170502,50,0.02,246508.97184100086,133809.63182665376,sd2,True,225398.6800286942,377.9343476639728,slow
9.344,20170502,50,0.02,221608.43237879,133809.63182665376,sd2,True,175597.60110427244,294.4310269086459,slow
7.8848,20170502,50,0.02,222736.89637408065,133809.63182665376,sd2,True,177854.5290948538,298.21530198841265,slow
7.8848,20170502,50,0.02,222736.89637408065,133809.63182665376,sd2,True,177854.5290948538,298.21530198841265,slow
29.3376,20170502,50,0.02,244214.67679841013,133809.63182665376,sd2,True,220810.08994351275,370.240488053439,slow
29.3376,20170502,50,0.02,244214.67679841013,133809.63182665376,sd2,True,220810.08994351275,370.240488053439,slow
12.1088,20170502,50,0.02,259448.803623556,133809.63182665376,sd2,True,251278.34359380451,421.3277418311344,slow
12.1088,20170502,50,0.02,259448.803623556,133809.63182665376,sd2,True,251278.34359380451,421.3277418311344,slow
12.1088,20170502,50,0.02,259448.803623556,133809.63182665376,sd2,True,251278.34359380451,421.3277418311344,slow
6.5792,20170502,50,0.02,289246.0899084725,133809.63182665376,sd2,True,310872.9161636375,521.2521775271458,slow
26.1632,20170502,50,0.02,258072.4307605032,133809.63182665376,sd2,True,248525.5978676989,416.7121107185295,slow
26.1632,20170502,50,0.02,258072.4307605032,133809.63182665376,sd2,True,248525.5978676989,416.7121107185295,slow
26.1632,20170502,50,0.02,258072.4307605032,133809.63182665376,sd2,True,248525.5978676989,416.7121107185295,slow
6.8864,20170502,50,0.02,231398.03669097426,133809.63182665376,sd2,True,195176.80972864098,327.26021401074223,slow
6.8352,20170502,50,0.02,185823.9182659568,120370.55359077519,sd2,False,130906.72935036322,219.49618052579325,slow
8.7552,20170502,50,0.02,234902.59593154961,120370.55359077519,sd2,False,229064.08468154885,384.08026793389087,slow
6.4256,20170502,50,0.02,229030.65584761678,137643.0087225226,sd2,False,182775.2942501884,306.4661318901328,slow
9.344,20170502,50,0.02,260982.28420178965,137643.0087225226,sd2,False,246678.55095853412,413.61509848832884,slow
3.8656,20170502,50,0.02,241016.7428454546,137643.0087225226,sd2,False,206747.46824586403,346.66116737121706,slow
14.208,20170502,50,0.02,249705.22900444566,137643.0087225226,sd2,True,224124.44056384615,375.7977829740034,slow
3.8656,20170502,50,0.02,241016.7428454546,137643.0087225226,sd2,True,206747.46824586403,346.66116737121706,slow
5.12,20170502,50,0.02,213218.86063189726,119924.37502781885,sd2,False,186588.97120815684,312.86066584715263,slow
5.12,20170502,50,0.02,213218.86063189726,119924.37502781885,sd2,False,186588.97120815684,312.86066584715263,slow
5.12,20170502,50,0.02,213218.86063189726,119924.37502781885,sd2,False,186588.97120815684,312.86066584715263,slow
3.5072,20170502,50,0.02,214059.76230637988,119924.37502781885,sd2,True,188270.77455712206,315.68060805581746,slow
9.9584,20170502,50,0.02,186440.1457399458,120080.15985681856,sd2,False,132719.97176625446,222.53651150519056,slow
23.808000000000003,20170502,50,0.02,236388.97811304536,120080.15985681856,sd2,True,232617.63651245358,390.03864041829104,slow
9.9584,20170502,50,0.02,186440.1457399458,120080.15985681856,sd2,True,132719.97176625446,222.53651150519056,slow
9.9584,20170502,50,0.02,186440.1457399458,120080.15985681856,sd2,True,132719.97176625446,222.53651150519056,slow
10.0352,20170316,100,1.0,251541.3191574041,209728.64902730595,sd6,False,41812.67013009815,70.10885870181586,fast
13.6704,20170316,100,1.0,254348.15137053406,209728.64902730595,sd6,False,44619.502343228116,74.81517863827891,fast
9.6,20170316,100,1.0,245684.2262940194,209728.64902730595,sd6,False,35955.57726671346,60.2880533171135,fast
8.2944,20170316,100,1.0,244692.5482615368,209728.64902730595,sd6,False,34963.89923423086,58.62526988709835,fast
6.8608,20170316,100,1.0,249636.6144028068,209728.64902730595,sd6,False,39907.96537550085,66.91516941832246,fast
7.7568,20170316,100,1.0,238615.40470683036,209728.64902730595,sd6,False,28886.755679524416,48.4354973262479,fast
9.1904,20170316,100,1.0,231440.24331069738,207238.5221047892,sd6,False,24201.72120590816,40.57992582359325,fast
9.7024,20170316,100,1.0,252892.07674960114,207238.5221047892,sd6,False,45653.55464481193,76.54901258087234,fast
6.8096000000000005,20170316,100,1.0,242562.0867770633,207238.5221047892,sd6,False,35323.56467227408,59.22833430028317,fast
8.4992,20170316,100,1.0,263879.84085043264,207238.5221047892,sd6,False,56641.318745643424,94.9726051999805,fast
15.5136,20170316,100,1.0,256836.32405033067,207238.5221047892,sd6,False,49597.80194554146,83.16247868651607,fast
7.8336000000000015,20170316,100,1.0,238022.5744747989,207238.5221047892,sd6,False,30784.052370009682,51.616765233195174,fast
7.065600000000001,20170316,100,1.0,246402.7524933048,207238.5221047892,sd6,False,39164.2303885156,65.66812131180578,fast
10.5728,20170316,100,1.0,231427.99909547644,204517.08625331728,sd6,False,26910.91284215916,45.12252817429409,fast
9.7024,20170316,100,1.0,236933.95357290388,204517.08625331728,sd6,False,32416.8673195866,54.35456677110026,fast
6.016,20170316,100,1.0,242098.0481548568,204517.08625331728,sd6,False,37580.96190153953,63.01339616999904,fast
13.5936,20170316,100,1.0,246444.83170379238,204517.08625331728,sd6,False,41927.74545047511,70.30180977026644,fast
7.6800000000000015,20170316,100,1.0,237297.67948748148,204517.08625331728,sd6,False,32780.593234164204,54.964439536268486,fast
2.944,20170316,100,1.0,284372.6101376913,204517.08625331728,sd6,False,79855.52388437404,133.89672611553735,fast
9.5744,20170316,100,1.0,243317.69319567448,204517.08625331728,sd6,False,38800.606942357204,65.05842035924606,fast
15.308800000000002,20170316,100,1.0,250018.7239714379,204517.08625331728,sd6,False,45501.63771812062,76.2942878212558,fast
12.1856,20170316,100,1.0,263945.0234527535,204517.08625331728,sd6,False,59427.937199436215,99.64503197456719,fast
5.5296,20170316,100,1.0,242700.7013234545,204517.08625331728,sd6,False,38183.615070137224,64.02388714586723,fast
7.7824,20170316,100,1.0,248032.57339262968,204517.08625331728,sd6,False,43515.487139312405,72.96403529595821,fast
6.195200000000002,20170316,100,1.0,241189.94172554306,204517.08625331728,sd6,False,36672.85547222578,61.49074035440837,fast
6.195200000000002,20170316,100,1.0,239420.61867669164,205527.17353954015,sd6,False,33893.44513715149,56.83039970049202,fast
6.016,20170316,100,1.0,247541.89273748087,205527.17353954015,sd6,False,42014.71919794072,70.44764188653316,fast
5.7088,20170316,100,1.0,236010.11773051065,205527.17353954015,sd6,False,30482.944190970506,51.1118859534808,fast
11.776,20170316,100,1.0,253322.4407664298,205527.17353954015,sd6,False,47795.26722688964,80.14010170121777,fast
5.4016,20170316,100,1.0,237694.77618373308,205527.17353954015,sd6,False,32167.60264419293,53.93661542161327,fast
6.9376000000000015,20170316,100,1.0,246288.1922196018,205527.17353954015,sd6,False,40761.01868006165,68.34551561263355,fast
12.4928,20170316,100,1.0,260270.8022300877,205527.17353954015,sd6,False,54743.62869054754,91.79067772396436,fast
11.4432,20170316,100,1.0,254617.07026626897,205527.17353954015,sd6,False,49089.896726728824,82.31085512100697,fast
12.3392,20170316,100,1.0,244568.41885585876,205527.17353954015,sd6,False,39041.245316318615,65.46190766837513,fast
6.9376000000000015,20170316,100,1.0,250269.85889905985,205527.17353954015,sd6,False,44742.6853595197,75.02172418193301,fast
13.7216,20170316,100,1.0,253905.45835609263,205527.17353954015,sd6,False,48378.28481655248,81.11766897178828,fast
7.552,20170316,100,1.0,237795.5184055529,205527.17353954015,sd6,False,32268.344866012743,54.10553365077435,fast
20.8128,20170316,100,1.0,258555.18661365763,205527.17353954015,sd6,False,53028.01307411748,88.91404122922059,fast
12.16,20170316,100,1.0,234669.81289147428,208091.2811397512,sd6,False,26578.531751723083,44.56521244123918,fast
7.1424,20170316,100,1.0,236164.95381821948,208091.2811397512,sd6,False,28073.672678468283,47.0721708260142,fast
12.415999999999999,20170316,100,1.0,250535.89348670907,208091.2811397512,sd6,False,42444.612346957874,71.16845971394159,fast
14.131200000000002,20170316,100,1.0,256653.16218756378,208091.2811397512,sd6,False,48561.88104781258,81.42551159928733,fast
6.0928,20170316,100,1.0,250491.3866068849,208091.2811397512,sd6,False,42400.10546713369,71.09383337366856,fast
6.016,20170316,100,1.0,240919.8888707839,208091.2811397512,sd6,False,32828.60773103271,55.04494722846129,fast
6.0672000000000015,20170316,100,1.0,230707.5211790881,205790.36840776476,sd6,False,24917.152771323337,41.77951653077476,fast
8.192,20170316,100,1.0,242096.40520446823,205790.36840776476,sd6,False,36306.03679670347,60.87568184196794,fast
7.936,20170316,100,1.0,258156.79405791807,205790.36840776476,sd6,False,52366.42565015331,87.80473299606341,fast
5.6320000000000014,20170316,100,1.0,251136.77686486344,205790.36840776476,sd6,False,45346.408457098674,76.03400914750661,fast
13.44,20170316,100,1.0,256226.5898255481,205790.36840776476,sd6,False,50436.22141778332,84.56828779005723,fast
7.7312,20170316,100,1.0,251852.62147329285,205790.36840776476,sd6,False,46062.253065528086,77.234292419268,fast
6.8352,20170316,100,1.0,239898.73143698237,205790.36840776476,sd6,False,34108.36302921761,57.190760521278484,fast
12.5696,20170316,100,1.0,255145.6405211409,205790.36840776476,sd6,False,49355.27211337612,82.75581989908754,fast
6.3488000000000016,20170316,100,1.0,240351.64987165746,205790.36840776476,sd6,False,34561.281463892694,57.95018570128453,fast
5.5552,20170316,100,1.0,250320.9955274559,209300.90259246185,sd6,False,41020.092934994056,68.77991504887666,fast
5.9904,20170316,100,1.0,239832.8175139061,209300.90259246185,sd6,False,30531.91492144426,51.19399699811456,fast
4.48,20170316,100,1.0,247759.10597067626,209300.90259246185,sd6,False,38458.20337821441,64.48429957186765,fast
4.7616000000000005,20170316,100,1.0,243166.3089917061,209300.90259246185,sd6,False,33865.40639924424,56.78338610609587,fast
6.6048,20170316,100,1.0,247075.3005636534,209300.90259246185,sd6,False,37774.39797119156,63.33773762039847,fast
13.8752,20170316,100,1.0,256596.2735604116,209300.90259246185,sd6,False,47295.37096794974,79.3019070565195,fast
8.3712,20170316,100,1.0,258303.20797601753,209300.90259246185,sd6,False,49002.30538355568,82.16398745905376,fast
10.9056,20170316,100,1.0,259010.1160578004,209300.90259246185,sd6,False,49709.213465338544,83.34928652430554,fast
5.7344,20170316,100,1.0,236821.48951920605,209300.90259246185,sd6,False,27520.586926744203,46.14479138105264,fast
5.760000000000002,20170316,100,1.0,241229.3016105897,207551.61038765163,sd6,False,33677.69122293807,56.468637090285895,fast
5.7088,20170316,100,1.0,255624.60172186745,207551.61038765163,sd6,False,48072.991334215825,80.60577203841548,fast
6.1184,20170316,100,1.0,293270.3705836943,207551.61038765163,sd6,False,85718.76019604267,143.72783244840542,fast
8.4224,20170316,100,1.0,257714.39577309362,207551.61038765163,sd6,False,50162.785385441995,84.10980742762747,fast
8.4224,20170316,100,1.0,257714.39577309362,207551.61038765163,sd6,False,50162.785385441995,84.10980742762747,fast
4.4544000000000015,20170316,100,1.0,266510.0406267902,207551.61038765163,sd6,False,58958.43023913857,98.8577921968489,fast
14.847999999999999,20170316,100,1.0,250166.5813665304,207551.61038765163,sd6,False,42614.97097887876,71.45410636642308,fast
14.847999999999999,20170316,100,1.0,250166.5813665304,207551.61038765163,sd6,False,42614.97097887876,71.45410636642308,fast
11.0848,20170316,100,1.0,254594.57365516396,207551.61038765163,sd6,False,47042.96326751233,78.87868568007652,fast
11.0848,20170316,100,1.0,254594.57365516396,207551.61038765163,sd6,False,47042.96326751233,78.87868568007652,fast
11.8016,20170316,100,1.0,249819.2577341513,207551.61038765163,sd6,False,42267.64734649967,70.87173591769303,fast
8.2688,20170316,100,1.0,251136.31092257056,205757.1192219362,sd6,False,45379.19170063434,76.08897803090194,fast
6.2976,20170316,100,1.0,236719.23290901308,205757.1192219362,sd6,False,30962.113687076868,51.91532726426567,fast
8.2688,20170316,100,1.0,245662.96467768922,205757.1192219362,sd6,False,39905.845455753006,66.91161487005759,fast
6.8352,20170316,100,1.0,254881.426081582,205757.1192219362,sd6,False,49124.30685964579,82.36855187031955,fast
12.0576,20170316,100,1.0,259613.9249618191,205757.1192219362,sd6,False,53856.8057398829,90.30370870839509,fast
4.6336,20170316,100,1.0,251491.01580504535,205757.1192219362,sd6,False,45733.896583109134,76.68372489611993,fast
9.2928,20170316,100,1.0,251657.5012837048,205757.1192219362,sd6,False,45900.382061768585,76.96287728851493,fast
7.7056,20170316,100,1.0,232502.97117427556,205757.1192219362,sd6,False,26745.851952339344,44.84576444297611,fast
6.3744000000000005,20170316,100,1.0,240806.20419701122,208119.96957435342,sd6,False,32686.234622657794,54.806224943877744,fast
11.8272,20170316,100,1.0,248749.19806636238,208119.96957435342,sd6,False,40629.22849200896,68.12453810405245,fast
10.5728,20170316,100,1.0,239308.45574904032,208119.96957435342,sd6,False,31188.4861746869,52.29489443130975,fast
25.651200000000006,20170316,100,1.0,250229.45830698218,208119.96957435342,sd6,False,42109.48873262876,70.60654548910165,fast
5.6320000000000014,20170316,100,1.0,243485.88967918488,208119.96957435342,sd6,False,35365.92010483146,59.29935322892801,fast
6.9888,20170316,100,1.0,253948.00087901892,208119.96957435342,sd6,False,45828.031304665485,76.84156408390666,fast
8.4224,20170316,100,1.0,230911.4627949584,206927.5216064088,sd6,False,23983.941188549623,40.21476597090835,fast
11.6224,20170316,100,1.0,252659.4596157772,206927.5216064088,sd6,False,45731.9380093684,76.6804408827044,fast
10.3936,20170316,100,1.0,237657.03765780578,206927.5216064088,sd6,False,30729.51605139699,51.525322159987034,fast
9.4976,20170316,100,1.0,242447.28021637,206927.5216064088,sd6,False,35519.75860996122,59.55729997056118,fast
3.9936,20170316,100,1.0,242090.58302848012,206927.5216064088,sd6,False,35163.06142207133,58.95921253277504,fast
13.7984,20170316,100,1.0,250534.62891419933,206927.5216064088,sd6,False,43607.107307790546,73.11765823910162,fast
8.704,20170316,100,1.0,253808.54461932636,206927.5216064088,sd6,False,46881.023012917576,78.60715443387305,fast
9.3696,20170316,100,1.0,247682.989676938,206927.5216064088,sd6,False,40755.46807052923,68.33620869924565,fast
7.1168000000000005,20170316,100,1.0,247396.3458178525,206927.5216064088,sd6,False,40468.824211443716,67.85558228261544,fast
5.2224,20170316,100,1.0,245293.01744631448,204293.16880433785,sd6,False,40999.84864197663,68.7459706900433,fast
18.0992,20170316,100,1.0,248866.3986673829,204293.16880433785,sd6,False,44573.22986304504,74.7375918502349,fast
6.3488000000000016,20170316,100,1.0,245775.82191263017,204293.16880433785,sd6,False,41482.65310829232,69.555506890535,fast
1.8176,20170316,100,1.0,289830.7487955979,204293.16880433785,sd6,False,85537.57999126002,143.42404086233475,fast
6.784000000000002,20170316,100,1.0,249558.02208770878,204293.16880433785,sd6,False,45264.85328337093,75.89726255530167,fast
5.4784000000000015,20170316,100,1.0,242359.37652844004,204293.16880433785,sd6,False,38066.20772410219,63.82702588328547,fast
10.9312,20170316,100,1.0,261188.5409957412,204293.16880433785,sd6,False,56895.37219140335,95.39858605879849,fast
4.864,20170316,100,1.0,247556.4003936243,204293.16880433785,sd6,False,43263.23158928644,72.5410690357674,fast
6.7072,20170316,100,1.0,240790.7157561164,204293.16880433785,sd6,False,36497.54695177855,61.196794039786106,fast
11.4944,20170316,100,1.0,242603.77037837487,207029.6095952541,sd6,False,35574.16078312078,59.6485181171002,fast
6.7328,20170316,100,1.0,237697.97384538376,207029.6095952541,sd6,False,30668.36425012967,51.422786661032475,fast
7.1168000000000005,20170316,100,1.0,249635.38277507466,207029.6095952541,sd6,False,42605.773179820564,71.43868407474613,fast
4.9408,20170316,100,1.0,243873.47694375835,207029.6095952541,sd6,False,36843.86734850425,61.777482325993425,fast
10.1632,20170316,100,1.0,244692.45592605512,207029.6095952541,sd6,False,37662.846330801025,63.150694837199936,fast
8.038400000000001,20170316,100,1.0,230985.42655448237,207029.6095952541,sd6,False,23955.81695922828,40.16760902987941,fast
8.5504,20170316,100,1.0,260532.1460408877,207029.6095952541,sd6,False,53502.536445633596,89.70969221015099,fast
10.9568,20170316,100,1.0,247963.5936237227,207029.6095952541,sd6,False,40933.98402846861,68.63553304357117,fast
7.3216,20170316,100,1.0,244665.31904140807,207029.6095952541,sd6,False,37635.70944615398,63.105193413698224,fast
6.6048,20170316,100,1.0,253146.35189411265,207029.6095952541,sd6,False,46116.74229885856,77.3256565428327,fast
6.4,20170316,100,1.0,248793.63630776128,207029.6095952541,sd6,False,41764.026712507184,70.02729647486295,fast
7.936,20170316,100,1.0,256509.6266326789,204991.67942510927,sd6,False,51517.94720756964,86.38205764293367,fast
6.2976,20170316,100,1.0,232119.58007471534,204991.67942510927,sd6,False,27127.900649606072,45.486359699163906,fast
19.8656,20170316,100,1.0,244162.56226302835,204991.67942510927,sd6,False,39170.88283791908,65.67927572107452,fast
9.1648,20170316,100,1.0,245034.7569966841,204991.67942510927,sd6,False,40043.07757157483,67.14171706127301,fast
11.0848,20170316,100,1.0,249028.6056665123,204991.67942510927,sd6,False,44036.92624140304,73.83835162678155,fast
5.888,20170316,100,1.0,241262.9780981371,204991.67942510927,sd6,False,36271.298673027835,60.81743513835481,fast
7.6288,20170316,100,1.0,241382.25214245464,204991.67942510927,sd6,False,36390.57271734538,61.017426363355135,fast
6.5280000000000005,20170316,100,1.0,247812.15118072997,204226.45057793,sd6,False,43585.700602799974,73.08176482089164,fast
6.4512,20170316,100,1.0,241116.21663700975,204226.45057793,sd6,False,36889.76605907976,61.85444240063878,fast
7.372800000000002,20170316,100,1.0,237102.02501792365,204226.45057793,sd6,False,32875.57443999365,55.12369805571022,fast
7.8336000000000015,20170316,100,1.0,284837.69678714336,204226.45057793,sd6,False,80611.24620921336,135.16387383715175,fast
9.5488,20170316,100,1.0,252852.4275934234,204226.45057793,sd6,False,48625.97701549341,81.53298369153855,fast
4.4032,20170316,100,1.0,255262.8237373686,204226.45057793,sd6,False,51036.373159438604,85.57458453036206,fast
8.6784,20170316,100,1.0,241336.53109927816,204226.45057793,sd6,False,37110.080521348165,62.22385185134075,fast
25.2928,20170316,100,1.0,246863.3414768289,204226.45057793,sd6,False,42636.89089889891,71.49086031135572,fast
16.8448,20170316,100,1.0,251487.1870320697,205075.8013975952,sd6,False,46411.385634474485,77.81969597920104,fast
9.4976,20170316,100,1.0,239261.6129150361,205075.8013975952,sd6,False,34185.81151744089,57.32062128120175,fast
5.247999999999999,20170316,100,1.0,249311.22082090128,205075.8013975952,sd6,False,44235.41942330607,74.1711725253277,fast
5.5296,20170316,100,1.0,245780.5932839392,205075.8013975952,sd6,False,40704.791886344,68.25123805696101,fast
11.648,20170316,100,1.0,244351.81945076075,205075.8013975952,sd6,False,39276.01805316555,65.85555984565602,fast
7.3984,20170316,100,1.0,238161.51043963304,205075.8013975952,sd6,False,33085.70904203784,55.47603855626278,fast
9.8048,20170316,100,1.0,241587.2412064072,205075.8013975952,sd6,False,36511.43980881199,61.220088709743585,fast
7.3472,20170316,100,1.0,256581.5973694623,205075.8013975952,sd6,False,51505.795971867105,86.36168321421933,fast
16.691200000000002,20170316,100,1.0,253508.1809429714,205989.08592835272,sd6,False,47519.09501461868,79.67703348416231,fast
8.4992,20170316,100,1.0,256828.6243017062,205989.08592835272,sd6,False,50839.53837335348,85.24454432574689,fast
8.7296,20170316,100,1.0,236385.11165637398,205989.08592835272,sd6,False,30396.025728021254,50.966146534818286,fast
28.5184,20170316,100,1.0,256702.50696852113,205989.08592835272,sd6,False,50713.42104016841,85.0330787038526,fast
12.0832,20170316,100,1.0,241339.65374765327,205989.08592835272,sd6,False,35350.567819300544,59.273611480943785,fast
5.9648,20170316,100,1.0,249190.97639867052,205989.08592835272,sd6,False,43201.8904703178,72.43821610078375,fast
8.2432,20170316,100,1.0,245387.8921023705,205989.08592835272,sd6,False,39398.80617401778,66.06144325344378,fast
4.1216,20170316,100,1.0,238120.1959795981,205989.08592835272,sd6,False,32131.110051245374,53.87542693413656,fast
5.12,20170316,100,1.0,241406.9741979109,205989.08592835272,sd6,False,35417.88826955817,59.38649018302545,fast
16.9728,20170316,100,1.0,254473.96524727647,209289.15403432547,sd6,False,45184.811212951,75.76305303967371,fast
6.272,20170316,100,1.0,232978.5395984584,209289.15403432547,sd6,False,23689.385564132914,39.72087360316906,fast
6.144,20170316,100,1.0,253100.5841882022,209289.15403432547,sd6,False,43811.43015387672,73.46025395234446,fast
17.1264,20170316,100,1.0,250724.91874377304,209289.15403432547,sd6,False,41435.76470944757,69.47688736876964,fast
17.2288,20170316,100,1.0,251437.34283742556,209289.15403432547,sd6,False,42148.188803100085,70.67143533622173,fast
8.9856,20170316,100,1.0,256069.7072422246,209289.15403432547,sd6,False,46780.553207899124,78.43869297609193,fast
8.2944,20170316,100,1.0,251839.7044744071,209289.15403432547,sd6,False,42550.55044008163,71.34609005371284,fast
10.9056,20170316,100,1.0,250869.95934626024,209289.15403432547,sd6,False,41580.80531193476,69.72008233991504,fast
15.7696,20170316,100,1.0,261709.0158875947,209289.15403432547,sd6,False,52419.86185326922,87.89433146471319,fast
5.1456,20170316,100,1.0,262362.53259078827,209289.15403432547,sd6,False,53073.37855646279,88.99010722026566,fast
8.8064,20170316,100,1.0,259876.83753529933,205002.75000087442,sd6,False,54874.08753442491,92.00942291826415,fast
4.8128,20170316,100,1.0,234773.90742197173,205002.75000087442,sd6,False,29771.157421097305,49.9184066105067,fast
5.6576,20170316,100,1.0,239333.00991387642,205002.75000087442,sd6,False,34330.259913001995,57.5628232769745,fast
5.0688,20170316,100,1.0,242852.52078470396,205002.75000087442,sd6,False,37849.77078382953,63.46411801788928,fast
6.195200000000002,20170316,100,1.0,239041.8824804073,205002.75000087442,sd6,False,34039.132479532884,57.07467908446536,fast
6.8608,20170316,100,1.0,239935.0501983693,205002.75000087442,sd6,False,34932.300197494886,58.572286607275664,fast
8.166400000000001,20170316,100,1.0,246282.5341880961,205002.75000087442,sd6,False,41279.78418722167,69.21534902742609,fast
6.3232,20170316,100,1.0,241549.4269177053,205002.75000087442,sd6,False,36546.67691683088,61.279172078958474,fast
7.9104,20170316,100,1.0,252645.5913593057,209985.17368712887,sd6,False,42660.417672176816,71.53030852689226,fast
15.36,20170316,100,1.0,240682.23110218628,209985.17368712887,sd6,False,30697.05741505741,51.47089755754704,fast
10.0864,20170316,100,1.0,253827.10397490519,209985.17368712887,sd6,False,43841.93028777631,73.51139466092154,fast
8.1408,20170316,100,1.0,245547.44070975579,209985.17368712887,sd6,False,35562.26702262691,59.62857540664178,fast
7.3984,20170316,100,1.0,415947.54213208857,209985.17368712887,sd6,False,205962.36844495972,345.34476134316003,fast
10.7264,20170316,100,1.0,245450.8616028173,209985.17368712887,sd6,False,35465.68791568844,59.46663762699678,fast
7.1168000000000005,20170316,100,1.0,256161.07921897122,209985.17368712887,sd6,False,46175.90553184235,77.42485773540656,fast
1.8944,20170316,100,1.0,282935.7755815713,209985.17368712887,sd6,False,72950.6018944424,122.31898667357068,fast
3.8144,20170316,100,1.0,255165.3111184889,209985.17368712887,sd6,False,45180.137431360024,75.75521633629778,fast
8.96,20170316,100,1.0,254783.39450443786,209985.17368712887,sd6,False,44798.22081730898,75.1148425489489,fast
5.888,20170316,100,1.0,253015.8015100827,209985.17368712887,sd6,False,43030.62782295383,72.15105365199538,fast
9.0624,20170316,100,1.0,263263.49317549233,209985.17368712887,sd6,False,53278.31948836345,89.33373930097555,fast
5.2736,20170316,100,1.0,253218.03324924922,209985.17368712887,sd6,False,43232.85956212034,72.49014312851368,fast
12.0064,20170316,100,1.0,251633.91877342304,209985.17368712887,sd6,False,41648.74508629416,69.83399948574609,fast
4.8896000000000015,20170316,100,1.0,243761.6356703689,209985.17368712887,sd6,False,33776.461983240035,56.63424969661636,fast
11.4944,20170324,100,0.02,244425.3231495323,169729.6606083469,16sd0,False,74695.66254118542,125.24499474547659,slow
6.2208000000000006,20170324,100,0.02,275753.3808820957,169729.6606083469,16sd0,False,106023.72027374883,177.7739139974809,slow
6.4768,20170324,100,0.02,230124.7652522963,169729.6606083469,16sd0,False,60395.104643949395,101.26671759037197,slow
6.4768,20170324,100,0.02,230124.7652522963,169729.6606083469,16sd0,True,60395.104643949395,101.26671759037197,slow
12.6464,20170324,100,0.02,249436.6319614141,171054.8863327089,16sd0,False,78381.74562870519,131.42558731567104,slow
12.6464,20170324,100,0.02,249436.6319614141,171054.8863327089,16sd0,False,78381.74562870519,131.42558731567104,slow
8.7552,20170324,100,0.02,229301.6432736188,170796.45346849278,16sd0,False,58505.18980512602,98.09782710858101,slow
5.171200000000002,20170324,100,0.02,281125.2369290421,172440.40484378507,16sd0,False,108684.83208525702,182.23589911831303,slow
9.6512,20170324,100,0.02,238739.62863248482,176217.99715651028,16sd0,False,62521.631475974544,104.8323441989619,slow
6.7328,20170324,100,0.02,239975.44633507426,172209.09966741473,16sd0,True,67766.34666765953,113.62635317186474,slow
5.7856000000000005,20170324,100,0.02,272065.8654396981,172193.33783493136,16sd0,False,99872.52760476674,167.45998053340202,slow
7.3472,20170324,100,0.02,273914.0249974411,172193.33783493136,16sd0,False,101720.68716250974,170.5588583828447,slow
8.0896,20170324,100,0.02,242082.69928348844,172193.33783493136,16sd0,False,69889.36144855709,117.18609099374261,slow
8.0896,20170324,100,0.02,242082.69928348844,172193.33783493136,16sd0,False,69889.36144855709,117.18609099374261,slow
9.344,20170324,100,0.02,263574.73829527927,172193.33783493136,16sd0,False,91381.40046034791,153.22259193002043,slow
5.9648,20170324,100,0.02,233751.85554222087,172193.33783493136,16sd0,True,61558.51770728952,103.2174555321435,slow
9.344,20170324,100,0.02,263574.73829527927,172193.33783493136,16sd0,True,91381.40046034791,153.22259193002043,slow
7.3472,20170324,100,0.02,273914.0249974411,172193.33783493136,16sd0,True,101720.68716250974,170.5588583828447,slow
11.4176,20170324,100,0.02,251469.8853759421,172193.33783493136,16sd0,True,79276.54754101075,132.92593495290046,slow
13.5424,20170324,100,0.02,268465.0921262373,217631.33631590093,16sd0,False,50833.755810336355,85.23484848732662,slow
6.2208000000000006,20170324,100,0.02,234511.57244220786,172891.16266160607,16sd0,False,61620.409780601796,103.32123227276091,slow
6.2208000000000006,20170324,100,0.02,234511.57244220786,172891.16266160607,16sd0,False,61620.409780601796,103.32123227276091,slow
6.4,20170324,100,0.02,245027.89355475485,172891.16266160607,16sd0,False,72136.73089314878,120.95433890403906,slow
27.392000000000003,20170714,100,0.018000000000000002,247721.53338616114,185494.35551635802,sd4,False,62227.17786980313,104.33862288900777,slow
6.0672000000000015,20170714,100,0.018000000000000002,231405.01976619285,182453.4551017864,sd4,False,48951.56466440644,82.07890860859541,slow
3.4816000000000003,20170714,100,0.018000000000000002,220697.64501169228,182453.4551017864,sd4,False,38244.189909905865,64.12545523202415,slow
3.9168,20170714,100,0.018000000000000002,217949.6376308786,182453.4551017864,sd4,False,35496.182529092184,59.51776907915321,slow
6.8608,20170714,100,0.018000000000000002,212956.33645316822,182453.4551017864,sd4,False,30502.881351381802,51.14531533165354,slow
6.8608,20170714,100,0.018000000000000002,212956.33645316822,182453.4551017864,sd4,False,30502.881351381802,51.14531533165354,slow
6.5792,20170714,100,0.018000000000000002,221214.8682682754,182453.4551017864,sd4,False,38761.41316648899,64.99270269792987,slow
30.7712,20170714,100,0.018000000000000002,233276.1834690441,182453.4551017864,sd4,False,50822.72836725769,85.21635836349,slow
30.7712,20170714,100,0.018000000000000002,233276.1834690441,182453.4551017864,sd4,False,50822.72836725769,85.21635836349,slow
8.3968,20170714,100,0.018000000000000002,225012.39584220378,182453.4551017864,sd4,False,42558.94074041737,71.36015838225714,slow
8.3968,20170714,100,0.018000000000000002,225012.39584220378,182453.4551017864,sd4,False,42558.94074041737,71.36015838225714,slow
30.7712,20170714,100,0.018000000000000002,233276.1834690441,182453.4551017864,sd4,False,50822.72836725769,85.21635836349,slow
5.6832,20170714,100,0.018000000000000002,236502.7570365809,187159.9220220739,sd4,False,49342.835014507,82.73496615297272,slow
6.5280000000000005,20170714,100,0.018000000000000002,240120.76466208327,184315.509854286,sd4,False,55805.25480779726,93.57074570854499,slow
4.7616000000000005,20170714,100,0.018000000000000002,191719.02712132467,184315.509854286,sd4,False,7403.517267038667,12.413752682052154,slow
6.6048,20170714,100,0.018000000000000002,229771.47453295952,177264.00498794962,sd4,False,52507.4695450099,88.04122653891747,slow
5.1968000000000005,20170714,100,0.018000000000000002,229533.4259355241,182082.52883550187,sd4,False,47450.89710002224,79.56268350499754,slow
5.1968000000000005,20170714,100,0.018000000000000002,229533.4259355241,182082.52883550187,sd4,False,47450.89710002224,79.56268350499754,slow
22.144,20170714,100,0.018000000000000002,228053.59647384594,186009.47541783,sd4,False,42044.12105601596,70.49694107519905,slow
4.2496,20170714,100,0.018000000000000002,223917.4026781804,182899.57276922965,sd4,False,41017.82990895075,68.77612054896515,slow
11.52,20170714,100,0.018000000000000002,225213.5228780695,182899.57276922965,sd4,False,42313.95010883984,70.9493734809558,slow
14.0032,20170714,100,0.018000000000000002,232094.15345359372,182367.29508369407,sd4,False,49726.85836989965,83.37887239186273,slow
14.0032,20170714,100,0.018000000000000002,232094.15345359372,182367.29508369407,sd4,False,49726.85836989965,83.37887239186273,slow
14.0032,20170714,100,0.018000000000000002,232094.15345359372,182367.29508369407,sd4,False,49726.85836989965,83.37887239186273,slow
14.0032,20170714,100,0.018000000000000002,232094.15345359372,182367.29508369407,sd4,False,49726.85836989965,83.37887239186273,slow
4.4032,20170714,100,0.018000000000000002,228990.17786129873,182565.42461162945,sd4,False,46424.75324966927,77.84210995663791,slow
4.4032,20170714,100,0.018000000000000002,228990.17786129873,182565.42461162945,sd4,False,46424.75324966927,77.84210995663791,slow
10.4192,20170714,100,0.018000000000000002,238403.26958844386,182565.42461162945,sd4,False,55837.844976814406,93.62539085671617,slow
10.4192,20170714,100,0.018000000000000002,238403.26958844386,182565.42461162945,sd4,False,55837.844976814406,93.62539085671617,slow
10.752,20170714,100,0.018000000000000002,210617.68297601512,181039.82315430755,sd4,False,29577.859821707563,49.59429733834471,slow
10.6496,20170714,100,0.018000000000000002,217469.4441678607,164038.5174340554,sd4,False,53430.9267338053,89.58962154370882,slow
9.2672,20170714,100,0.018000000000000002,203120.3434533989,164038.5174340554,sd4,False,39081.82601934351,65.52995084202419,slow
15.8976,20170714,100,0.018000000000000002,166722.99689922598,164038.5174340554,sd4,False,2684.479465170589,4.501166534592926,slow
5.4528,20170519,50,0.5,350994.2715164532,258522.6408059835,12sd2,True,184943.26142093935,310.1012430555148,slow
7.1936,20170519,50,0.5,374502.5908351935,258522.6408059835,12sd2,True,231959.90005842003,388.93578924960474,slow
7.1936,20170519,50,0.5,374502.5908351935,258522.6408059835,12sd2,True,231959.90005842003,388.93578924960474,slow
11.648,20170519,50,0.5,389782.1533673593,258522.6408059835,12sd2,True,262519.0251227516,440.1754105060364,slow
11.648,20170519,50,0.5,389782.1533673593,258522.6408059835,12sd2,True,262519.0251227516,440.1754105060364,slow
12.544,20170519,50,0.5,447112.2915743528,263148.75769890763,12sd2,False,367927.0677508904,616.9169949027615,slow
13.44,20170519,50,0.5,311628.47657787445,250244.73118960805,12sd2,True,122767.4907765328,205.84881657277256,slow
6.9888,20170519,50,0.5,325365.02462257573,255893.6995498225,12sd2,True,138942.6501455065,232.97030771768806,slow
6.9888,20170519,50,0.5,325365.02462257573,255893.6995498225,12sd2,True,138942.6501455065,232.97030771768806,slow
10.2144,20170519,50,0.5,348642.8394555862,263170.46502187,12sd2,False,170944.74886743247,286.62941655900624,slow
8.3968,20170519,50,0.5,343299.1091316155,263170.46502187,12sd2,False,160257.28821949102,268.7093539053566,slow
25.0624,20170519,50,0.5,369079.0713594256,263170.46502187,12sd2,True,211817.21267511125,355.1617963609107,slow
25.0624,20170519,50,0.5,369079.0713594256,263170.46502187,12sd2,True,211817.21267511125,355.1617963609107,slow
25.0624,20170519,50,0.5,369079.0713594256,263170.46502187,12sd2,True,211817.21267511125,355.1617963609107,slow
6.2976,20170519,50,0.5,323965.0115143241,263170.46502187,12sd2,True,121589.09298490826,203.87295317991868,slow
12.672,20170519,50,0.5,344350.92494793714,264639.7521240656,12sd2,True,159422.3456477431,267.309374650153,slow
12.672,20170519,50,0.5,344350.92494793714,264639.7521240656,12sd2,True,159422.3456477431,267.309374650153,slow
10.1888,20170519,50,0.5,373616.27821108,264639.7521240656,12sd2,True,217953.05217402882,365.44998659387505,slow
26.0608,20170519,50,0.5,351942.51528779656,261587.1993844755,12sd2,True,180710.6318066421,303.0042356019707,slow
11.6992,20170519,50,0.5,367213.58285281406,257181.7122921475,12sd2,True,220063.7411213331,368.9890572322632,slow
9.5232,20170421,25,0.71,214236.99982018393,138313.4786003977,sd1,False,303694.0848791449,509.2151641863888,slow
3.4816000000000003,20170421,25,0.71,209889.11165717922,136081.197273425,sd1,True,295231.6575350169,495.0258976052818,slow
2.56,20170421,25,0.71,231635.69316463103,139557.2583363132,sd1,False,368313.73931327125,617.5653414887752,slow
2.56,20170421,25,0.71,231635.69316463103,139557.2583363132,sd1,False,368313.73931327125,617.5653414887752,slow
2.56,20170421,25,0.71,231635.69316463103,139557.2583363132,sd1,True,368313.73931327125,617.5653414887752,slow
2.56,20170421,25,0.71,231635.69316463103,139557.2583363132,sd1,True,368313.73931327125,617.5653414887752,slow
2.2272000000000003,20170421,25,0.71,282533.5505296133,139557.2583363132,sd1,True,571905.1687732002,958.9346612785747,slow
12.5696,20170421,25,0.71,188609.9583554673,134645.7158742683,sd1,False,215856.96992479602,361.9354075492551,slow
3.1232,20170421,25,0.71,273348.24905748764,139486.62057807253,sd1,False,535446.5139176605,897.803079062653,slow
3.1232,20170421,25,0.71,273348.24905748764,139486.62057807253,sd1,False,535446.5139176605,897.803079062653,slow
3.5328000000000004,20170421,25,0.71,223280.99998619207,139486.62057807253,sd1,True,335177.51763247815,562.0046065129312,slow
9.2928,20170421,25,0.71,217098.23286331104,139383.28823377288,sd1,True,310859.77851815266,521.2301491484725,slow
2.8928000000000003,20170421,25,0.71,231920.28669484446,139181.5344787048,sd1,False,370955.00886455865,621.9940563541127,slow
2.8928000000000003,20170421,25,0.71,231920.28669484446,139181.5344787048,sd1,True,370955.00886455865,621.9940563541127,slow
3.1744000000000003,20170421,25,0.71,220953.80282838352,138652.87754256278,sd1,False,329203.70114328293,551.9880862847699,slow
2.048,20170421,25,0.71,181900.4564653864,138652.87754256278,sd1,False,172990.3156912945,290.0592945116231,slow
6.6048,20170421,25,0.71,282890.45490310504,141037.59095744276,sd1,True,567411.4557826491,951.3998856203639,slow
5.888,20170509,50,2.2,212948.17632382712,111043.48902447012,sd2,False,203809.374598714,341.7347565077198,fast
5.0176,20170509,50,2.2,171548.79366592644,111043.48902447012,sd2,True,121010.60928291263,202.90298804738052,fast
8.7296,20170509,50,2.2,166950.0462858058,110918.3828542875,sd2,True,112063.32686303658,187.9007469327,fast
5.504,20170509,50,2.2,171976.80376253536,108818.40424757068,sd2,False,126316.79902992936,211.8000736929785,fast
5.6064,20170509,50,2.2,252167.20825023914,108818.40424757068,sd2,True,286697.60800533695,480.71653944257633,fast
4.2752,20170509,50,2.2,174368.80254069626,116263.04650911395,sd2,True,116211.51206316461,194.8561632971621,fast
9.5488,20170509,50,2.2,192638.58867119526,110681.46446404544,sd2,False,163914.24841429965,274.84111503848374,fast
5.888,20170509,50,2.2,197781.51553601073,122784.55282758322,sd2,False,149993.92541685503,251.50039187789875,fast
11.3408,20170509,50,2.2,239196.75173664297,117561.20479706665,sd2,False,243271.09387915264,407.9016885059586,fast
8.8832,20170509,50,2.2,156567.80923324876,117561.20479706665,sd2,False,78013.20887236422,130.80764803323964,fast
7.0912000000000015,20170509,50,2.2,212232.1456435672,117561.20479706665,sd2,True,189341.88169300108,317.4765732168607,fast
7.0912000000000015,20170509,50,2.2,212232.1456435672,117561.20479706665,sd2,True,189341.88169300108,317.4765732168607,fast
6.2208000000000006,20170509,50,2.2,235858.9161206988,117561.20479706665,sd2,True,236595.4226472643,396.7083423340924,fast
11.3408,20170509,50,2.2,239196.75173664297,117561.20479706665,sd2,True,243271.09387915264,407.9016885059586,fast
5.6576,20170509,50,2.2,185898.2581103004,117561.20479706665,sd2,True,136674.10662646752,229.16655644946331,fast
9.0624,20170509,50,2.2,199593.99907413122,117561.20479706665,sd2,True,164065.58855412915,275.0948726781228,fast
6.6816,20170509,50,2.2,206972.29225817093,118857.75137412472,sd2,False,176229.0817680924,295.4898540176282,fast
25.523200000000006,20170509,50,2.2,246768.39043562513,118857.75137412472,sd2,False,255821.2781230008,428.9450490733657,fast
13.4656,20170509,50,2.2,210670.4516196418,118857.75137412472,sd2,False,183625.40049103418,307.891536633134,fast
13.4656,20170509,50,2.2,210670.4516196418,118857.75137412472,sd2,False,183625.40049103418,307.891536633134,fast
10.9312,20170509,50,2.2,247851.04082708692,118857.75137412472,sd2,False,257986.5789059244,432.57568940713486,fast
25.523200000000006,20170509,50,2.2,246768.39043562513,118857.75137412472,sd2,True,255821.2781230008,428.9450490733657,fast
13.4656,20170509,50,2.2,210670.4516196418,118857.75137412472,sd2,True,183625.40049103418,307.891536633134,fast
6.6816,20170509,50,2.2,206972.29225817093,118857.75137412472,sd2,True,176229.0817680924,295.4898540176282,fast
7.7312,20170509,50,2.2,213077.95372728296,118857.75137412472,sd2,True,188440.40470631648,315.9650332342248,fast
7.7312,20170509,50,2.2,213077.95372728296,118857.75137412472,sd2,True,188440.40470631648,315.9650332342248,fast
9.5744,20170509,50,2.2,232809.748813525,118857.75137412472,sd2,True,227903.9948788005,382.1351022267203,fast
9.5744,20170509,50,2.2,232809.748813525,118857.75137412472,sd2,True,227903.9948788005,382.1351022267203,fast
16.6144,20170509,50,2.2,229210.2805303526,123789.79282722618,sd2,False,210840.97540625287,353.5249030333886,fast
9.5232,20170509,50,2.2,191914.98355002105,123789.79282722618,sd2,True,136250.38144558974,228.45608068357393,fast
9.5232,20170509,50,2.2,191914.98355002105,123789.79282722618,sd2,True,136250.38144558974,228.45608068357393,fast
7.065600000000001,20170509,50,2.2,201491.4149691068,114889.51445884234,sd2,False,173203.8010205289,290.4172533010435,fast
33.8688,20170509,50,2.2,207995.2324169261,114889.51445884234,sd2,False,186211.4359161675,312.2276383854126,fast
6.7584,20170418,50,0.04,226978.31045180146,126359.48839467525,sd1,True,201237.6441142524,337.4226403813573,slow
6.7584,20170418,50,0.04,226978.31045180146,126359.48839467525,sd1,True,201237.6441142524,337.4226403813573,slow
6.7584,20170418,50,0.04,226978.31045180146,126359.48839467525,sd1,True,201237.6441142524,337.4226403813573,slow
6.7584,20170418,50,0.04,226978.31045180146,126359.48839467525,sd1,True,201237.6441142524,337.4226403813573,slow
11.008,20170418,50,0.04,271643.99737602577,113121.95070506545,sd1,True,317044.09334192064,531.5996197610415,slow
11.008,20170418,50,0.04,271643.99737602577,113121.95070506545,sd1,True,317044.09334192064,531.5996197610415,slow
11.008,20170418,50,0.04,271643.99737602577,113121.95070506545,sd1,True,317044.09334192064,531.5996197610415,slow
11.008,20170418,50,0.04,271643.99737602577,113121.95070506545,sd1,True,317044.09334192064,531.5996197610415,slow
11.136,20170418,50,0.04,276180.1470409053,121883.53105085136,sd1,True,308593.2319801079,517.4297462925332,slow
11.136,20170418,50,0.04,276180.1470409053,121883.53105085136,sd1,True,308593.2319801079,517.4297462925332,slow
11.136,20170418,50,0.04,276180.1470409053,121883.53105085136,sd1,True,308593.2319801079,517.4297462925332,slow
11.136,20170418,50,0.04,276180.1470409053,121883.53105085136,sd1,True,308593.2319801079,517.4297462925332,slow
11.136,20170418,50,0.04,276180.1470409053,121883.53105085136,sd1,True,308593.2319801079,517.4297462925332,slow
11.136,20170418,50,0.04,276180.1470409053,121883.53105085136,sd1,True,308593.2319801079,517.4297462925332,slow
6.630400000000002,20170418,50,0.04,190727.16705121734,118691.2100512484,sd1,True,144071.91399993788,241.57073514066204,slow
6.630400000000002,20170418,50,0.04,190727.16705121734,118691.2100512484,sd1,True,144071.91399993788,241.57073514066204,slow
5.12,20170418,50,0.04,259697.1546372161,121016.47293596485,sd1,True,277361.3634025025,465.06211097318896,slow
5.9648,20170418,50,0.04,277595.458411268,121016.47293596485,sd1,True,313157.97095060634,525.0836138522369,slow
9.7792,20170418,50,0.04,287705.4946127891,121618.78171002262,sd1,True,332173.4258055329,556.9675340474018,slow
12.6976,20170418,50,0.04,273112.53491731326,121618.78171002262,sd1,True,302987.50641458126,508.0304178025844,slow
9.7792,20170418,50,0.04,287705.4946127891,121618.78171002262,sd1,True,332173.4258055329,556.9675340474018,slow
12.6976,20170418,50,0.04,273112.53491731326,121618.78171002262,sd1,True,302987.50641458126,508.0304178025844,slow
9.3184,20170418,50,0.04,254214.6571595041,116893.1822494163,sd1,True,274642.9498201756,460.5040458426087,slow
9.0624,20170518,50,2.0,381383.0230283782,293155.1278846008,12sd2,False,176455.79028755485,295.86998462177365,fast
4.7104,20170518,50,2.0,392649.9394238271,293155.1278846008,12sd2,False,198989.62307845266,333.6532999238546,fast
8.3712,20170518,50,2.0,368545.0619082538,295730.1675104948,12sd2,False,145629.788795518,244.18288173590722,fast
7.4752,20170518,50,2.0,415575.32701859646,299564.5030936015,12sd2,False,232021.64784998994,389.03932406766,fast
17.561600000000002,20170518,50,2.0,430310.17918557615,315324.8830989314,12sd2,False,229970.5921732895,385.6002427514004,fast
5.0944,20170518,50,2.0,419624.26412626414,298801.3686397973,12sd2,False,241645.7909729336,405.1764826904673,fast
8.064,20170518,50,2.0,365477.59697395033,298801.3686397973,12sd2,False,133352.45666830603,223.59702245775577,fast
5.8368,20170518,50,2.0,421125.98176138377,298801.3686397973,12sd2,False,244649.2262431729,410.2124542829556,fast
20.1472,20170518,50,2.0,424767.7440937553,298801.3686397973,12sd2,False,251932.750907916,422.42501090712796,fast
5.8368,20170518,50,2.0,421125.98176138377,298801.3686397973,12sd2,False,244649.2262431729,410.2124542829556,fast
8.448,20170518,50,2.0,427689.63636442827,298801.3686397973,12sd2,False,257776.5354492619,432.2235017334327,fast
8.448,20170518,50,2.0,427689.63636442827,298801.3686397973,12sd2,False,257776.5354492619,432.2235017334327,fast
5.504,20170518,50,2.0,375974.7272364708,298801.3686397973,12sd2,False,154346.71719334694,258.79887969671006,fast
13.056,20170518,50,2.0,391446.8974615153,298801.3686397973,12sd2,False,185291.057643436,310.68440591366704,fast
13.056,20170518,50,2.0,391446.8974615153,298801.3686397973,12sd2,False,185291.057643436,310.68440591366704,fast
13.056,20170518,50,2.0,391446.8974615153,298801.3686397973,12sd2,False,185291.057643436,310.68440591366704,fast
5.7856000000000005,20170518,50,2.0,374934.5413187815,298801.3686397973,12sd2,False,152266.34535796836,255.31064288715015,fast
4.9152000000000005,20170518,50,2.0,364179.1467901651,298801.3686397973,12sd2,False,130755.55630073557,219.24270305250843,fast
5.8368,20170518,50,2.0,403388.7208845655,298801.3686397973,12sd2,False,209174.70448953635,350.7310046314081,fast
13.056,20170518,50,2.0,391446.8974615153,298801.3686397973,12sd2,True,185291.057643436,310.68440591366704,fast
20.1472,20170518,50,2.0,424767.7440937553,298801.3686397973,12sd2,True,251932.750907916,422.42501090712796,fast
5.2992,20170518,50,2.0,400326.29778102745,310170.52705953515,12sd2,False,180311.5414429846,302.3350659500957,fast
15.104,20170518,50,2.0,405378.03435993573,310170.52705953515,12sd2,True,190415.01460080117,319.275935065007,fast
5.2992,20170518,50,2.0,400326.29778102745,310170.52705953515,12sd2,True,180311.5414429846,302.3350659500957,fast
8.4992,20170518,50,2.0,357533.13226840994,290175.20357764896,12sd2,False,134715.85738152196,225.8830871280913,fast
10.7776,20170518,50,2.0,394413.6451447264,290175.20357764896,12sd2,False,208476.88313415484,349.5609416181795,fast
13.4144,20170518,50,2.0,405069.6686730922,315259.74049997376,12sd2,False,179619.8563462369,301.17529182987926,fast
13.4144,20170518,50,2.0,405069.6686730922,315259.74049997376,12sd2,False,179619.8563462369,301.17529182987926,fast
16.8704,20170518,50,2.0,412207.9179539745,315259.74049997376,12sd2,False,193896.3549080015,325.1132278026155,fast
16.8704,20170518,50,2.0,412207.9179539745,315259.74049997376,12sd2,False,193896.3549080015,325.1132278026155,fast
22.3744,20170518,50,2.0,398572.2382121884,315259.74049997376,12sd2,False,166624.9954244293,279.38632534239946,fast
13.7984,20170518,50,2.0,406037.324253044,315259.74049997376,12sd2,False,181555.16750614042,304.42030001116865,fast
13.7984,20170518,50,2.0,406037.324253044,315259.74049997376,12sd2,False,181555.16750614042,304.42030001116865,fast
6.4256,20170518,50,2.0,449716.8624474482,315259.74049997376,12sd2,False,268914.24389494886,450.89851161084806,fast
8.7552,20170518,50,2.0,433439.3444547745,315259.74049997376,12sd2,False,236359.2079096015,396.31227230042657,fast
8.7552,20170518,50,2.0,433439.3444547745,315259.74049997376,12sd2,False,236359.2079096015,396.31227230042657,fast
13.4144,20170518,50,2.0,405069.6686730922,315259.74049997376,12sd2,True,179619.8563462369,301.17529182987926,fast
13.4144,20170518,50,2.0,405069.6686730922,315259.74049997376,12sd2,True,179619.8563462369,301.17529182987926,fast
16.8704,20170518,50,2.0,412207.9179539745,315259.74049997376,12sd2,True,193896.3549080015,325.1132278026155,fast
22.3744,20170518,50,2.0,398572.2382121884,315259.74049997376,12sd2,True,166624.9954244293,279.38632534239946,fast
5.8624,20170517,50,2.17,475881.9439879428,378637.87146393047,sd2,False,194488.14504802471,326.1055043345596,fast
5.8624,20170517,50,2.17,475881.9439879428,378637.87146393047,sd2,False,194488.14504802471,326.1055043345596,fast
26.112,20170517,50,2.17,459824.05449690134,378637.87146393047,sd2,False,162372.36606594175,272.2557835741333,fast
26.112,20170517,50,2.17,459824.05449690134,378637.87146393047,sd2,False,162372.36606594175,272.2557835741333,fast
5.247999999999999,20170517,50,2.17,468059.4076343147,378637.87146393047,sd2,True,178843.0723407684,299.8728292052305,fast
26.112,20170517,50,2.17,459824.05449690134,378637.87146393047,sd2,True,162372.36606594175,272.2557835741333,fast
4.8896000000000015,20170517,50,2.17,443605.9809239084,362466.2759210336,sd2,False,162279.41000574967,272.0999206916815,fast
4.8896000000000015,20170517,50,2.17,443605.9809239084,362466.2759210336,sd2,False,162279.41000574967,272.0999206916815,fast
4.0192000000000005,20170517,50,2.17,417210.5687064411,362466.2759210336,sd2,True,109488.58557081502,183.58358247301743,fast
6.9632000000000005,20170517,50,2.17,387670.8028213367,340777.422362712,sd2,False,93786.76091724948,157.25574924513904,fast
5.4272,20170517,50,2.17,436829.2145094162,340777.422362712,sd2,False,192103.58429340844,322.10722265364524,fast
5.3504000000000005,20170517,50,2.17,474877.6624825069,386526.5564155377,sd2,True,176702.21213393833,296.2831692941561,fast
6.3744000000000005,20170517,50,2.17,469021.6238468251,372016.17505362036,sd2,False,194010.89758640944,325.30528577047176,fast
6.3744000000000005,20170517,50,2.17,469021.6238468251,372016.17505362036,sd2,True,194010.89758640944,325.30528577047176,fast
6.3744000000000005,20170517,50,2.17,469021.6238468251,372016.17505362036,sd2,True,194010.89758640944,325.30528577047176,fast
6.3744000000000005,20170517,50,2.17,469021.6238468251,372016.17505362036,sd2,True,194010.89758640944,325.30528577047176,fast
13.7728,20170517,50,2.17,501999.301893865,372016.17505362036,sd2,True,259966.25368048926,435.8950837106718,fast
6.6048,20170517,50,2.17,464045.79263316275,358829.23047008045,sd2,False,210433.1243261646,352.84104396252997,fast
16.819200000000002,20170517,50,2.17,467603.19801431603,367889.08228153305,sd2,True,199428.23146556597,334.38873091503217,fast
7.8848,20170517,50,2.17,454334.14214614755,367889.08228153305,sd2,True,172890.11972922902,289.89129221650336,fast
7.6288,20170517,50,2.17,451558.0718150131,370847.75492227,sd2,False,161420.63378548622,270.65997867182017,fast
11.4944,20170517,50,2.17,440814.1578628096,370847.75492227,sd2,False,139932.80588107917,234.63053865587173,fast
8.32,20170517,50,2.17,482000.85340882884,371910.4576020956,sd2,True,220180.79161346646,369.1853201446393,fast
6.8096000000000005,20170517,50,2.17,450606.5204860251,385278.6003370443,sd2,False,130655.84029796161,219.07550552297883,fast
7.9872,20170517,50,2.17,450930.84899565094,364865.551396206,sd2,False,172130.59519888985,288.61776919555234,fast
14.5152,20170517,50,2.17,490112.2254507417,364865.551396206,sd2,False,250493.34810907138,420.0115107138803,fast
4.5056,20170517,50,2.17,449268.78811431717,364865.551396206,sd2,False,168806.4734362223,283.04409063732186,fast
17.1776,20170517,50,2.17,444765.0550041264,364865.551396206,sd2,False,159799.00721584074,267.94093710655676,fast
17.1776,20170517,50,2.17,444765.0550041264,364865.551396206,sd2,False,159799.00721584074,267.94093710655676,fast
6.8864,20170517,50,2.17,429154.5521376555,364865.551396206,sd2,False,128578.00148289895,215.59151592276638,fast
17.1776,20170517,50,2.17,444765.0550041264,364865.551396206,sd2,False,159799.00721584074,267.94093710655676,fast
5.3248000000000015,20170517,50,2.17,531673.6505450144,364865.551396206,sd2,False,333616.1982976168,559.3866843305971,fast
5.3248000000000015,20170517,50,2.17,531673.6505450144,364865.551396206,sd2,False,333616.1982976168,559.3866843305971,fast
6.5536,20170517,50,2.17,472860.9753524034,364865.551396206,sd2,False,215990.8479123948,362.1598857489645,fast
3.9168,20170517,50,2.17,481749.40606366674,364865.551396206,sd2,False,233767.70933492144,391.96701028217007,fast
7.9872,20170517,50,2.17,450930.84899565094,364865.551396206,sd2,True,172130.59519888985,288.61776919555234,fast
8.345600000000001,20170517,50,2.17,446731.4781606415,364865.551396206,sd2,True,163731.85352887097,274.5352867522092,fast
8.345600000000001,20170517,50,2.17,446731.4781606415,364865.551396206,sd2,True,163731.85352887097,274.5352867522092,fast
14.5152,20170517,50,2.17,490112.2254507417,364865.551396206,sd2,True,250493.34810907138,420.0115107138803,fast
14.5152,20170517,50,2.17,490112.2254507417,364865.551396206,sd2,True,250493.34810907138,420.0115107138803,fast
6.5536,20170517,50,2.17,472860.9753524034,364865.551396206,sd2,True,215990.8479123948,362.1598857489645,fast
10.0864,20170517,50,2.17,469323.42917365936,364865.551396206,sd2,True,208915.75555490667,350.29681532437627,fast
10.0864,20170517,50,2.17,469323.42917365936,364865.551396206,sd2,True,208915.75555490667,350.29681532437627,fast
11.0336,20170517,50,2.17,445437.3753403444,364865.551396206,sd2,True,161143.64788827673,270.19554611897354,fast
11.0336,20170517,50,2.17,445437.3753403444,364865.551396206,sd2,True,161143.64788827673,270.19554611897354,fast
32.512,20170517,50,2.17,463347.1391638219,365077.532455028,sd2,False,196539.2134175878,329.544606933414,fast
13.0048,20170517,50,2.17,444324.4767055392,365077.532455028,sd2,False,158493.88850102248,265.75259602999813,fast
21.8624,20170517,50,2.17,420891.2140618801,365077.532455028,sd2,False,111627.36321370419,187.16975047169737,fast
6.4256,20170517,50,2.17,415707.1681125235,365077.532455028,sd2,True,101259.27131499106,169.78518527476973,fast
6.1696,20170517,50,2.17,466176.6682135214,365077.532455028,sd2,True,202198.2715169869,339.0333600659375,fast
6.1696,20170517,50,2.17,466176.6682135214,365077.532455028,sd2,True,202198.2715169869,339.0333600659375,fast
7.6288,20170517,50,2.17,447863.2294402063,365804.55429967615,sd2,False,164117.35028106032,275.1816634902926,fast
7.6288,20170517,50,2.17,447863.2294402063,365804.55429967615,sd2,False,164117.35028106032,275.1816634902926,fast
7.6288,20170517,50,2.17,447863.2294402063,365804.55429967615,sd2,False,164117.35028106032,275.1816634902926,fast
14.8224,20170517,50,2.17,444471.885514946,365804.55429967615,sd2,False,157334.66243053973,263.80887857483293,fast
5.9904,20170517,50,2.17,443615.0531007893,365804.55429967615,sd2,False,155620.99760222633,260.9355130390593,fast
7.6288,20170517,50,2.17,447863.2294402063,365804.55429967615,sd2,True,164117.35028106032,275.1816634902926,fast
5.9904,20170517,50,2.17,443615.0531007893,365804.55429967615,sd2,True,155620.99760222633,260.9355130390593,fast
4.7872,20170517,50,2.17,547946.5999656328,390216.01041453663,sd2,False,315461.1791021923,528.9454885987668,fast
4.7872,20170517,50,2.17,547946.5999656328,390216.01041453663,sd2,False,315461.1791021923,528.9454885987668,fast
5.0432000000000015,20170517,50,2.17,485544.7115930357,390216.01041453663,sd2,False,190657.40235699818,319.6823556283767,fast
13.568,20170517,50,2.17,474637.7999835104,390216.01041453663,sd2,False,168843.57913794753,283.10630714708293,fast
13.568,20170517,50,2.17,474637.7999835104,390216.01041453663,sd2,False,168843.57913794753,283.10630714708293,fast
16.8448,20170517,50,2.17,489613.99122718564,390216.01041453663,sd2,True,198795.96162529805,333.3285805645561,fast
8.9856,20170517,50,2.17,449695.52372152096,355763.1045865221,sd2,False,187864.83826999774,314.9999595895179,fast
4.5568,20170517,50,2.17,389515.7173039698,355763.1045865221,sd2,False,67505.22543489537,113.18852149177961,fast
12.8256,20170517,50,2.17,438676.7221057906,355763.1045865221,sd2,False,165827.23503853707,278.0486908407424,fast
5.8624,20170517,50,2.17,469334.09988226107,355763.1045865221,sd2,True,227141.99059147795,380.85742130503195,fast
7.7056,20170517,50,2.17,473965.5888938874,355763.1045865221,sd2,True,236404.96861473063,396.3890009762086,fast
7.7056,20170517,50,2.17,473965.5888938874,355763.1045865221,sd2,True,236404.96861473063,396.3890009762086,fast
8.4992,20170517,50,2.17,426548.2331159508,355763.1045865221,sd2,True,141570.25705885736,237.37611392998792,fast
8.4992,20170517,50,2.17,426548.2331159508,355763.1045865221,sd2,True,141570.25705885736,237.37611392998792,fast
12.8256,20170517,50,2.17,438676.7221057906,355763.1045865221,sd2,True,165827.23503853707,278.0486908407424,fast
12.8256,20170517,50,2.17,438676.7221057906,355763.1045865221,sd2,True,165827.23503853707,278.0486908407424,fast
6.1184,20170517,50,2.17,446700.86067604745,355763.1045865221,sd2,True,181875.5121790507,304.95743383541543,fast
7.8848,20170517,50,2.17,427015.65582229354,359450.74260441755,sd2,False,135129.82643575198,226.57720443367435,fast
4.2496,20170517,50,2.17,403228.7785200506,359450.74260441755,sd2,False,87556.07183126605,146.80852118280785,fast
6.2464,20170517,50,2.17,440619.4088285955,355135.0213006378,sd2,False,170968.77505591535,286.6697021625864,fast
6.3232,20170517,50,2.17,415160.40085756854,353825.246233665,sd2,False,122670.30924780713,205.6858686901175,fast
6.3232,20170517,50,2.17,415160.40085756854,353825.246233665,sd2,False,122670.30924780713,205.6858686901175,fast
8.7296,20170517,50,2.17,386456.0828530318,353825.246233665,sd2,False,65261.673238733674,109.42667410386012,fast
8.7296,20170517,50,2.17,386456.0828530318,353825.246233665,sd2,True,65261.673238733674,109.42667410386012,fast
7.6800000000000015,20170517,50,2.17,476649.04872217326,380013.3032946475,sd2,False,193271.49085505155,324.0654950111003,fast
12.8256,20170424,25,1.92,175097.39696582337,104315.6962436136,sd1,False,283126.8028888391,474.7292377327039,fast
6.6048,20170424,25,1.92,175188.93812895677,104315.6962436136,sd1,True,283492.9675413727,475.343199620481,fast
6.6048,20170424,25,1.92,175188.93812895677,104315.6962436136,sd1,True,283492.9675413727,475.343199620481,fast
10.6752,20170424,25,1.92,196375.18476639426,104315.6962436136,sd1,True,368237.95409112266,617.4382695889236,fast
7.8592,20170424,25,1.92,203586.94046544872,101583.28261508976,sd1,False,408014.6314014358,684.1333034267429,fast
9.1392,20170424,25,1.92,207488.12841804352,101583.28261508976,sd1,True,423619.38321181503,710.2983710090512,fast
10.9312,20170424,25,1.92,215052.00549218824,101583.28261508976,sd1,True,453874.89150839386,761.0289067417972,fast
10.9312,20170424,25,1.92,215052.00549218824,101583.28261508976,sd1,True,453874.89150839386,761.0289067417972,fast
10.9312,20170424,25,1.92,215052.00549218824,101583.28261508976,sd1,True,453874.89150839386,761.0289067417972,fast
7.7056,20170424,25,1.92,170010.38339489087,98820.10096623348,sd1,True,284761.12971462955,477.46957428967136,fast
9.8048,20170424,25,1.92,168628.02742128525,97188.13200017363,sd1,True,285759.5816844465,479.14371583228615,fast
6.5792,20170424,25,1.92,189870.92857797683,97188.13200017363,sd1,True,370731.1863112128,621.6187647566619,fast
4.5568,20170424,25,1.92,165343.6062886752,97188.13200017363,sd1,True,272621.89715400623,457.1152716896899,fast
9.856,20170424,25,1.92,173768.6427006883,97188.13200017363,sd1,True,306322.0428020587,513.6215589494742,fast
6.5024000000000015,20170424,25,1.92,167396.6937834601,99801.05469772304,sd1,False,270382.5563429482,453.3604856877631,fast
6.144,20170424,25,1.92,183890.32592781872,99801.05469772304,sd1,False,336357.0849203827,563.9824308436826,fast
4.0448,20170424,25,1.92,202581.67001643183,99801.05469772304,sd1,True,411122.46127483516,689.3443173319896,fast
6.5024000000000015,20170424,25,1.92,167396.6937834601,99801.05469772304,sd1,True,270382.5563429482,453.3604856877631,fast
5.8624,20170424,25,1.92,170145.44774884154,99801.05469772304,sd1,True,281377.572204474,471.79623760366513,fast
5.760000000000002,20170424,25,1.92,188175.93133442986,102760.72812507351,sd1,False,341660.8128374254,572.8753886474263,fast
5.2224,20170424,25,1.92,209107.78010733364,102760.72812507351,sd1,False,425388.20792904054,713.2642251815398,fast
5.760000000000002,20170424,25,1.92,188175.93133442986,102760.72812507351,sd1,True,341660.8128374254,572.8753886474263,fast
10.0352,20170424,25,1.92,196960.35037548066,102142.85942108557,sd1,False,379269.96381758037,635.9360504936769,fast
10.0352,20170424,25,1.92,196960.35037548066,102142.85942108557,sd1,False,379269.96381758037,635.9360504936769,fast
8.7552,20170424,25,1.92,177513.3822683696,102142.85942108557,sd1,True,301482.09138913616,505.5062324545038,fast
6.3232,20170424,25,1.92,176638.46966110053,102142.85942108557,sd1,True,297982.4409600599,499.6382384547319,fast
6.3232,20170424,25,1.92,176638.46966110053,102142.85942108557,sd1,True,297982.4409600599,499.6382384547319,fast
6.3232,20170424,25,1.92,176638.46966110053,102142.85942108557,sd1,True,297982.4409600599,499.6382384547319,fast
8.6784,20170424,25,1.92,163053.04622278325,101839.93370708048,sd1,False,244852.45006281108,410.5532072176886,fast
5.0688,20170424,25,1.92,215421.13130621426,101839.93370708048,sd1,False,454324.79039653507,761.7832689358559,fast
8.6784,20170424,25,1.92,163053.04622278325,101839.93370708048,sd1,False,244852.45006281108,410.5532072176886,fast
22.6816,20170424,25,1.92,183999.97740893238,101839.93370708048,sd1,True,328640.1748074076,551.0432007241562,fast
6.0928,20170424,25,1.92,156934.37982371874,101839.93370708048,sd1,True,220377.78446655307,369.5156253860732,fast
6.0928,20170424,25,1.92,156934.37982371874,101839.93370708048,sd1,True,220377.78446655307,369.5156253860732,fast
6.5280000000000005,20170424,25,1.92,153626.10904174682,100217.34280985381,sd1,False,213635.06492757204,358.2098568246889,fast
8.601600000000001,20170424,25,1.92,195408.526343829,100217.34280985381,sd1,False,380764.73413590074,638.4423874655259,fast
6.0928,20170424,25,1.92,172504.42967707393,100217.34280985381,sd1,True,289148.34746888047,484.8257854254311,fast
4.0448,20170424,25,1.92,161299.67321514722,100217.34280985381,sd1,True,244329.32162117364,409.6760583084335,fast
6.4768,20170424,25,1.92,181713.61019891925,100217.34280985381,sd1,True,325985.06955626176,546.5912870264218,fast
14.2336,20170424,25,1.92,202083.12404019895,100474.63252946567,sd1,False,406433.9660429331,681.482943047238,fast
14.2336,20170424,25,1.92,202083.12404019895,100474.63252946567,sd1,False,406433.9660429331,681.482943047238,fast
5.2992,20170424,25,1.92,182207.36135569325,100474.63252946567,sd1,True,326930.91530491033,548.177221761979,fast
5.2992,20170424,25,1.92,182207.36135569325,100474.63252946567,sd1,True,326930.91530491033,548.177221761979,fast
5.2992,20170424,25,1.92,182207.36135569325,100474.63252946567,sd1,True,326930.91530491033,548.177221761979,fast
14.847999999999999,20170424,25,1.92,193336.82765299553,100474.63252946567,sd1,True,371448.78049411945,622.8219816050027,fast
6.2208000000000006,20170424,25,1.92,168087.162542798,100744.46876264816,sd1,False,269370.77512059937,451.6639944918148,fast
6.2208000000000006,20170424,25,1.92,168087.162542798,100744.46876264816,sd1,True,269370.77512059937,451.6639944918148,fast
34.7904,20170424,25,1.92,210821.31267892852,100902.2244516876,sd1,False,439676.3529089637,737.221689136644,fast
34.7904,20170424,25,1.92,210821.31267892852,100902.2244516876,sd1,True,439676.3529089637,737.221689136644,fast
6.1184,20170424,25,1.92,174040.6072323824,100902.2244516876,sd1,True,292553.53112277924,490.5353834707632,fast
9.1136,20170424,25,1.92,175528.2087504168,100902.2244516876,sd1,True,298503.93719491677,500.51265058218877,fast
3.84,20170424,25,1.92,175093.60248612546,100902.2244516876,sd1,True,296765.51213775144,497.59776865005483,fast
4.9408,20170424,25,1.92,188812.92762450935,100902.2244516876,sd1,True,351642.812691287,589.6125789569295,fast
19.8656,20170424,25,1.92,168634.5360501858,101788.35272120114,sd1,False,267384.7333159386,448.3339243521747,fast
9.6768,20170424,25,1.92,178928.91431540574,102174.62460933247,sd1,True,307017.15882429306,514.7870858300241,fast
4.5824,20170424,25,1.92,174660.0150809343,96547.0166382091,sd1,True,312451.9937709008,523.8998756651114,fast
6.0672000000000015,20170424,25,1.92,177515.77071012964,94783.47150280557,sd1,False,330929.1968292963,554.8812890595485,fast
7.936,20170424,25,1.92,168415.72453959822,94783.47150280557,sd1,True,294529.0121471706,493.8477459574505,fast
6.0672000000000015,20170424,25,1.92,177515.77071012964,94783.47150280557,sd1,True,330929.1968292963,554.8812890595485,fast
5.247999999999999,20170424,25,1.92,162567.5487084616,94783.47150280557,sd1,True,271136.30882262415,454.6243304967485,fast
8.1152,20170424,25,1.92,160829.38673679333,94783.47150280557,sd1,True,264183.66093595105,442.9665672691529,fast
15.6416,20170424,25,1.92,148078.88320614462,94783.47150280557,sd1,True,213181.6468133562,357.4495938134176,fast
15.6416,20170424,25,1.92,148078.88320614462,94783.47150280557,sd1,True,213181.6468133562,357.4495938134176,fast
5.6832,20170424,25,1.92,199974.0770725992,101319.50360394672,sd1,False,394618.2938746099,661.6711661877723,fast
5.6832,20170424,25,1.92,199974.0770725992,101319.50360394672,sd1,False,394618.2938746099,661.6711661877723,fast
4.3264000000000005,20170424,25,1.92,179042.66276335676,101319.50360394672,sd1,True,310892.6366376401,521.2852435791602,fast
9.1904,20170424,25,1.92,159247.76520416286,101319.50360394672,sd1,True,231713.04640086452,388.5218805433744,fast
9.1904,20170424,25,1.92,159247.76520416286,101319.50360394672,sd1,True,231713.04640086452,388.5218805433744,fast
5.2992,20170424,25,1.92,160512.7812779108,102664.29539192397,sd1,True,231393.9435439474,387.98682891817714,fast
