area,date,experiment,exposure_ms,flow_rate,rbs,shock_class,survival,scaled_intensity,effective_channels,effective_channel_err
7.552,20170503,shock,50,0.2,sd2,slow,True,150640.80778321484,200.82253812805348,1004.1126906402674
4.4544000000000015,20170503,shock,50,0.2,sd2,slow,True,121793.88116929866,162.36607267855103,811.8303633927552
9.5488,20170503,shock,50,0.2,sd2,slow,True,173549.7147037441,231.36290033947174,1156.8145016973588
5.3248000000000015,20170503,shock,50,0.2,sd2,slow,False,178540.03526080493,238.01560524121234,1190.0780262060616
6.912000000000001,20170503,shock,50,0.2,sd2,slow,True,173552.52515102422,231.3666470078837,1156.8332350394185
7.8336000000000015,20170503,shock,50,0.2,sd2,slow,True,130914.01845493168,174.5243261075478,872.6216305377391
7.8336000000000015,20170503,shock,50,0.2,sd2,slow,True,130914.01845493168,174.5243261075478,872.6216305377391
2.2272000000000003,20170503,shock,50,0.2,sd2,slow,True,67558.6595418294,90.06391881039127,450.31959405195636
2.2272000000000003,20170503,shock,50,0.2,sd2,slow,True,67558.6595418294,90.06391881039127,450.31959405195636
19.3792,20170503,shock,50,0.2,sd2,slow,True,156369.91043426242,208.46012951189186,1042.3006475594593
19.3792,20170503,shock,50,0.2,sd2,slow,True,156369.91043426242,208.46012951189186,1042.3006475594593
19.3792,20170503,shock,50,0.2,sd2,slow,True,156369.91043426242,208.46012951189186,1042.3006475594593
5.9904,20170503,shock,50,0.2,sd2,slow,True,216394.4306145677,288.4801232301586,1442.400616150793
7.3472,20170503,shock,50,0.2,sd2,slow,True,196760.80635045207,262.306111583551,1311.530557917755
7.3472,20170503,shock,50,0.2,sd2,slow,True,196760.80635045207,262.306111583551,1311.530557917755
9.7024,20170503,shock,50,0.2,sd2,slow,True,229815.33222882787,306.37181915110233,1531.8590957555116
9.7024,20170503,shock,50,0.2,sd2,slow,True,229815.33222882787,306.37181915110233,1531.8590957555116
6.784000000000002,20170503,shock,50,0.2,sd2,slow,True,115798.98312154005,154.37414366883453,771.8707183441727
4.7360000000000015,20170503,shock,50,0.2,sd2,slow,True,159413.53428419778,212.51765068192373,1062.5882534096186
6.1696,20170503,shock,50,0.2,sd2,slow,True,194248.38306905795,258.9567454479971,1294.7837272399854
6.7328,20170503,shock,50,0.2,sd2,slow,False,92433.53600021306,123.22515778345387,616.1257889172693
6.7328,20170503,shock,50,0.2,sd2,slow,False,92433.53600021306,123.22515778345387,616.1257889172693
8.9856,20170503,shock,50,0.2,sd2,slow,False,187246.34928845672,249.62218188204554,1248.1109094102276
6.7584,20170503,shock,50,0.2,sd2,slow,False,132431.23570298625,176.54696142881122,882.734807144056
8.9856,20170503,shock,50,0.2,sd2,slow,True,187246.34928845672,249.62218188204554,1248.1109094102276
17.817600000000006,20170503,shock,50,0.2,sd2,slow,True,175613.7165286158,234.11446607568425,1170.5723303784212
17.817600000000006,20170503,shock,50,0.2,sd2,slow,True,175613.7165286158,234.11446607568425,1170.5723303784212
6.5792,20170503,shock,50,0.2,sd2,slow,True,179328.86782882875,239.06721509912407,1195.3360754956204
8.2432,20170503,shock,50,0.2,sd2,slow,False,165953.22005941597,221.23584806326824,1106.1792403163413
8.2432,20170503,shock,50,0.2,sd2,slow,False,165953.22005941597,221.23584806326824,1106.1792403163413
9.7536,20170503,shock,50,0.2,sd2,slow,False,182817.55672729912,243.71806216798882,1218.590310839944
5.8368,20170503,shock,50,0.2,sd2,slow,False,181469.96769955743,241.92156191757817,1209.6078095878909
9.984,20170503,shock,50,0.2,sd2,slow,False,215253.58078617905,286.95923150412864,1434.7961575206432
6.0928,20170503,shock,50,0.2,sd2,slow,False,200176.56140744657,266.8597289616291,1334.2986448081456
5.8368,20170503,shock,50,0.2,sd2,slow,True,181469.96769955743,241.92156191757817,1209.6078095878909
9.984,20170503,shock,50,0.2,sd2,slow,True,215253.58078617905,286.95923150412864,1434.7961575206432
5.8368,20170503,shock,50,0.2,sd2,slow,True,181469.96769955743,241.92156191757817,1209.6078095878909
3.2512000000000003,20170502,shock,50,0.02,sd2,slow,False,122197.84602019627,162.90460700975646,814.5230350487823
2.1248,20170502,shock,50,0.02,sd2,slow,False,127856.7110534248,170.4485630972229,852.2428154861144
2.1248,20170502,shock,50,0.02,sd2,slow,False,127856.7110534248,170.4485630972229,852.2428154861144
3.2512000000000003,20170502,shock,50,0.02,sd2,slow,True,122197.84602019627,162.90460700975646,814.5230350487823
2.1248,20170502,shock,50,0.02,sd2,slow,True,127856.7110534248,170.4485630972229,852.2428154861144
1.9712,20170502,shock,50,0.02,sd2,slow,True,206804.89848737972,275.6961093259462,1378.4805466297312
1.9712,20170502,shock,50,0.02,sd2,slow,True,206804.89848737972,275.6961093259462,1378.4805466297312
1.9712,20170502,shock,50,0.02,sd2,slow,True,206804.89848737972,275.6961093259462,1378.4805466297312
2.1248,20170502,shock,50,0.02,sd2,slow,True,127856.7110534248,170.4485630972229,852.2428154861144
5.7344,20170502,shock,50,0.02,sd2,slow,True,206126.82224485168,274.7921511351166,1373.9607556755832
6.6048,20170502,shock,50,0.02,sd2,slow,True,240013.50711849437,319.96722796332733,1599.8361398166367
5.0688,20170502,shock,50,0.02,sd2,slow,True,185635.09711694025,247.47418655853448,1237.3709327926724
5.0688,20170502,shock,50,0.02,sd2,slow,True,185635.09711694025,247.47418655853448,1237.3709327926724
3.84,20170502,shock,50,0.02,sd2,slow,False,222880.0705844964,297.1262709726759,1485.6313548633796
15.6672,20170502,shock,50,0.02,sd2,slow,True,137352.73332421863,183.10791697751873,915.5395848875936
22.9888,20170502,shock,50,0.02,sd2,slow,True,224875.71025021677,299.78670162726803,1498.9335081363402
5.2992,20170502,shock,50,0.02,sd2,slow,False,247515.1958463273,329.967892409697,1649.839462048485
15.488,20170502,shock,50,0.02,sd2,slow,False,224359.2683450575,299.09822168802725,1495.4911084401363
6.1184,20170502,shock,50,0.02,sd2,slow,False,179205.64689580968,238.9029465925783,1194.5147329628915
6.1184,20170502,shock,50,0.02,sd2,slow,True,179205.64689580968,238.9029465925783,1194.5147329628915
6.1184,20170502,shock,50,0.02,sd2,slow,True,179205.64689580968,238.9029465925783,1194.5147329628915
6.6816,20170502,shock,50,0.02,sd2,slow,False,123260.71188992192,164.32153662390957,821.6076831195478
6.6816,20170502,shock,50,0.02,sd2,slow,False,123260.71188992192,164.32153662390957,821.6076831195478
6.2976,20170502,shock,50,0.02,sd2,slow,False,197760.09618797502,263.6382866060438,1318.1914330302188
4.9664,20170502,shock,50,0.02,sd2,slow,True,225774.12879433722,300.9844029340164,1504.9220146700818
4.9664,20170502,shock,50,0.02,sd2,slow,True,225774.12879433722,300.9844029340164,1504.9220146700818
7.8592,20170502,shock,50,0.02,sd2,slow,False,167678.3900129431,223.5357096603207,1117.6785483016035
5.888,20170502,shock,50,0.02,sd2,slow,True,190507.13744276014,253.9692095107574,1269.846047553787
5.888,20170502,shock,50,0.02,sd2,slow,True,190507.13744276014,253.9692095107574,1269.846047553787
7.8592,20170502,shock,50,0.02,sd2,slow,True,167678.3900129431,223.5357096603207,1117.6785483016035
7.6800000000000015,20170502,shock,50,0.02,sd2,slow,True,171524.61213560405,228.66319204868256,1143.3159602434127
11.7504,20170502,shock,50,0.02,sd2,slow,False,231277.41689925926,308.3209560336972,1541.604780168486
7.6032,20170502,shock,50,0.02,sd2,slow,False,171815.05206140823,229.0503838324498,1145.251919162249
7.065600000000001,20170502,shock,50,0.02,sd2,slow,True,118948.80308197584,158.57323718412837,792.8661859206419
6.8608,20170502,shock,50,0.02,sd2,slow,True,198306.69575378264,264.36697037879105,1321.8348518939551
6.8608,20170502,shock,50,0.02,sd2,slow,True,198306.69575378264,264.36697037879105,1321.8348518939551
11.7504,20170502,shock,50,0.02,sd2,slow,True,231277.41689925926,308.3209560336972,1541.604780168486
5.3504000000000005,20170502,shock,50,0.02,sd2,slow,False,218909.29514953218,291.8327438539579,1459.1637192697895
5.3248000000000015,20170502,shock,50,0.02,sd2,slow,False,210254.95027157594,280.29544841720076,1401.4772420860038
4.4544000000000015,20170502,shock,50,0.02,sd2,slow,True,303211.8811511396,404.2183553010556,2021.0917765052782
5.6576,20170502,shock,50,0.02,sd2,slow,False,189959.50983133193,253.23915522802758,1266.195776140138
6.9376000000000015,20170502,shock,50,0.02,sd2,slow,False,195291.4255207822,260.34724803234343,1301.7362401617172
6.9376000000000015,20170502,shock,50,0.02,sd2,slow,False,195291.4255207822,260.34724803234343,1301.7362401617172
9.216,20170502,shock,50,0.02,sd2,slow,False,190341.0204594248,253.74775534630822,1268.738776731541
22.1184,20170502,shock,50,0.02,sd2,slow,False,211354.42177438954,281.7611777971988,1408.805888985994
22.1184,20170502,shock,50,0.02,sd2,slow,False,211354.42177438954,281.7611777971988,1408.805888985994
6.2464,20170502,shock,50,0.02,sd2,slow,False,180110.51943716637,240.10925186345247,1200.5462593172624
8.0896,20170502,shock,50,0.02,sd2,slow,False,158988.46437100423,211.95098073301955,1059.7549036650978
6.3232,20170502,shock,50,0.02,sd2,slow,False,237894.02880118307,317.1417053081225,1585.7085265406124
15.3856,20170502,shock,50,0.02,sd2,slow,False,231895.94722642706,309.14553226930644,1545.7276613465322
15.3856,20170502,shock,50,0.02,sd2,slow,False,231895.94722642706,309.14553226930644,1545.7276613465322
15.3856,20170502,shock,50,0.02,sd2,slow,False,231895.94722642706,309.14553226930644,1545.7276613465322
6.0672000000000015,20170502,shock,50,0.02,sd2,slow,False,187300.5630883959,249.69445547819504,1248.4722773909753
8.4992,20170502,shock,50,0.02,sd2,slow,False,247551.40919846194,330.01616921726884,1650.080846086344
8.4992,20170502,shock,50,0.02,sd2,slow,False,247551.40919846194,330.01616921726884,1650.080846086344
4.0192000000000005,20170502,shock,50,0.02,sd2,slow,False,153187.63819763056,204.21777316118425,1021.0888658059213
6.630400000000002,20170502,shock,50,0.02,sd2,slow,False,125212.83346539948,166.92395236563945,834.6197618281973
7.500800000000001,20170502,shock,50,0.02,sd2,slow,False,244212.02609677557,325.5643649543252,1627.8218247716259
6.2464,20170502,shock,50,0.02,sd2,slow,True,180110.51943716637,240.10925186345247,1200.5462593172624
8.0896,20170502,shock,50,0.02,sd2,slow,True,158988.46437100423,211.95098073301955,1059.7549036650978
6.3232,20170502,shock,50,0.02,sd2,slow,True,237894.02880118307,317.1417053081225,1585.7085265406124
7.808000000000002,20170502,shock,50,0.02,sd2,slow,True,165875.27199494673,221.131933802722,1105.65966901361
15.3856,20170502,shock,50,0.02,sd2,slow,True,231895.94722642706,309.14553226930644,1545.7276613465322
5.2736,20170502,shock,50,0.02,sd2,slow,True,221086.6103720274,294.73537014573657,1473.676850728683
9.7536,20170502,shock,50,0.02,sd2,slow,True,228814.84017596874,305.0380414291901,1525.1902071459506
9.7536,20170502,shock,50,0.02,sd2,slow,True,228814.84017596874,305.0380414291901,1525.1902071459506
4.0192000000000005,20170502,shock,50,0.02,sd2,slow,True,162473.71385644245,216.59724264554487,1082.9862132277244
6.630400000000002,20170502,shock,50,0.02,sd2,slow,True,125212.83346539948,166.92395236563945,834.6197618281973
6.8864,20170502,shock,50,0.02,sd2,slow,True,122853.95294649675,163.77927742716867,818.8963871358433
6.8864,20170502,shock,50,0.02,sd2,slow,True,122853.95294649675,163.77927742716867,818.8963871358433
9.216,20170502,shock,50,0.02,sd2,slow,True,190341.0204594248,253.74775534630822,1268.738776731541
9.2672,20170502,shock,50,0.02,sd2,slow,True,239894.64520759814,319.80877056400635,1599.0438528200318
9.2672,20170502,shock,50,0.02,sd2,slow,True,239894.64520759814,319.80877056400635,1599.0438528200318
7.500800000000001,20170502,shock,50,0.02,sd2,slow,True,244212.02609677557,325.5643649543252,1627.8218247716259
4.2496,20170502,shock,50,0.02,sd2,slow,False,223533.22066295173,297.99699955189794,1489.9849977594897
10.8288,20170502,shock,50,0.02,sd2,slow,True,191998.91414963632,255.95792949310314,1279.7896474655156
4.6848,20170502,shock,50,0.02,sd2,slow,True,215725.27797486834,287.58806128839774,1437.9403064419887
4.6848,20170502,shock,50,0.02,sd2,slow,True,215725.27797486834,287.58806128839774,1437.9403064419887
13.184,20170502,shock,50,0.02,sd2,slow,False,189248.54043942402,252.29134646415145,1261.4567323207573
3.4048000000000003,20170502,shock,50,0.02,sd2,slow,False,165986.72204944838,221.28051029503436,1106.4025514751718
3.4048000000000003,20170502,shock,50,0.02,sd2,slow,False,165986.72204944838,221.28051029503436,1106.4025514751718
13.184,20170502,shock,50,0.02,sd2,slow,True,189248.54043942402,252.29134646415145,1261.4567323207573
16.64,20170502,shock,50,0.02,sd2,slow,True,190407.5315186027,253.83642268628233,1269.1821134314116
16.64,20170502,shock,50,0.02,sd2,slow,True,190407.5315186027,253.83642268628233,1269.1821134314116
7.808000000000002,20170502,shock,50,0.02,sd2,slow,True,148978.48203435243,198.60645550744925,993.0322775372463
7.808000000000002,20170502,shock,50,0.02,sd2,slow,True,148978.48203435243,198.60645550744925,993.0322775372463
6.7072,20170502,shock,50,0.02,sd2,slow,False,274124.02560093655,365.44070224504975,1827.2035112252488
6.7072,20170502,shock,50,0.02,sd2,slow,False,274124.02560093655,365.44070224504975,1827.2035112252488
29.3376,20170502,shock,50,0.02,sd2,slow,False,220810.08994351275,294.3667347466322,1471.8336737331608
5.6320000000000014,20170502,shock,50,0.02,sd2,slow,False,212255.17612628365,282.96199302010695,1414.8099651005348
13.44,20170502,shock,50,0.02,sd2,slow,False,185093.88059109286,246.75267903346912,1233.7633951673456
6.8864,20170502,shock,50,0.02,sd2,slow,False,195176.809728641,260.19445122631146,1300.9722561315573
6.5792,20170502,shock,50,0.02,sd2,slow,False,310872.9161636375,414.4314477461768,2072.157238730884
8.1152,20170502,shock,50,0.02,sd2,slow,False,265582.0046665519,354.0531483011361,1770.2657415056806
9.344,20170502,shock,50,0.02,sd2,slow,False,175597.60110427247,234.0929822528924,1170.464911264462
12.1088,20170502,shock,50,0.02,sd2,slow,False,251278.34359380451,334.98462654117355,1674.9231327058678
7.1936,20170502,shock,50,0.02,sd2,slow,True,225503.32191796973,300.6233843955808,1503.116921977904
7.1936,20170502,shock,50,0.02,sd2,slow,True,225503.32191796973,300.6233843955808,1503.116921977904
9.8304,20170502,shock,50,0.02,sd2,slow,True,194917.75656248227,259.8491018146635,1299.2455090733176
9.8304,20170502,shock,50,0.02,sd2,slow,True,194917.75656248227,259.8491018146635,1299.2455090733176
8.1152,20170502,shock,50,0.02,sd2,slow,True,265582.0046665519,354.0531483011361,1770.2657415056806
4.9408,20170502,shock,50,0.02,sd2,slow,True,193136.80830098718,257.4748809417717,1287.3744047088585
13.44,20170502,shock,50,0.02,sd2,slow,True,185093.88059109286,246.75267903346912,1233.7633951673456
13.44,20170502,shock,50,0.02,sd2,slow,True,185093.88059109286,246.75267903346912,1233.7633951673456
7.5264000000000015,20170502,shock,50,0.02,sd2,slow,True,238911.90931132575,318.4986639607347,1592.4933198036733
7.5264000000000015,20170502,shock,50,0.02,sd2,slow,True,238911.90931132575,318.4986639607347,1592.4933198036733
3.7632,20170502,shock,50,0.02,sd2,slow,True,207991.51907534286,277.2780190473326,1386.390095236663
5.2736,20170502,shock,50,0.02,sd2,slow,True,225398.68002869422,300.4838840164467,1502.4194200822335
9.344,20170502,shock,50,0.02,sd2,slow,True,175597.60110427247,234.0929822528924,1170.464911264462
7.8848,20170502,shock,50,0.02,sd2,slow,True,177854.5290948538,237.10174205782548,1185.5087102891273
7.8848,20170502,shock,50,0.02,sd2,slow,True,177854.5290948538,237.10174205782548,1185.5087102891273
29.3376,20170502,shock,50,0.02,sd2,slow,True,220810.08994351275,294.3667347466322,1471.8336737331608
29.3376,20170502,shock,50,0.02,sd2,slow,True,220810.08994351275,294.3667347466322,1471.8336737331608
12.1088,20170502,shock,50,0.02,sd2,slow,True,251278.34359380451,334.98462654117355,1674.9231327058678
12.1088,20170502,shock,50,0.02,sd2,slow,True,251278.34359380451,334.98462654117355,1674.9231327058678
12.1088,20170502,shock,50,0.02,sd2,slow,True,251278.34359380451,334.98462654117355,1674.9231327058678
6.5792,20170502,shock,50,0.02,sd2,slow,True,310872.9161636375,414.4314477461768,2072.157238730884
26.1632,20170502,shock,50,0.02,sd2,slow,True,248525.59786769887,331.31488132622997,1656.57440663115
26.1632,20170502,shock,50,0.02,sd2,slow,True,248525.59786769887,331.31488132622997,1656.57440663115
26.1632,20170502,shock,50,0.02,sd2,slow,True,248525.59786769887,331.31488132622997,1656.57440663115
6.8864,20170502,shock,50,0.02,sd2,slow,True,195176.809728641,260.19445122631146,1300.9722561315573
6.8352,20170502,shock,50,0.02,sd2,slow,False,130906.72935036322,174.5146088436692,872.573044218346
8.7552,20170502,shock,50,0.02,sd2,slow,False,229064.08468154885,305.37031470202794,1526.8515735101396
6.4256,20170502,shock,50,0.02,sd2,slow,False,182775.2942501884,243.66172114030945,1218.3086057015473
9.344,20170502,shock,50,0.02,sd2,slow,False,246678.55095853412,328.8525429081179,1644.2627145405895
3.8656,20170502,shock,50,0.02,sd2,slow,False,206747.46824586403,275.61954782155567,1378.0977391077784
14.208,20170502,shock,50,0.02,sd2,slow,True,224124.44056384615,298.78516766408904,1493.925838320445
3.8656,20170502,shock,50,0.02,sd2,slow,True,206747.46824586403,275.61954782155567,1378.0977391077784
5.12,20170502,shock,50,0.02,sd2,slow,False,186588.9712081568,248.74581686158206,1243.7290843079104
5.12,20170502,shock,50,0.02,sd2,slow,False,186588.9712081568,248.74581686158206,1243.7290843079104
5.12,20170502,shock,50,0.02,sd2,slow,False,186588.9712081568,248.74581686158206,1243.7290843079104
3.5072,20170502,shock,50,0.02,sd2,slow,True,188270.77455712206,250.98786549462915,1254.9393274731458
9.9584,20170502,shock,50,0.02,sd2,slow,False,132719.97176625446,176.93188175636328,884.6594087818164
23.808000000000003,20170502,shock,50,0.02,sd2,slow,True,232617.6365124536,310.1076319572491,1550.5381597862456
9.9584,20170502,shock,50,0.02,sd2,slow,True,132719.97176625446,176.93188175636328,884.6594087818164
9.9584,20170502,shock,50,0.02,sd2,slow,True,132719.97176625446,176.93188175636328,884.6594087818164
10.0352,20170316,shock,100,1.0,sd6,fast,False,41812.67013009815,55.74138020768757,278.7069010384379
13.6704,20170316,shock,100,1.0,sd6,fast,False,44619.502343228116,59.483229295164044,297.4161464758202
9.6,20170316,shock,100,1.0,sd6,fast,False,35955.57726671346,47.93316228728629,239.66581143643143
8.2944,20170316,shock,100,1.0,sd6,fast,False,34963.89923423086,46.611134727691784,233.05567363845893
6.8608,20170316,shock,100,1.0,sd6,fast,False,39907.96537550085,53.202176861451775,266.0108843072589
7.7568,20170316,shock,100,1.0,sd6,fast,False,28886.755679524416,38.50956244336766,192.5478122168383
9.1904,20170316,shock,100,1.0,sd6,fast,False,24201.721205908165,32.2638410611309,161.3192053056545
9.7024,20170316,shock,100,1.0,sd6,fast,False,45653.55464481193,60.861746914772525,304.30873457386264
6.8096000000000005,20170316,shock,100,1.0,sd6,fast,False,35323.56467227408,47.09061254786333,235.45306273931664
8.4992,20170316,shock,100,1.0,sd6,fast,False,56641.318745643424,75.50977428234191,377.54887141170957
15.5136,20170316,shock,100,1.0,sd6,fast,False,49597.80194554146,66.1199088006084,330.599544003042
7.8336000000000015,20170316,shock,100,1.0,sd6,fast,False,30784.052370009682,41.03888993816926,205.1944496908463
7.065600000000001,20170316,shock,100,1.0,sd6,fast,False,39164.2303885156,52.21068756994484,261.0534378497242
10.5728,20170316,shock,100,1.0,sd6,fast,False,26910.91284215916,35.875523371346446,179.37761685673223
9.7024,20170316,shock,100,1.0,sd6,fast,False,32416.8673195866,43.21563107022261,216.07815535111303
6.016,20170316,shock,100,1.0,sd6,fast,False,37580.96190153953,50.09999790509477,250.49998952547384
13.5936,20170316,shock,100,1.0,sd6,fast,False,41927.74545047511,55.89478962080793,279.47394810403966
7.6800000000000015,20170316,shock,100,1.0,sd6,fast,False,32780.593234164204,43.700522000000014,218.50261000000006
2.944,20170316,shock,100,1.0,sd6,fast,False,79855.52388437404,106.45713619037225,532.2856809518613
9.5744,20170316,shock,100,1.0,sd6,fast,False,38800.606942357204,51.72593324304634,258.62966621523174
15.308800000000002,20170316,shock,100,1.0,sd6,fast,False,45501.63771812062,60.65922315476544,303.2961157738272
12.1856,20170316,shock,100,1.0,sd6,fast,False,59427.937199436215,79.22467596748473,396.1233798374236
5.5296,20170316,shock,100,1.0,sd6,fast,False,38183.615070137224,50.903407955198,254.51703977598999
7.7824,20170316,shock,100,1.0,sd6,fast,False,43515.487139312405,58.01144260837612,290.05721304188063
6.195200000000002,20170316,shock,100,1.0,sd6,fast,False,36672.85547222578,48.889381467830084,244.4469073391504
6.195200000000002,20170316,shock,100,1.0,sd6,fast,False,33893.44513715149,45.18408908256741,225.92044541283707
6.016,20170316,shock,100,1.0,sd6,fast,False,42014.71919794072,56.010736215715255,280.0536810785763
5.7088,20170316,shock,100,1.0,sd6,fast,False,30482.944190970506,40.63747607392084,203.18738036960417
11.776,20170316,shock,100,1.0,sd6,fast,False,47795.26722688964,63.71691055205593,318.5845527602796
5.4016,20170316,shock,100,1.0,sd6,fast,False,32167.602644192928,42.88333090856747,214.41665454283736
6.9376000000000015,20170316,shock,100,1.0,sd6,fast,False,40761.01868006165,54.33940078039782,271.6970039019891
12.4928,20170316,shock,100,1.0,sd6,fast,False,54743.62869054754,72.97992238462005,364.8996119231003
11.4432,20170316,shock,100,1.0,sd6,fast,False,49089.896726728824,65.44280930365653,327.21404651828266
12.3392,20170316,shock,100,1.0,sd6,fast,False,39041.245316318615,52.046733494592274,260.2336674729614
6.9376000000000015,20170316,shock,100,1.0,sd6,fast,False,44742.6853595197,59.6474472540955,298.2372362704775
13.7216,20170316,shock,100,1.0,sd6,fast,False,48378.28481655248,64.49414398469845,322.47071992349225
7.552,20170316,shock,100,1.0,sd6,fast,False,32268.344866012747,43.017632556177,215.088162780885
20.8128,20170316,shock,100,1.0,sd6,fast,False,53028.01307411748,70.69279788221148,353.4639894110574
12.16,20170316,shock,100,1.0,sd6,fast,False,26578.531751723087,35.432418908555725,177.16209454277862
7.1424,20170316,shock,100,1.0,sd6,fast,False,28073.672678468283,37.42562380559928,187.1281190279964
12.415999999999999,20170316,shock,100,1.0,sd6,fast,False,42444.612346957874,56.58383612522799,282.91918062613996
14.131200000000002,20170316,shock,100,1.0,sd6,fast,False,48561.88104781258,64.7389001148266,323.69450057413303
6.0928,20170316,shock,100,1.0,sd6,fast,False,42400.10546713369,56.52450303546312,282.6225151773156
6.016,20170316,shock,100,1.0,sd6,fast,False,32828.60773103271,43.76453117035677,218.82265585178385
6.0672000000000015,20170316,shock,100,1.0,sd6,fast,False,24917.152771323337,33.21759844558652,166.0879922279326
8.192,20170316,shock,100,1.0,sd6,fast,False,36306.03679670347,48.400367511152595,242.00183755576296
7.936,20170316,shock,100,1.0,sd6,fast,False,52366.42565015331,69.81082129413261,349.05410647066304
5.6320000000000014,20170316,shock,100,1.0,sd6,fast,False,45346.408457098674,60.45228364980054,302.2614182490027
13.44,20170316,shock,100,1.0,sd6,fast,False,50436.22141778332,67.23762403932312,336.1881201966156
7.7312,20170316,shock,100,1.0,sd6,fast,False,46062.253065528086,61.406591670884424,307.03295835442214
6.8352,20170316,shock,100,1.0,sd6,fast,False,34108.36302921761,45.47060080013574,227.3530040006787
12.5696,20170316,shock,100,1.0,sd6,fast,False,49355.27211337612,65.7965870049811,328.98293502490554
6.3488000000000016,20170316,shock,100,1.0,sd6,fast,False,34561.281463892694,46.07439621888661,230.37198109443307
5.5552,20170316,shock,100,1.0,sd6,fast,False,41020.092934994056,54.68477830594875,273.42389152974374
5.9904,20170316,shock,100,1.0,sd6,fast,False,30531.91492144426,40.70276002010013,203.51380010050065
4.48,20170316,shock,100,1.0,sd6,fast,False,38458.20337821441,51.269467602512854,256.34733801256425
4.7616000000000005,20170316,shock,100,1.0,sd6,fast,False,33865.40639924424,45.14671003106535,225.73355015532678
6.6048,20170316,shock,100,1.0,sd6,fast,False,37774.39797119156,50.35787173785422,251.7893586892711
13.8752,20170316,shock,100,1.0,sd6,fast,False,47295.37096794974,63.050487973749654,315.2524398687483
8.3712,20170316,shock,100,1.0,sd6,fast,False,49002.30538355568,65.32603937847537,326.63019689237683
10.9056,20170316,shock,100,1.0,sd6,fast,False,49709.213465338544,66.26843392146776,331.3421696073388
5.7344,20170316,shock,100,1.0,sd6,fast,False,27520.586926744203,36.688293157296236,183.4414657864812
5.760000000000002,20170316,shock,100,1.0,sd6,fast,False,33677.69122293807,44.8964628456864,224.48231422843202
5.7088,20170316,shock,100,1.0,sd6,fast,False,48072.991334215825,64.08715060157064,320.43575300785324
6.1184,20170316,shock,100,1.0,sd6,fast,False,85718.76019604268,114.27354407533491,571.3677203766746
8.4224,20170316,shock,100,1.0,sd6,fast,False,50162.785385441995,66.87310051586013,334.36550257930065
8.4224,20170316,shock,100,1.0,sd6,fast,False,50162.785385441995,66.87310051586013,334.36550257930065
4.4544000000000015,20170316,shock,100,1.0,sd6,fast,False,58958.43023913857,78.59876602433408,392.9938301216704
14.847999999999999,20170316,shock,100,1.0,sd6,fast,False,42614.97097887876,56.810944923685895,284.0547246184295
14.847999999999999,20170316,shock,100,1.0,sd6,fast,False,42614.97097887876,56.810944923685895,284.0547246184295
11.0848,20170316,shock,100,1.0,sd6,fast,False,47042.96326751233,62.71399777703049,313.56998888515244
11.0848,20170316,shock,100,1.0,sd6,fast,False,47042.96326751233,62.71399777703049,313.56998888515244
11.8016,20170316,shock,100,1.0,sd6,fast,False,42267.64734649967,56.34792023314785,281.73960116573926
8.2688,20170316,shock,100,1.0,sd6,fast,False,45379.19170063434,60.495987704975136,302.4799385248757
6.2976,20170316,shock,100,1.0,sd6,fast,False,30962.113687076868,41.276267353771786,206.38133676885894
8.2688,20170316,shock,100,1.0,sd6,fast,False,39905.845455753006,53.19935075031593,265.99675375157966
6.8352,20170316,shock,100,1.0,sd6,fast,False,49124.30685964579,65.4886822004592,327.443411002296
12.0576,20170316,shock,100,1.0,sd6,fast,False,53856.8057398829,71.79767941577606,358.9883970788803
4.6336,20170316,shock,100,1.0,sd6,fast,False,45733.896583109134,60.96885250059885,304.84426250299424
9.2928,20170316,shock,100,1.0,sd6,fast,False,45900.382061768585,61.19079791418141,305.953989570907
7.7056,20170316,shock,100,1.0,sd6,fast,False,26745.851952339348,35.655477108138726,178.27738554069361
6.3744000000000005,20170316,shock,100,1.0,sd6,fast,False,32686.234622657794,43.57473048217819,217.87365241089094
11.8272,20170316,shock,100,1.0,sd6,fast,False,40629.22849200896,54.16370841353795,270.81854206768975
10.5728,20170316,shock,100,1.0,sd6,fast,False,31188.4861746869,41.57804944186062,207.8902472093031
25.651200000000006,20170316,shock,100,1.0,sd6,fast,False,42109.48873262876,56.13707554417035,280.68537772085176
5.6320000000000014,20170316,shock,100,1.0,sd6,fast,False,35365.92010483146,47.147077496470914,235.73538748235455
6.9888,20170316,shock,100,1.0,sd6,fast,False,45828.03130466549,61.094345545857415,305.47172772928707
8.4224,20170316,shock,100,1.0,sd6,fast,False,23983.941188549623,31.973513782068153,159.86756891034076
11.6224,20170316,shock,100,1.0,sd6,fast,False,45731.9380093684,60.96624148333525,304.83120741667625
10.3936,20170316,shock,100,1.0,sd6,fast,False,30729.51605139699,40.96618638535957,204.83093192679786
9.4976,20170316,shock,100,1.0,sd6,fast,False,35519.75860996122,47.352162954499285,236.76081477249642
3.9936,20170316,shock,100,1.0,sd6,fast,False,35163.06142207133,46.87664217318303,234.38321086591515
13.7984,20170316,shock,100,1.0,sd6,fast,False,43607.107307790546,58.13358344822065,290.6679172411032
8.704,20170316,shock,100,1.0,sd6,fast,False,46881.023012917576,62.49811170053241,312.49055850266205
9.3696,20170316,shock,100,1.0,sd6,fast,False,40755.46807052923,54.33200114207363,271.6600057103681
7.1168000000000005,20170316,shock,100,1.0,sd6,fast,False,40468.824211443716,53.94986997743454,269.7493498871727
5.2224,20170316,shock,100,1.0,sd6,fast,False,40999.84864197663,54.65779019850166,273.28895099250826
18.0992,20170316,shock,100,1.0,sd6,fast,False,44573.22986304504,59.42154244514915,297.10771222574573
6.3488000000000016,20170316,shock,100,1.0,sd6,fast,False,41482.65310829232,55.301427336219405,276.507136681097
1.8176,20170316,shock,100,1.0,sd6,fast,False,85537.57999126002,114.0320088026658,570.160044013329
6.784000000000002,20170316,shock,100,1.0,sd6,fast,False,45264.85328337093,60.34356067342718,301.7178033671359
5.4784000000000015,20170316,shock,100,1.0,sd6,fast,False,38066.20772410219,50.74688966793838,253.7344483396919
10.9312,20170316,shock,100,1.0,sd6,fast,False,56895.37219140335,75.84845845795459,379.242292289773
4.864,20170316,shock,100,1.0,sd6,fast,False,43263.23158928644,57.67515524668058,288.3757762334029
6.7072,20170316,shock,100,1.0,sd6,fast,False,36497.54695177855,48.655673865290204,243.278369326451
11.4944,20170316,shock,100,1.0,sd6,fast,False,35574.16078312078,47.424687675087,237.123438375435
6.7328,20170316,shock,100,1.0,sd6,fast,False,30668.36425012967,40.884663588699595,204.42331794349798
7.1168000000000005,20170316,shock,100,1.0,sd6,fast,False,42605.773179820564,56.79868313765833,283.99341568829163
4.9408,20170316,shock,100,1.0,sd6,fast,False,36843.86734850425,49.11736112055278,245.5868056027639
10.1632,20170316,shock,100,1.0,sd6,fast,False,37662.846330801025,50.20915981918331,251.04579909591655
8.038400000000001,20170316,shock,100,1.0,sd6,fast,False,23955.81695922828,31.936020760102053,159.68010380051027
8.5504,20170316,shock,100,1.0,sd6,fast,False,53502.536445633596,71.32539531229222,356.6269765614611
10.9568,20170316,shock,100,1.0,sd6,fast,False,40933.98402846861,54.56998464931383,272.8499232465692
7.3216,20170316,shock,100,1.0,sd6,fast,False,37635.70944615398,50.172983047882745,250.86491523941373
6.6048,20170316,shock,100,1.0,sd6,fast,False,46116.74229885856,61.479232453280034,307.39616226640015
6.4,20170316,shock,100,1.0,sd6,fast,False,41764.026712507184,55.67653260943319,278.3826630471659
7.936,20170316,shock,100,1.0,sd6,fast,False,51517.94720756964,68.67969622321688,343.3984811160844
6.2976,20170316,shock,100,1.0,sd6,fast,False,27127.900649606076,36.164794538141045,180.82397269070523
19.8656,20170316,shock,100,1.0,sd6,fast,False,39170.88283791908,52.219556094972255,261.0977804748613
9.1648,20170316,shock,100,1.0,sd6,fast,False,40043.07757157483,53.38229786947691,266.91148934738453
11.0848,20170316,shock,100,1.0,sd6,fast,False,44036.92624140304,58.70658441956284,293.5329220978142
5.888,20170316,shock,100,1.0,sd6,fast,False,36271.298673027835,48.35405736273394,241.7702868136697
7.6288,20170316,shock,100,1.0,sd6,fast,False,36390.57271734538,48.51306418608501,242.56532093042506
6.5280000000000005,20170316,shock,100,1.0,sd6,fast,False,43585.700602799974,58.105045704083274,290.52522852041636
6.4512,20170316,shock,100,1.0,sd6,fast,False,36889.76605907976,49.178549690172254,245.89274845086126
7.372800000000002,20170316,shock,100,1.0,sd6,fast,False,32875.57443999365,43.82714351185875,219.13571755929377
7.8336000000000015,20170316,shock,100,1.0,sd6,fast,False,80611.24620921336,107.4646060627635,537.3230303138175
9.5488,20170316,shock,100,1.0,sd6,fast,False,48625.97701549341,64.82434784378437,324.12173921892185
4.4032,20170316,shock,100,1.0,sd6,fast,False,51036.373159438604,68.03769938274952,340.1884969137476
8.6784,20170316,shock,100,1.0,sd6,fast,False,37110.080521348165,49.472255692882555,247.36127846441278
25.2928,20170316,shock,100,1.0,sd6,fast,False,42636.89089889891,56.84016684594448,284.20083422972243
16.8448,20170316,shock,100,1.0,sd6,fast,False,46411.385634474485,61.87202789411475,309.36013947057376
9.4976,20170316,shock,100,1.0,sd6,fast,False,34185.81151744089,45.573849064719944,227.86924532359973
5.247999999999999,20170316,shock,100,1.0,sd6,fast,False,44235.41942330607,58.9711999986843,294.8559999934215
5.5296,20170316,shock,100,1.0,sd6,fast,False,40704.791886344,54.2644436184485,271.3222180922425
11.648,20170316,shock,100,1.0,sd6,fast,False,39276.01805316555,52.359714137690794,261.798570688454
7.3984,20170316,shock,100,1.0,sd6,fast,False,33085.70904203784,44.10727852143578,220.5363926071789
9.8048,20170316,shock,100,1.0,sd6,fast,False,36511.43980881199,48.67419473524809,243.37097367624045
7.3472,20170316,shock,100,1.0,sd6,fast,False,51505.795971867105,68.66349714654513,343.31748573272563
16.691200000000002,20170316,shock,100,1.0,sd6,fast,False,47519.09501461868,63.34873936760167,316.7436968380083
8.4992,20170316,shock,100,1.0,sd6,fast,False,50839.53837335348,67.77529464717222,338.8764732358611
8.7296,20170316,shock,100,1.0,sd6,fast,False,30396.025728021254,40.521603180005016,202.60801590002507
28.5184,20170316,shock,100,1.0,sd6,fast,False,50713.42104016841,67.6071648865524,338.03582443276196
12.0832,20170316,shock,100,1.0,sd6,fast,False,35350.567819300544,47.126611030632375,235.63305515316188
5.9648,20170316,shock,100,1.0,sd6,fast,False,43201.8904703178,57.59338006647426,287.9669003323713
8.2432,20170316,shock,100,1.0,sd6,fast,False,39398.80617401778,52.523405652920886,262.6170282646044
4.1216,20170316,shock,100,1.0,sd6,fast,False,32131.11005124537,42.83468183899299,214.17340919496496
5.12,20170316,shock,100,1.0,sd6,fast,False,35417.88826955817,47.216357387463624,236.08178693731813
16.9728,20170316,shock,100,1.0,sd6,fast,False,45184.811212951,60.236854847991836,301.18427423995917
6.272,20170316,shock,100,1.0,sd6,fast,False,23689.385564132914,31.580835270941318,157.90417635470658
6.144,20170316,shock,100,1.0,sd6,fast,False,43811.43015387672,58.40597067949216,292.0298533974608
17.1264,20170316,shock,100,1.0,sd6,fast,False,41435.76470944757,55.238919391637,276.194596958185
17.2288,20170316,shock,100,1.0,sd6,fast,False,42148.188803100085,56.18866745005665,280.94333725028326
8.9856,20170316,shock,100,1.0,sd6,fast,False,46780.553207899124,62.364173217687366,311.82086608843684
8.2944,20170316,shock,100,1.0,sd6,fast,False,42550.55044008163,56.72506450191178,283.6253225095589
10.9056,20170316,shock,100,1.0,sd6,fast,False,41580.80531193476,55.43227617424943,277.16138087124716
15.7696,20170316,shock,100,1.0,sd6,fast,False,52419.86185326922,69.88205825903992,349.4102912951996
5.1456,20170316,shock,100,1.0,sd6,fast,False,53073.37855646279,70.75327559367662,353.7663779683831
8.8064,20170316,shock,100,1.0,sd6,fast,False,54874.08753442491,73.15383990759567,365.76919953797835
4.8128,20170316,shock,100,1.0,sd6,fast,False,29771.157421097305,39.68857764569672,198.44288822848358
5.6576,20170316,shock,100,1.0,sd6,fast,False,34330.259913001995,45.76641636339543,228.83208181697714
5.0688,20170316,shock,100,1.0,sd6,fast,False,37849.77078382953,50.458352874158194,252.291764370791
6.195200000000002,20170316,shock,100,1.0,sd6,fast,False,34039.132479532884,45.37830804820299,226.89154024101495
6.8608,20170316,shock,100,1.0,sd6,fast,False,34932.300197494886,46.569009364364916,232.84504682182458
8.166400000000001,20170316,shock,100,1.0,sd6,fast,False,41279.78418722167,55.030978364017024,275.15489182008514
6.3232,20170316,shock,100,1.0,sd6,fast,False,36546.67691683088,48.72117009055042,243.60585045275212
7.9104,20170316,shock,100,1.0,sd6,fast,False,42660.417672176816,56.871530899238934,284.35765449619464
15.36,20170316,shock,100,1.0,sd6,fast,False,30697.05741505741,40.922915071100086,204.61457535550042
10.0864,20170316,shock,100,1.0,sd6,fast,False,43841.93028777631,58.44663107154061,292.233155357703
8.1408,20170316,shock,100,1.0,sd6,fast,False,35562.26702262691,47.408831844217424,237.0441592210871
7.3984,20170316,shock,100,1.0,sd6,fast,False,205962.3684449597,274.5729141966993,1372.8645709834964
10.7264,20170316,shock,100,1.0,sd6,fast,False,35465.68791568844,47.28008013562704,236.40040067813518
7.1168000000000005,20170316,shock,100,1.0,sd6,fast,False,46175.90553184235,61.558104246298846,307.7905212314942
1.8944,20170316,shock,100,1.0,sd6,fast,False,72950.6018944424,97.25203446528187,486.26017232640936
3.8144,20170316,shock,100,1.0,sd6,fast,False,45180.137431360024,60.23062412807226,301.1531206403613
8.96,20170316,shock,100,1.0,sd6,fast,False,44798.22081730899,59.72148278107832,298.6074139053916
5.888,20170316,shock,100,1.0,sd6,fast,False,43030.62782295383,57.365066105361834,286.8253305268092
9.0624,20170316,shock,100,1.0,sd6,fast,False,53278.31948836346,71.02648680859421,355.13243404297106
5.2736,20170316,shock,100,1.0,sd6,fast,False,43232.85956212034,57.634665636505574,288.1733281825279
12.0064,20170316,shock,100,1.0,sd6,fast,False,41648.74508629416,55.52284816551448,277.6142408275724
4.8896000000000015,20170316,shock,100,1.0,sd6,fast,False,33776.461983240035,45.02813629505627,225.14068147528135
11.4944,20170324,shock,100,0.02,16sd0,slow,False,74695.66254118542,99.5784127781932,497.89206389096597
6.2208000000000006,20170324,shock,100,0.02,16sd0,slow,False,106023.72027374883,141.34252810031373,706.7126405015687
6.4768,20170324,shock,100,0.02,16sd0,slow,False,60395.104643949395,80.51402792901612,402.57013964508064
6.4768,20170324,shock,100,0.02,16sd0,slow,True,60395.104643949395,80.51402792901612,402.57013964508064
12.6464,20170324,shock,100,0.02,16sd0,slow,False,78381.74562870519,104.49241033489704,522.4620516744852
12.6464,20170324,shock,100,0.02,16sd0,slow,False,78381.74562870519,104.49241033489704,522.4620516744852
8.7552,20170324,shock,100,0.02,16sd0,slow,False,58505.18980512602,77.99454134126117,389.97270670630587
5.171200000000002,20170324,shock,100,0.02,16sd0,slow,False,108684.83208525702,144.89011415016205,724.4505707508102
9.6512,20170324,shock,100,0.02,16sd0,slow,False,62521.631475974544,83.34894711253024,416.7447355626512
6.7328,20170324,shock,100,0.02,16sd0,slow,True,67766.34666765953,90.34079103618117,451.70395518090584
5.7856000000000005,20170324,shock,100,0.02,16sd0,slow,False,99872.52760476674,133.14223933077022,665.7111966538512
7.3472,20170324,shock,100,0.02,16sd0,slow,False,101720.68716250974,135.6060610449082,678.0303052245409
8.0896,20170324,shock,100,0.02,16sd0,slow,False,69889.36144855709,93.17102822793053,465.8551411396527
8.0896,20170324,shock,100,0.02,16sd0,slow,False,69889.36144855709,93.17102822793053,465.8551411396527
9.344,20170324,shock,100,0.02,16sd0,slow,False,91381.40046034791,121.82253300548187,609.1126650274093
5.9648,20170324,shock,100,0.02,16sd0,slow,True,61558.51770728952,82.06499919443527,410.32499597217634
9.344,20170324,shock,100,0.02,16sd0,slow,True,91381.40046034791,121.82253300548187,609.1126650274093
7.3472,20170324,shock,100,0.02,16sd0,slow,True,101720.68716250974,135.6060610449082,678.0303052245409
11.4176,20170324,shock,100,0.02,16sd0,slow,True,79276.54754101075,105.68529023109116,528.4264511554558
13.5424,20170324,shock,100,0.02,16sd0,slow,False,50833.755810336355,67.76758578661129,338.83792893305645
6.2208000000000006,20170324,shock,100,0.02,16sd0,slow,False,61620.409780601796,82.14750886386341,410.73754431931707
6.2208000000000006,20170324,shock,100,0.02,16sd0,slow,False,61620.409780601796,82.14750886386341,410.73754431931707
6.4,20170324,shock,100,0.02,16sd0,slow,False,72136.73089314878,96.1670453272535,480.8352266362675
4.3776,20170721,calibration,50,,mlg910,,,348743.57053630846,464.9176409869533,2324.5882049347665
7.808000000000002,20170721,calibration,50,,mlg910,,,221352.05655956655,295.0892422332704,1475.446211166352
7.372800000000002,20170721,calibration,50,,mlg910,,,257293.30896104095,343.0033077310613,1715.0165386553065
6.195200000000002,20170721,calibration,50,,mlg910,,,177476.10141208692,236.59725188103005,1182.9862594051501
4.1984,20170721,calibration,50,,mlg910,,,393309.67351435695,524.3296824266642,2621.6484121333215
4.7616000000000005,20170721,calibration,50,,mlg910,,,227089.39087963448,302.7378074341642,1513.689037170821
4.096,20170721,calibration,50,,mlg910,,,340063.62081522925,453.3462111767817,2266.7310558839085
5.3504000000000005,20170721,calibration,50,,mlg910,,,249915.63831643196,333.16797448951786,1665.8398724475892
4.8896000000000015,20170721,calibration,50,,mlg910,,,216684.8870983462,288.8673370877216,1444.336685438608
5.6832,20170721,calibration,50,,mlg910,,,236547.34398957345,315.3464104879092,1576.7320524395461
5.7344,20170721,calibration,50,,mlg910,,,323665.98212205386,431.4861622954109,2157.4308114770547
4.9408,20170721,calibration,50,,mlg910,,,287654.44868672243,383.4784036223833,1917.3920181119165
6.5792,20170721,calibration,50,,mlg910,,,209574.48605343894,279.3883067641352,1396.941533820676
4.1216,20170721,calibration,50,,mlg910,,,166681.93239417966,222.2073103302727,1111.0365516513634
4.864,20170721,calibration,50,,mlg910,,,275773.6211456114,367.63981395349913,1838.1990697674955
6.3232,20170721,calibration,50,,mlg910,,,255853.04724703732,341.08326350645046,1705.4163175322524
5.5808,20170721,calibration,50,,mlg910,,,214632.9408771319,286.13184293902094,1430.6592146951048
6.0416,20170721,calibration,50,,mlg910,,,213833.02512714334,285.0654578501114,1425.327289250557
8.2688,20170721,calibration,50,,mlg910,,,165029.4755774777,220.0043841978355,1100.0219209891775
4.224,20170721,calibration,50,,mlg910,,,206422.32320281464,275.18608989096026,1375.9304494548014
4.9152000000000005,20170721,calibration,50,,mlg910,,,283171.1923641322,377.50167708307214,1887.5083854153606
11.136,20170721,calibration,50,,mlg910,,,343758.6770562494,458.2721710396328,2291.360855198164
5.2992,20170721,calibration,50,,mlg910,,,239473.75400455814,319.247671344518,1596.23835672259
4.5056,20170721,calibration,50,,mlg910,,,258561.972013632,344.69459004692135,1723.4729502346067
5.247999999999999,20170721,calibration,50,,mlg910,,,386458.1924801392,515.195824002273,2575.979120011365
5.2736,20170721,calibration,50,,mlg910,,,250914.90696640313,334.50012126642434,1672.5006063321216
4.1728000000000005,20170721,calibration,50,,mlg910,,,339013.2259416813,451.9459069189464,2259.729534594732
5.760000000000002,20170721,calibration,50,,mlg910,,,242098.6320569208,322.74695338176434,1613.7347669088217
3.3024,20170721,calibration,50,,mlg910,,,827533.3631639389,1103.202729869747,5516.013649348734
4.9408,20170721,calibration,50,,mlg910,,,260040.8897796025,346.6661674953925,1733.3308374769624
3.5839999999999996,20170721,calibration,50,,mlg910,,,242816.98228140743,323.70460169412513,1618.5230084706257
5.5552,20170721,calibration,50,,mlg910,,,165089.8718063388,220.08489972448288,1100.4244986224144
8.3968,20170721,calibration,50,,mlg910,,,316198.95835637243,421.53171046424035,2107.6585523212016
3.4560000000000004,20170721,calibration,50,,mlg910,,,259576.06645876853,346.04650141390596,1730.2325070695297
5.0944,20170721,calibration,50,,mlg910,,,351824.0696649897,469.02432139332296,2345.1216069666148
7.167999999999999,20170721,calibration,50,,mlg910,,,214778.95565802392,286.3264984200586,1431.6324921002931
6.4768,20170721,calibration,50,,mlg910,,,229050.7399775233,305.35252458677024,1526.7626229338512
6.0672000000000015,20170721,calibration,50,,mlg910,,,188996.51375141495,251.95536420338968,1259.7768210169484
7.0144,20170721,calibration,50,,mlg910,,,321056.52548828954,428.00743888679926,2140.0371944339963
11.776,20170721,calibration,50,,mlg910,,,159836.94119941,213.0821036520396,1065.410518260198
5.4016,20170721,calibration,50,,mlg910,,,274876.89203425666,366.44436486632526,1832.2218243316263
5.8368,20170721,calibration,50,,mlg910,,,401566.723621535,535.3373355611344,2676.686677805672
5.6320000000000014,20170721,calibration,50,,mlg910,,,261576.31256888396,348.71307301973684,1743.5653650986842
6.2208000000000006,20170721,calibration,50,,mlg910,,,307838.1262012593,410.38570322383345,2051.9285161191674
4.6336,20170721,calibration,50,,mlg910,,,268565.82373717905,358.0309424187868,1790.154712093934
6.6048,20170721,calibration,50,,mlg910,,,221104.22997091353,294.7588592163355,1473.7942960816777
5.2992,20170721,calibration,50,,mlg910,,,194949.9538349506,259.89202469906013,1299.4601234953006
2.8160000000000003,20170721,calibration,50,,mlg910,,,126005.68207552572,167.98091609664905,839.9045804832452
14.3872,20170721,calibration,50,,mlg910,,,244110.15554707314,325.42855910826796,1627.1427955413399
5.5552,20170721,calibration,50,,mlg910,,,314816.5183596787,419.68874962891806,2098.4437481445902
5.2992,20170721,calibration,50,,mlg910,,,268966.2003806301,358.5646932325819,1792.8234661629094
4.4544000000000015,20170721,calibration,50,,mlg910,,,230959.92547485113,307.89770130862104,1539.4885065431051
3.3280000000000003,20170721,calibration,50,,mlg910,,,216444.44254279646,288.5467952197169,1442.7339760985844
4.5056,20170721,calibration,50,,mlg910,,,189165.0372602753,252.18002655937153,1260.9001327968576
13.6448,20170721,calibration,50,,mlg910,,,301377.5906618533,401.77302274380634,2008.8651137190318
4.0192000000000005,20170721,calibration,50,,mlg910,,,206955.96803401058,275.89750342515947,1379.4875171257972
6.9888,20170721,calibration,50,,mlg910,,,247015.18133924864,329.3013121922245,1646.5065609611224
4.2496,20170721,calibration,50,,mlg910,,,317898.6563550704,423.7976148441539,2118.9880742207692
4.6592,20170721,calibration,50,,mlg910,,,209569.28127223704,279.38136815708214,1396.9068407854106
4.5312,20170721,calibration,50,,mlg910,,,148437.06924215573,197.88468633544372,989.4234316772186
5.9904,20170721,calibration,50,,mlg910,,,123317.37548309492,164.39707609271562,821.9853804635782
7.936,20170721,calibration,50,,mlg910,,,195269.25265493416,260.3176889024987,1301.5884445124934
4.4032,20170721,calibration,50,,mlg910,,,221028.8482884357,294.65836625545506,1473.2918312772754
3.6096,20170721,calibration,50,,mlg910,,,338007.3732585814,450.60498282423674,2253.024914121184
4.1728000000000005,20170721,calibration,50,,mlg910,,,275730.2773687632,367.5820314216155,1837.9101571080776
3.5839999999999996,20170721,calibration,50,,mlg910,,,266711.0645067578,355.55832253742204,1777.7916126871103
5.4016,20170721,calibration,50,,mlg910,,,268401.33107454446,357.81165367160185,1789.0582683580092
4.6848,20170721,calibration,50,,mlg910,,,187189.91506647217,249.54694819296094,1247.7347409648046
11.008,20170721,calibration,50,,mlg910,,,309321.8743017345,412.3637200963193,2061.8186004815966
6.8352,20170721,calibration,50,,mlg910,,,262053.1174843867,349.3487120257424,1746.7435601287118
5.888,20170721,calibration,50,,mlg910,,,206959.7722231554,275.9025748724706,1379.5128743623532
4.0192000000000005,20170721,calibration,50,,mlg910,,,285083.9090227308,380.05156127283533,1900.2578063641768
6.1184,20170721,calibration,50,,mlg910,,,298454.58659789595,397.8763024346104,1989.381512173052
6.016,20170721,calibration,50,,mlg910,,,176699.26062508437,235.56162852728545,1177.8081426364272
3.3280000000000003,20170721,calibration,50,,mlg910,,,255029.95454006057,339.9859807119528,1699.929903559764
6.912000000000001,20170721,calibration,50,,mlg910,,,157168.83589970684,209.52519443093146,1047.6259721546573
11.5968,20170721,calibration,50,,mlg910,,,417667.32740681374,556.8014007446332,2784.007003723166
3.968,20170721,calibration,50,,mlg910,,,231623.08769357114,308.7817772898495,1543.9088864492476
3.9168,20170721,calibration,50,,mlg910,,,312959.89872740547,417.21364960537034,2086.0682480268515
10.2912,20170721,calibration,50,,mlg910,,,355489.9559873133,473.91139420295224,2369.556971014761
5.7856000000000005,20170721,calibration,50,,mlg910,,,216306.45737710837,288.3628441933962,1441.8142209669809
7.961600000000002,20170721,calibration,50,,mlg910,,,232116.36109938074,309.43937079856397,1547.1968539928198
5.5296,20170721,calibration,50,,mlg910,,,105783.63199346079,141.02246119061135,705.1123059530568
4.2496,20170721,calibration,50,,mlg910,,,195120.93869509533,260.1199683359871,1300.5998416799355
4.5824,20170721,calibration,50,,mlg910,,,237495.64312765087,316.6106086996409,1583.0530434982047
3.5584,20170721,calibration,50,,mlg910,,,264932.3060089176,353.18702088609814,1765.9351044304908
7.7568,20170721,calibration,50,,mlg910,,,213662.1226090912,284.83762398521935,1424.1881199260968
5.8368,20170721,calibration,50,,mlg910,,,230647.07695146554,307.48063613590693,1537.4031806795347
6.8352,20170721,calibration,50,,mlg910,,,202666.61168321795,270.1792691566505,1350.8963457832524
5.3248000000000015,20170721,calibration,50,,mlg910,,,267113.15201418765,356.09435414120804,1780.4717707060402
5.9648,20170721,calibration,50,,mlg910,,,245446.94546420136,327.21066282937926,1636.0533141468964
7.1168000000000005,20170721,calibration,50,,mlg910,,,275614.09899616626,367.42715150558314,1837.1357575279158
7.0912000000000015,20170721,calibration,50,,mlg910,,,265673.71452689404,354.1754087111558,1770.877043555779
4.7104,20170721,calibration,50,,mlg910,,,256538.52162779096,341.99708431629904,1709.9854215814953
5.6832,20170721,calibration,50,,mlg910,,,188182.83661061848,250.87063350500762,1254.353167525038
4.9152000000000005,20170721,calibration,50,,mlg910,,,252672.49805027668,336.84320417768083,1684.2160208884043
7.7568,20170721,calibration,50,,mlg910,,,237948.34915762677,317.2141209570663,1586.0706047853316
3.1744000000000003,20170721,calibration,50,,mlg910,,,215911.2423917137,287.8359744982508,1439.179872491254
8.5248,20170721,calibration,50,,mlg910,,,203075.56469859876,270.72445331844864,1353.6222665922432
9.344,20170721,calibration,50,,mlg910,,,269892.0478536221,359.7989606411401,1798.9948032057007
8.5504,20170721,calibration,50,,mlg910,,,183123.49957232416,244.1259212306438,1220.629606153219
4.9152000000000005,20170721,calibration,50,,mlg910,,,287043.775833453,382.6643023561716,1913.3215117808581
7.8336000000000015,20170721,calibration,50,,mlg910,,,295456.53694625513,393.8795372198163,1969.3976860990815
6.8352,20170721,calibration,50,,mlg910,,,247174.26510528743,329.5133902216841,1647.5669511084207
5.9648,20170721,calibration,50,,mlg910,,,204976.69414093025,273.25889033812,1366.2944516906
5.1968000000000005,20170721,calibration,50,,mlg910,,,158095.1327468175,210.76006090990353,1053.8003045495177
5.8624,20170721,calibration,50,,mlg910,,,317259.82533933886,422.9459753189679,2114.7298765948394
5.1456,20170721,calibration,50,,mlg910,,,281299.6076870304,375.0066268326908,1875.0331341634542
7.936,20170721,calibration,50,,mlg910,,,255058.48744426866,340.02401854730135,1700.1200927365066
4.1728000000000005,20170721,calibration,50,,mlg910,,,179850.45224791137,239.76255063555428,1198.8127531777714
6.2208000000000006,20170721,calibration,50,,mlg910,,,265834.8374543229,354.39020519102763,1771.9510259551382
5.9392000000000005,20170721,calibration,50,,mlg910,,,311887.40727003687,415.78388791092055,2078.919439554603
6.0416,20170721,calibration,50,,mlg910,,,280270.68782571296,373.63495138086046,1868.1747569043023
4.6592,20170721,calibration,50,,mlg910,,,296225.5944468343,394.9047845051003,1974.5239225255013
5.5552,20170721,calibration,50,,mlg910,,,192989.4242497301,257.27840005662114,1286.3920002831057
5.7088,20170721,calibration,50,,mlg910,,,152947.90498552957,203.8981796006067,1019.4908980030335
3.5839999999999996,20170721,calibration,50,,mlg910,,,279346.74478181737,372.4032228081626,1862.016114040813
4.3776,20170721,calibration,50,,mlg910,,,203176.688013311,270.85926300928395,1354.2963150464197
4.6080000000000005,20170721,calibration,50,,mlg910,,,312652.5183800585,416.8038741770964,2084.019370885482
5.8368,20170721,calibration,50,,mlg910,,,319024.07301370054,425.29793227582184,2126.4896613791093
5.7856000000000005,20170721,calibration,50,,mlg910,,,267877.6955093707,357.1135837076938,1785.567918538469
4.6080000000000005,20170721,calibration,50,,mlg910,,,395042.2959584716,526.639479101052,2633.19739550526
8.8832,20170721,calibration,50,,mlg910,,,246538.89000095893,328.66635784717477,1643.3317892358739
9.9584,20170721,calibration,50,,mlg910,,,238586.9194808625,318.0654129474146,1590.327064737073
4.9664,20170721,calibration,50,,mlg910,,,180969.4799632543,241.2543508279311,1206.2717541396555
4.6336,20170721,calibration,50,,mlg910,,,199848.84645249057,266.4228450255611,1332.1142251278056
4.3264000000000005,20170721,calibration,50,,mlg910,,,229508.4934438625,305.9627656914213,1529.8138284571064
6.5792,20170721,calibration,50,,mlg910,,,230184.91462669443,306.8645174861632,1534.322587430816
4.4288,20170721,calibration,50,,mlg910,,,219348.46208096584,292.4182068445662,1462.091034222831
5.4784000000000015,20170721,calibration,50,,mlg910,,,225194.30250327595,300.21142389096804,1501.0571194548402
6.2208000000000006,20170721,calibration,50,,mlg910,,,228364.61098654816,304.43783110179396,1522.1891555089699
3.5328000000000004,20170721,calibration,50,,mlg910,,,20771.093817322864,27.69039705425348,138.4519852712674
7.0912000000000015,20170721,calibration,50,,mlg910,,,366131.4899136898,488.0978545925309,2440.4892729626545
13.8752,20170721,calibration,50,,mlg910,,,283744.70995933167,378.266245866418,1891.33122933209
5.5808,20170721,calibration,50,,mlg910,,,271684.2625624317,362.18820106005444,1810.941005300272
7.167999999999999,20170721,calibration,50,,mlg910,,,284452.7275519114,379.21011952239166,1896.0505976119584
4.7616000000000005,20170721,calibration,50,,mlg910,,,196590.35168153705,262.07887475608686,1310.3943737804343
7.654400000000001,20170721,calibration,50,,mlg910,,,249702.94753172138,332.8844317772171,1664.4221588860855
4.4032,20170721,calibration,50,,mlg910,,,293825.0819957495,391.7046091321124,1958.523045660562
4.096,20170721,calibration,50,,mlg910,,,204279.76542612707,272.3297995063548,1361.648997531774
3.6864,20170721,calibration,50,,mlg910,,,189225.77090336487,252.26099190026747,1261.3049595013374
5.3248000000000015,20170721,calibration,50,,mlg910,,,318759.27581421705,424.9449253683841,2124.7246268419203
8.576,20170721,calibration,50,,mlg910,,,296552.96465394576,395.3412088503165,1976.7060442515824
4.5568,20170721,calibration,50,,mlg910,,,209549.045484343,279.354391388,1396.77195694
4.9408,20170721,calibration,50,,mlg910,,,282593.6132741743,376.7316938327037,1883.6584691635185
7.3216,20170721,calibration,50,,mlg910,,,234947.44618550796,313.21355191866746,1566.0677595933373
6.2208000000000006,20170721,calibration,50,,mlg910,,,202125.87848164033,269.4584059616841,1347.2920298084205
6.3744000000000005,20170721,calibration,50,,mlg910,,,275860.9856261468,367.7562814431623,1838.7814072158117
4.48,20170721,calibration,50,,mlg910,,,316601.7301803153,422.06865434525747,2110.343271726287
4.1984,20170721,calibration,50,,mlg910,,,172856.12714090545,230.43826367007895,1152.1913183503948
5.7088,20170721,calibration,50,,mlg910,,,269507.5645121663,359.28639753400233,1796.4319876700117
4.1984,20170721,calibration,50,,mlg910,,,183922.0210304352,245.19044755871784,1225.9522377935891
3.4816000000000003,20170721,calibration,50,,mlg910,,,183245.25366731986,244.28823426350874,1221.4411713175436
4.8128,20170721,calibration,50,,mlg910,,,290739.93347301125,387.5917305173753,1937.9586525868765
7.4496,20170721,calibration,50,,mlg910,,,223229.01504165263,297.5914564199863,1487.9572820999315
4.1984,20170721,calibration,50,,mlg910,,,248098.400988884,330.7453758731827,1653.7268793659134
5.4784000000000015,20170721,calibration,50,,mlg910,,,381188.57795240043,508.1707862320302,2540.8539311601508
5.0432000000000015,20170721,calibration,50,,mlg910,,,256632.63140356008,342.12254410578595,1710.6127205289297
5.2736,20170721,calibration,50,,mlg910,,,279202.23071897053,372.21056796699986,1861.0528398349993
5.7344,20170721,calibration,50,,mlg910,,,381093.7234083209,508.0443335757059,2540.2216678785294
4.2752,20170721,calibration,50,,mlg910,,,338708.86857449496,451.54016149129114,2257.7008074564555
6.5792,20170721,calibration,50,,mlg910,,,260717.14544373687,347.5676986335577,1737.8384931677886
4.7104,20170721,calibration,50,,mlg910,,,259142.15760496387,345.46804808097716,1727.3402404048857
3.4048000000000003,20170721,calibration,50,,mlg910,,,143790.89086181216,191.69076485648407,958.4538242824203
6.9632000000000005,20170721,calibration,50,,mlg910,,,343423.19215335895,457.82492881693395,2289.12464408467
4.8128,20170721,calibration,50,,mlg910,,,256346.68768927647,341.7413463194143,1708.7067315970714
6.3744000000000005,20170721,calibration,50,,mlg910,,,189999.39319226553,253.29232460417225,1266.4616230208612
3.2256,20170721,calibration,50,,mlg910,,,254923.08165820234,339.84350614807016,1699.2175307403509
3.8144,20170721,calibration,50,,mlg910,,,307870.71819189837,410.4291523156107,2052.145761578053
8.652800000000001,20170721,calibration,50,,mlg910,,,294023.21590119705,391.96874575197484,1959.8437287598742
12.0064,20170721,calibration,50,,mlg910,,,302812.9947986439,403.68659122655527,2018.4329561327763
4.0192000000000005,20170721,calibration,50,,mlg910,,,248803.87091021112,331.6858531731836,1658.429265865918
6.5536,20170721,calibration,50,,mlg910,,,342797.17962601513,456.9903778974908,2284.951889487454
4.1472,20170721,calibration,50,,mlg910,,,249808.35788021964,333.02495660605933,1665.1247830302966
5.9648,20170721,calibration,50,,mlg910,,,290416.0244514565,387.1599203539247,1935.7996017696235
8.0896,20170721,calibration,50,,mlg910,,,298854.2196971433,398.4090620134513,1992.0453100672567
5.9136000000000015,20170721,calibration,50,,mlg910,,,315359.7615132072,420.41295889543557,2102.0647944771777
6.912000000000001,20170721,calibration,50,,mlg910,,,294574.57739701564,392.7037777572181,1963.5188887860907
4.5312,20170721,calibration,50,,mlg910,,,303947.09612083295,405.1984863721531,2025.9924318607657
4.7616000000000005,20170721,calibration,50,,mlg910,,,158932.2633657022,211.87605795016816,1059.3802897508408
3.7119999999999997,20170721,calibration,50,,mlg910,,,345112.98072230146,460.0776227204555,2300.3881136022774
7.654400000000001,20170721,calibration,50,,mlg910,,,275923.887693053,367.8401375570235,1839.2006877851177
6.0928,20170721,calibration,50,,mlg910,,,307956.18132818467,410.54308508189075,2052.715425409454
6.8864,20170721,calibration,50,,mlg910,,,242093.47167247394,322.7400739609913,1613.7003698049566
5.1456,20170721,calibration,50,,mlg910,,,192840.74229913868,257.08018891363145,1285.4009445681572
4.48,20170721,calibration,50,,mlg910,,,272191.7606449119,362.86475779470413,1814.3237889735205
5.1968000000000005,20170721,calibration,50,,mlg910,,,181553.67204209347,242.03314999764623,1210.1657499882313
6.8864,20170721,calibration,50,,mlg910,,,265679.3469571128,354.18291742641696,1770.9145871320848
5.6064,20170721,calibration,50,,mlg910,,,323180.33999043726,430.8387422043456,2154.1937110217277
5.6832,20170721,calibration,50,,mlg910,,,342874.0217329607,457.0928177820016,2285.464088910008
4.1216,20170721,calibration,50,,mlg910,,,239000.1028082084,318.61623663012625,1593.0811831506312
4.6080000000000005,20170721,calibration,50,,mlg910,,,237265.43783640538,316.3037170176409,1581.5185850882044
7.0912000000000015,20170721,calibration,50,,mlg910,,,247813.41187993772,330.3654506919542,1651.827253459771
4.1472,20170721,calibration,50,,mlg910,,,299001.51826536417,398.60542893930653,1993.0271446965326
7.6800000000000015,20170721,calibration,50,,mlg910,,,278140.8854265192,370.7956654674921,1853.9783273374605
4.352,20170721,calibration,50,,mlg910,,,183930.69830802066,245.20201542624585,1226.0100771312293
4.7616000000000005,20170721,calibration,50,,mlg910,,,257040.22548159072,342.66591663863824,1713.3295831931912
6.630400000000002,20170721,calibration,50,,mlg910,,,257140.1884132182,342.7991793975384,1713.995896987692
12.8768,20170721,calibration,50,,mlg910,,,190198.07253941876,253.5571883642389,1267.7859418211945
4.6848,20170721,calibration,50,,mlg910,,,232923.3707644014,310.5152129399347,1552.5760646996737
9.984,20170721,calibration,50,,mlg910,,,128746.57909168897,171.63486553859332,858.1743276929666
4.1728000000000005,20170721,calibration,50,,mlg910,,,178072.52032523355,237.39235090956186,1186.9617545478093
6.9376000000000015,20170721,calibration,50,,mlg910,,,363994.3157482578,485.2487412172137,2426.2437060860684
4.9408,20170721,calibration,50,,mlg910,,,221780.4963460469,295.6604046335666,1478.3020231678329
5.0432000000000015,20170721,calibration,50,,mlg910,,,168870.71382161658,225.12522246931263,1125.626112346563
5.888,20170721,calibration,50,,mlg910,,,239308.8126802376,319.02778447667856,1595.1389223833928
4.352,20170721,calibration,50,,mlg910,,,240026.58879303862,319.98466742826116,1599.9233371413059
4.4544000000000015,20170721,calibration,50,,mlg910,,,198528.895794374,264.6631900869854,1323.3159504349271
3.6608,20170721,calibration,50,,mlg910,,,250487.0097520987,333.92968218089976,1669.6484109044989
3.4816000000000003,20170721,calibration,50,,mlg910,,,383153.43459472316,510.7901793684297,2553.9508968421483
3.3280000000000003,20170721,calibration,50,,mlg910,,,237437.22482893793,316.532729994705,1582.663649973525
4.7872,20170721,calibration,50,,mlg910,,,279671.8481055936,372.83662512188727,1864.1831256094363
5.2992,20170721,calibration,50,,mlg910,,,188307.97961228996,251.03746436308958,1255.1873218154478
5.2992,20170721,calibration,50,,mlg910,,,237478.59738387304,316.58788464777126,1582.9394232388563
4.7616000000000005,20170721,calibration,50,,mlg910,,,187735.70513666296,250.27455280949047,1251.3727640474524
27.392000000000003,20170714,shock,100,0.018000000000000002,sd4,slow,False,62227.17786980313,82.95640460414566,414.7820230207283
6.0672000000000015,20170714,shock,100,0.018000000000000002,sd4,slow,False,48951.56466440644,65.25839582188573,326.29197910942867
3.4816000000000003,20170714,shock,100,0.018000000000000002,sd4,slow,False,38244.189909905865,50.98416159193197,254.92080795965987
3.9168,20170714,shock,100,0.018000000000000002,sd4,slow,False,35496.182529092184,47.32073316818238,236.6036658409119
6.8608,20170714,shock,100,0.018000000000000002,sd4,slow,False,30502.881351381802,40.66405473620885,203.32027368104423
6.8608,20170714,shock,100,0.018000000000000002,sd4,slow,False,30502.881351381802,40.66405473620885,203.32027368104423
6.5792,20170714,shock,100,0.018000000000000002,sd4,slow,False,38761.41316648899,51.67368316775463,258.36841583877316
30.7712,20170714,shock,100,0.018000000000000002,sd4,slow,False,50822.72836725769,67.75288486233514,338.76442431167567
30.7712,20170714,shock,100,0.018000000000000002,sd4,slow,False,50822.72836725769,67.75288486233514,338.76442431167567
8.3968,20170714,shock,100,0.018000000000000002,sd4,slow,False,42558.94074041737,56.736249793824875,283.6812489691244
8.3968,20170714,shock,100,0.018000000000000002,sd4,slow,False,42558.94074041737,56.736249793824875,283.6812489691244
30.7712,20170714,shock,100,0.018000000000000002,sd4,slow,False,50822.72836725769,67.75288486233514,338.76442431167567
5.6832,20170714,shock,100,0.018000000000000002,sd4,slow,False,49342.835014507,65.78000683790287,328.9000341895144
6.5280000000000005,20170714,shock,100,0.018000000000000002,sd4,slow,False,55805.25480779726,74.39519925777603,371.97599628888014
4.7616000000000005,20170714,shock,100,0.018000000000000002,sd4,slow,False,7403.517267038667,9.869789936211701,49.34894968105851
6.6048,20170714,shock,100,0.018000000000000002,sd4,slow,False,52507.469545009895,69.99884997885215,349.99424989426075
5.1968000000000005,20170714,shock,100,0.018000000000000002,sd4,slow,False,47450.89710002224,63.25782324397062,316.2891162198531
5.1968000000000005,20170714,shock,100,0.018000000000000002,sd4,slow,False,47450.89710002224,63.25782324397062,316.2891162198531
22.144,20170714,shock,100,0.018000000000000002,sd4,slow,False,42044.12105601595,56.04993247236867,280.2496623618433
4.2496,20170714,shock,100,0.018000000000000002,sd4,slow,False,41017.82990895075,54.68176141669706,273.40880708348527
11.52,20170714,shock,100,0.018000000000000002,sd4,slow,False,42313.95010883984,56.409647452965174,282.04823726482584
14.0032,20170714,shock,100,0.018000000000000002,sd4,slow,False,49726.85836989965,66.29195672761261,331.4597836380631
14.0032,20170714,shock,100,0.018000000000000002,sd4,slow,False,49726.85836989965,66.29195672761261,331.4597836380631
14.0032,20170714,shock,100,0.018000000000000002,sd4,slow,False,49726.85836989965,66.29195672761261,331.4597836380631
14.0032,20170714,shock,100,0.018000000000000002,sd4,slow,False,49726.85836989965,66.29195672761261,331.4597836380631
4.4032,20170714,shock,100,0.018000000000000002,sd4,slow,False,46424.75324966927,61.889848552750614,309.4492427637531
4.4032,20170714,shock,100,0.018000000000000002,sd4,slow,False,46424.75324966927,61.889848552750614,309.4492427637531
10.4192,20170714,shock,100,0.018000000000000002,sd4,slow,False,55837.844976814406,74.43864592110954,372.1932296055477
10.4192,20170714,shock,100,0.018000000000000002,sd4,slow,False,55837.844976814406,74.43864592110954,372.1932296055477
10.752,20170714,shock,100,0.018000000000000002,sd4,slow,False,29577.859821707563,39.43088841065643,197.15444205328214
10.6496,20170714,shock,100,0.018000000000000002,sd4,slow,False,53430.9267338053,71.2299308475459,356.1496542377295
9.2672,20170714,shock,100,0.018000000000000002,sd4,slow,False,39081.82601934351,52.100832512649916,260.50416256324957
15.8976,20170714,shock,100,0.018000000000000002,sd4,slow,False,2684.479465170589,3.57873797732162,17.8936898866081
5.4528,20170519,shock,50,0.5,12sd2,slow,True,184943.26142093935,246.55188534093597,1232.7594267046798
7.1936,20170519,shock,50,0.5,12sd2,slow,True,231959.90005842003,309.2307891809647,1546.1539459048233
7.1936,20170519,shock,50,0.5,12sd2,slow,True,231959.90005842003,309.2307891809647,1546.1539459048233
11.648,20170519,shock,50,0.5,12sd2,slow,True,262519.0251227516,349.9698236345193,1749.8491181725965
11.648,20170519,shock,50,0.5,12sd2,slow,True,262519.0251227516,349.9698236345193,1749.8491181725965
12.544,20170519,shock,50,0.5,12sd2,slow,False,367927.0677508904,490.4915784710701,2452.4578923553504
13.44,20170519,shock,50,0.5,12sd2,slow,True,122767.4907765328,163.66401282735848,818.3200641367923
6.9888,20170519,shock,50,0.5,12sd2,slow,True,138942.6501455065,185.22746968147794,926.1373484073897
6.9888,20170519,shock,50,0.5,12sd2,slow,True,138942.6501455065,185.22746968147794,926.1373484073897
10.2144,20170519,shock,50,0.5,12sd2,slow,False,170944.74886743247,227.890163710644,1139.45081855322
8.3968,20170519,shock,50,0.5,12sd2,slow,False,160257.28821949102,213.64247740938637,1068.2123870469318
25.0624,20170519,shock,50,0.5,12sd2,slow,True,211817.21267511125,282.37813441521723,1411.890672076086
25.0624,20170519,shock,50,0.5,12sd2,slow,True,211817.21267511125,282.37813441521723,1411.890672076086
25.0624,20170519,shock,50,0.5,12sd2,slow,True,211817.21267511125,282.37813441521723,1411.890672076086
6.2976,20170519,shock,50,0.5,12sd2,slow,True,121589.09298490826,162.09306509466248,810.4653254733124
12.672,20170519,shock,50,0.5,12sd2,slow,True,159422.3456477431,212.52939730236196,1062.6469865118097
12.672,20170519,shock,50,0.5,12sd2,slow,True,159422.3456477431,212.52939730236196,1062.6469865118097
10.1888,20170519,shock,50,0.5,12sd2,slow,True,217953.05217402882,290.55795553973127,1452.7897776986563
26.0608,20170519,shock,50,0.5,12sd2,slow,True,180710.6318066421,240.90927471896975,1204.5463735948488
11.6992,20170519,shock,50,0.5,12sd2,slow,True,220063.7411213331,293.37176089456216,1466.8588044728108
9.5232,20170421,shock,25,0.71,sd1,slow,False,303694.0848791449,404.8611915814624,2024.305957907312
3.4816000000000003,20170421,shock,25,0.71,sd1,slow,True,295231.6575350169,393.57974558432136,1967.8987279216067
2.56,20170421,shock,25,0.71,sd1,slow,False,368313.73931327125,491.007058743129,2455.035293715645
2.56,20170421,shock,25,0.71,sd1,slow,False,368313.73931327125,491.007058743129,2455.035293715645
2.56,20170421,shock,25,0.71,sd1,slow,True,368313.73931327125,491.007058743129,2455.035293715645
2.56,20170421,shock,25,0.71,sd1,slow,True,368313.73931327125,491.007058743129,2455.035293715645
2.2272000000000003,20170421,shock,25,0.71,sd1,slow,True,571905.1687732002,762.4192225978238,3812.0961129891193
12.5696,20170421,shock,25,0.71,sd1,slow,False,215856.96992479602,287.7636226918759,1438.8181134593797
3.1232,20170421,shock,25,0.71,sd1,slow,False,535446.5139176605,713.8153966321481,3569.0769831607404
3.1232,20170421,shock,25,0.71,sd1,slow,False,535446.5139176605,713.8153966321481,3569.0769831607404
3.5328000000000004,20170421,shock,25,0.71,sd1,slow,True,335177.51763247815,446.83244072403875,2234.162203620194
9.2928,20170421,shock,25,0.71,sd1,slow,True,310859.77851815266,414.4139336651644,2072.069668325822
2.8928000000000003,20170421,shock,25,0.71,sd1,slow,False,370955.00886455865,494.5281926441978,2472.640963220989
2.8928000000000003,20170421,shock,25,0.71,sd1,slow,True,370955.00886455865,494.5281926441978,2472.640963220989
3.1744000000000003,20170421,shock,25,0.71,sd1,slow,False,329203.70114328293,438.8686159986839,2194.3430799934195
2.048,20170421,shock,25,0.71,sd1,slow,False,172990.3156912945,230.6171533459471,1153.0857667297355
6.6048,20170421,shock,25,0.71,sd1,slow,True,567411.4557826491,756.4285560469635,3782.1427802348176
5.888,20170509,shock,50,2.2,sd2,fast,False,203809.374598714,271.70271126072356,1358.5135563036179
5.0176,20170509,shock,50,2.2,sd2,fast,True,121010.60928291263,161.3218758863063,806.6093794315315
8.7296,20170509,shock,50,2.2,sd2,fast,True,112063.32686303658,149.39405903940118,746.970295197006
5.504,20170509,shock,50,2.2,sd2,fast,False,126316.79902992936,168.39567287708218,841.9783643854109
5.6064,20170509,shock,50,2.2,sd2,fast,True,286697.60800533695,382.2028184934417,1911.0140924672087
4.2752,20170509,shock,50,2.2,sd2,fast,True,116211.51206316461,154.9240949757045,774.6204748785225
9.5488,20170509,shock,50,2.2,sd2,fast,False,163914.24841429965,218.51765060423273,1092.5882530211636
5.888,20170509,shock,50,2.2,sd2,fast,False,149993.92541685503,199.96016517218345,999.8008258609173
11.3408,20170509,shock,50,2.2,sd2,fast,False,243271.09387915264,324.30998774452274,1621.5499387226137
8.8832,20170509,shock,50,2.2,sd2,fast,False,78013.20887236422,104.00110596730244,520.0055298365122
7.0912000000000015,20170509,shock,50,2.2,sd2,fast,True,189341.8816930011,252.41578171998458,1262.078908599923
7.0912000000000015,20170509,shock,50,2.2,sd2,fast,True,189341.8816930011,252.41578171998458,1262.078908599923
6.2208000000000006,20170509,shock,50,2.2,sd2,fast,True,236595.4226472643,315.4105051924541,1577.0525259622705
11.3408,20170509,shock,50,2.2,sd2,fast,True,243271.09387915264,324.30998774452274,1621.5499387226137
5.6576,20170509,shock,50,2.2,sd2,fast,True,136674.10662646752,182.20322496285584,911.0161248142792
9.0624,20170509,shock,50,2.2,sd2,fast,True,164065.58855412915,218.71940543712606,1093.5970271856304
6.6816,20170509,shock,50,2.2,sd2,fast,False,176229.0817680924,234.93482286403415,1174.6741143201707
25.523200000000006,20170509,shock,50,2.2,sd2,fast,False,255821.2781230008,341.04091139604293,1705.2045569802146
13.4656,20170509,shock,50,2.2,sd2,fast,False,183625.40049103415,244.79501626450198,1223.9750813225098
13.4656,20170509,shock,50,2.2,sd2,fast,False,183625.40049103415,244.79501626450198,1223.9750813225098
10.9312,20170509,shock,50,2.2,sd2,fast,False,257986.5789059244,343.92752097704806,1719.6376048852403
25.523200000000006,20170509,shock,50,2.2,sd2,fast,True,255821.2781230008,341.04091139604293,1705.2045569802146
13.4656,20170509,shock,50,2.2,sd2,fast,True,183625.40049103415,244.79501626450198,1223.9750813225098
6.6816,20170509,shock,50,2.2,sd2,fast,True,176229.0817680924,234.93482286403415,1174.6741143201707
7.7312,20170509,shock,50,2.2,sd2,fast,True,188440.40470631648,251.21400313691584,1256.0700156845792
7.7312,20170509,shock,50,2.2,sd2,fast,True,188440.40470631648,251.21400313691584,1256.0700156845792
9.5744,20170509,shock,50,2.2,sd2,fast,True,227903.99487880053,303.823773747603,1519.118868738015
9.5744,20170509,shock,50,2.2,sd2,fast,True,227903.99487880053,303.823773747603,1519.118868738015
16.6144,20170509,shock,50,2.2,sd2,fast,False,210840.97540625287,281.07669127353233,1405.3834563676617
9.5232,20170509,shock,50,2.2,sd2,fast,True,136250.38144558974,181.6383477058572,908.191738529286
9.5232,20170509,shock,50,2.2,sd2,fast,True,136250.38144558974,181.6383477058572,908.191738529286
7.065600000000001,20170509,shock,50,2.2,sd2,fast,False,173203.8010205289,230.90175528283828,1154.5087764141913
33.8688,20170509,shock,50,2.2,sd2,fast,False,186211.4359161675,248.24251635034668,1241.2125817517333
6.7584,20170418,shock,50,0.04,sd1,slow,True,201237.6441142524,268.27428140250015,1341.3714070125006
6.7584,20170418,shock,50,0.04,sd1,slow,True,201237.6441142524,268.27428140250015,1341.3714070125006
6.7584,20170418,shock,50,0.04,sd1,slow,True,201237.6441142524,268.27428140250015,1341.3714070125006
6.7584,20170418,shock,50,0.04,sd1,slow,True,201237.6441142524,268.27428140250015,1341.3714070125006
11.008,20170418,shock,50,0.04,sd1,slow,True,317044.09334192064,422.6583782998434,2113.291891499217
11.008,20170418,shock,50,0.04,sd1,slow,True,317044.09334192064,422.6583782998434,2113.291891499217
11.008,20170418,shock,50,0.04,sd1,slow,True,317044.09334192064,422.6583782998434,2113.291891499217
11.008,20170418,shock,50,0.04,sd1,slow,True,317044.09334192064,422.6583782998434,2113.291891499217
11.136,20170418,shock,50,0.04,sd1,slow,True,308593.2319801079,411.3923511653511,2056.9617558267555
11.136,20170418,shock,50,0.04,sd1,slow,True,308593.2319801079,411.3923511653511,2056.9617558267555
11.136,20170418,shock,50,0.04,sd1,slow,True,308593.2319801079,411.3923511653511,2056.9617558267555
11.136,20170418,shock,50,0.04,sd1,slow,True,308593.2319801079,411.3923511653511,2056.9617558267555
11.136,20170418,shock,50,0.04,sd1,slow,True,308593.2319801079,411.3923511653511,2056.9617558267555
11.136,20170418,shock,50,0.04,sd1,slow,True,308593.2319801079,411.3923511653511,2056.9617558267555
6.630400000000002,20170418,shock,50,0.04,sd1,slow,True,144071.91399993788,192.06540291572983,960.3270145786491
6.630400000000002,20170418,shock,50,0.04,sd1,slow,True,144071.91399993788,192.06540291572983,960.3270145786491
5.12,20170418,shock,50,0.04,sd1,slow,True,277361.3634025025,369.75646769835214,1848.7823384917606
5.9648,20170418,shock,50,0.04,sd1,slow,True,313157.97095060634,417.47770399528775,2087.3885199764386
9.7792,20170418,shock,50,0.04,sd1,slow,True,332173.4258055329,442.82762055389554,2214.138102769478
12.6976,20170418,shock,50,0.04,sd1,slow,True,302987.50641458126,403.9192364583559,2019.5961822917795
9.7792,20170418,shock,50,0.04,sd1,slow,True,332173.4258055329,442.82762055389554,2214.138102769478
12.6976,20170418,shock,50,0.04,sd1,slow,True,302987.50641458126,403.9192364583559,2019.5961822917795
9.3184,20170418,shock,50,0.04,sd1,slow,True,274642.9498201756,366.13249141119445,1830.6624570559723
9.0624,20170518,shock,50,2.0,12sd2,fast,False,176455.79028755485,235.23705292349595,1176.1852646174798
4.7104,20170518,shock,50,2.0,12sd2,fast,False,198989.62307845266,265.277395652762,1326.3869782638099
8.3712,20170518,shock,50,2.0,12sd2,fast,False,145629.788795518,194.14223969812645,970.7111984906322
7.4752,20170518,shock,50,2.0,12sd2,fast,False,232021.64784998994,309.31310650526314,1546.5655325263156
17.561600000000002,20170518,shock,50,2.0,12sd2,fast,False,229970.5921732895,306.5787995608282,1532.893997804141
5.0944,20170518,shock,50,2.0,12sd2,fast,False,241645.79097293364,322.1432610808984,1610.716305404492
8.064,20170518,shock,50,2.0,12sd2,fast,False,133352.45666830603,177.77506113933939,888.875305696697
5.8368,20170518,shock,50,2.0,12sd2,fast,False,244649.2262431729,326.1472059810131,1630.7360299050654
20.1472,20170518,shock,50,2.0,12sd2,fast,False,251932.750907916,335.8570311686006,1679.285155843003
5.8368,20170518,shock,50,2.0,12sd2,fast,False,244649.2262431729,326.1472059810131,1630.7360299050654
8.448,20170518,shock,50,2.0,12sd2,fast,False,257776.5354492619,343.64750747536226,1718.2375373768114
8.448,20170518,shock,50,2.0,12sd2,fast,False,257776.5354492619,343.64750747536226,1718.2375373768114
5.504,20170518,shock,50,2.0,12sd2,fast,False,154346.71719334694,205.7629665867642,1028.814832933821
13.056,20170518,shock,50,2.0,12sd2,fast,False,185291.057643436,247.01554005164118,1235.0777002582058
13.056,20170518,shock,50,2.0,12sd2,fast,False,185291.057643436,247.01554005164118,1235.0777002582058
13.056,20170518,shock,50,2.0,12sd2,fast,False,185291.057643436,247.01554005164118,1235.0777002582058
5.7856000000000005,20170518,shock,50,2.0,12sd2,fast,False,152266.34535796836,202.98957763340653,1014.9478881670326
4.9152000000000005,20170518,shock,50,2.0,12sd2,fast,False,130755.55630073557,174.31307676235912,871.5653838117955
5.8368,20170518,shock,50,2.0,12sd2,fast,False,209174.70448953635,278.8553492638325,1394.2767463191626
13.056,20170518,shock,50,2.0,12sd2,fast,True,185291.057643436,247.01554005164118,1235.0777002582058
20.1472,20170518,shock,50,2.0,12sd2,fast,True,251932.750907916,335.8570311686006,1679.285155843003
5.2992,20170518,shock,50,2.0,12sd2,fast,False,180311.5414429846,240.37723867275122,1201.886193363756
15.104,20170518,shock,50,2.0,12sd2,fast,True,190415.01460080117,253.84639854595963,1269.231992729798
5.2992,20170518,shock,50,2.0,12sd2,fast,True,180311.5414429846,240.37723867275122,1201.886193363756
8.4992,20170518,shock,50,2.0,12sd2,fast,False,134715.85738152196,179.59264029164746,897.9632014582373
10.7776,20170518,shock,50,2.0,12sd2,fast,False,208476.88313415484,277.9250684334924,1389.6253421674621
13.4144,20170518,shock,50,2.0,12sd2,fast,False,179619.8563462369,239.45513822229344,1197.2756911114673
13.4144,20170518,shock,50,2.0,12sd2,fast,False,179619.8563462369,239.45513822229344,1197.2756911114673
16.8704,20170518,shock,50,2.0,12sd2,fast,False,193896.3549080015,258.4874490479297,1292.4372452396485
16.8704,20170518,shock,50,2.0,12sd2,fast,False,193896.3549080015,258.4874490479297,1292.4372452396485
22.3744,20170518,shock,50,2.0,12sd2,fast,False,166624.9954244293,222.13140641720392,1110.6570320860196
13.7984,20170518,shock,50,2.0,12sd2,fast,False,181555.16750614042,242.03514363330186,1210.1757181665093
13.7984,20170518,shock,50,2.0,12sd2,fast,False,181555.16750614042,242.03514363330186,1210.1757181665093
6.4256,20170518,shock,50,2.0,12sd2,fast,False,268914.24389494886,358.4954289111788,1792.477144555894
8.7552,20170518,shock,50,2.0,12sd2,fast,False,236359.2079096015,315.09560218669645,1575.4780109334822
8.7552,20170518,shock,50,2.0,12sd2,fast,False,236359.2079096015,315.09560218669645,1575.4780109334822
13.4144,20170518,shock,50,2.0,12sd2,fast,True,179619.8563462369,239.45513822229344,1197.2756911114673
13.4144,20170518,shock,50,2.0,12sd2,fast,True,179619.8563462369,239.45513822229344,1197.2756911114673
16.8704,20170518,shock,50,2.0,12sd2,fast,True,193896.3549080015,258.4874490479297,1292.4372452396485
22.3744,20170518,shock,50,2.0,12sd2,fast,True,166624.9954244293,222.13140641720392,1110.6570320860196
5.8624,20170517,shock,50,2.17,sd2,fast,False,194488.14504802471,259.2763773583092,1296.381886791546
5.8624,20170517,shock,50,2.17,sd2,fast,False,194488.14504802471,259.2763773583092,1296.381886791546
26.112,20170517,shock,50,2.17,sd2,fast,False,162372.36606594175,216.46213370115237,1082.310668505762
26.112,20170517,shock,50,2.17,sd2,fast,False,162372.36606594175,216.46213370115237,1082.310668505762
5.247999999999999,20170517,shock,50,2.17,sd2,fast,True,178843.0723407684,238.41959056524726,1192.0979528262362
26.112,20170517,shock,50,2.17,sd2,fast,True,162372.36606594175,216.46213370115237,1082.310668505762
4.8896000000000015,20170517,shock,50,2.17,sd2,fast,False,162279.41000574967,216.33821195500096,1081.6910597750048
4.8896000000000015,20170517,shock,50,2.17,sd2,fast,False,162279.41000574967,216.33821195500096,1081.6910597750048
4.0192000000000005,20170517,shock,50,2.17,sd2,fast,True,109488.58557081502,145.9616154078512,729.8080770392561
6.9632000000000005,20170517,shock,50,2.17,sd2,fast,False,93786.76091724948,125.0291713604951,625.1458568024755
5.4272,20170517,shock,50,2.17,sd2,fast,False,192103.58429340844,256.09746753892136,1280.4873376946068
5.3504000000000005,20170517,shock,50,2.17,sd2,fast,True,176702.21213393833,235.56556324795034,1177.8278162397517
6.3744000000000005,20170517,shock,50,2.17,sd2,fast,False,194010.89758640947,258.6401483844533,1293.2007419222666
6.3744000000000005,20170517,shock,50,2.17,sd2,fast,True,194010.89758640947,258.6401483844533,1293.2007419222666
6.3744000000000005,20170517,shock,50,2.17,sd2,fast,True,194010.89758640947,258.6401483844533,1293.2007419222666
6.3744000000000005,20170517,shock,50,2.17,sd2,fast,True,194010.89758640947,258.6401483844533,1293.2007419222666
13.7728,20170517,shock,50,2.17,sd2,fast,True,259966.25368048926,346.56666848791593,1732.8333424395796
6.6048,20170517,shock,50,2.17,sd2,fast,False,210433.1243261646,280.53297612564586,1402.6648806282292
16.819200000000002,20170517,shock,50,2.17,sd2,fast,True,199428.23146556597,265.86211403578545,1329.3105701789273
7.8848,20170517,shock,50,2.17,sd2,fast,True,172890.11972922902,230.48357992910027,1152.4178996455014
7.6288,20170517,shock,50,2.17,sd2,fast,False,161420.63378548622,215.1933586926266,1075.966793463133
11.4944,20170517,shock,50,2.17,sd2,fast,False,139932.80588107917,186.54746783394344,932.7373391697172
8.32,20170517,shock,50,2.17,sd2,fast,True,220180.79161346646,293.52780345212193,1467.6390172606098
6.8096000000000005,20170517,shock,50,2.17,sd2,fast,False,130655.84029796161,174.18014318968557,870.9007159484279
7.9872,20170517,shock,50,2.17,sd2,fast,False,172130.59519888985,229.47104125383814,1147.3552062691906
14.5152,20170517,shock,50,2.17,sd2,fast,False,250493.34810907138,333.9381319824745,1669.6906599123724
4.5056,20170517,shock,50,2.17,sd2,fast,False,168806.4734362223,225.0395822139592,1125.197911069796
17.1776,20170517,shock,50,2.17,sd2,fast,False,159799.00721584074,213.03153303326908,1065.1576651663454
17.1776,20170517,shock,50,2.17,sd2,fast,False,159799.00721584074,213.03153303326908,1065.1576651663454
6.8864,20170517,shock,50,2.17,sd2,fast,False,128578.00148289895,171.4101310608183,857.0506553040914
17.1776,20170517,shock,50,2.17,sd2,fast,False,159799.00721584074,213.03153303326908,1065.1576651663454
5.3248000000000015,20170517,shock,50,2.17,sd2,fast,False,333616.1982976168,444.7510119513885,2223.7550597569425
5.3248000000000015,20170517,shock,50,2.17,sd2,fast,False,333616.1982976168,444.7510119513885,2223.7550597569425
6.5536,20170517,shock,50,2.17,sd2,fast,False,215990.8479123948,287.94209834973185,1439.7104917486593
3.9168,20170517,shock,50,2.17,sd2,fast,False,233767.70933492144,311.6408190573373,1558.2040952866864
7.9872,20170517,shock,50,2.17,sd2,fast,True,172130.59519888985,229.47104125383814,1147.3552062691906
8.345600000000001,20170517,shock,50,2.17,sd2,fast,True,163731.85352887097,218.27449601436837,1091.372480071842
8.345600000000001,20170517,shock,50,2.17,sd2,fast,True,163731.85352887097,218.27449601436837,1091.372480071842
14.5152,20170517,shock,50,2.17,sd2,fast,True,250493.34810907138,333.9381319824745,1669.6906599123724
14.5152,20170517,shock,50,2.17,sd2,fast,True,250493.34810907138,333.9381319824745,1669.6906599123724
6.5536,20170517,shock,50,2.17,sd2,fast,True,215990.8479123948,287.94209834973185,1439.7104917486593
10.0864,20170517,shock,50,2.17,sd2,fast,True,208915.75555490667,278.5101388055036,1392.550694027518
10.0864,20170517,shock,50,2.17,sd2,fast,True,208915.75555490667,278.5101388055036,1392.550694027518
11.0336,20170517,shock,50,2.17,sd2,fast,True,161143.64788827673,214.82410276707859,1074.120513835393
11.0336,20170517,shock,50,2.17,sd2,fast,True,161143.64788827673,214.82410276707859,1074.120513835393
32.512,20170517,shock,50,2.17,sd2,fast,False,196539.2134175878,262.01070122387557,1310.0535061193777
13.0048,20170517,shock,50,2.17,sd2,fast,False,158493.88850102248,211.29165088098134,1056.4582544049067
21.8624,20170517,shock,50,2.17,sd2,fast,False,111627.3632137042,148.8128664138512,744.064332069256
6.4256,20170517,shock,50,2.17,sd2,fast,True,101259.27131499106,134.9909375402297,674.9546877011485
6.1696,20170517,shock,50,2.17,sd2,fast,True,202198.2715169869,269.5549146920542,1347.7745734602709
6.1696,20170517,shock,50,2.17,sd2,fast,True,202198.2715169869,269.5549146920542,1347.7745734602709
7.6288,20170517,shock,50,2.17,sd2,fast,False,164117.35028106032,218.78841012140234,1093.9420506070117
7.6288,20170517,shock,50,2.17,sd2,fast,False,164117.35028106032,218.78841012140234,1093.9420506070117
7.6288,20170517,shock,50,2.17,sd2,fast,False,164117.35028106032,218.78841012140234,1093.9420506070117
14.8224,20170517,shock,50,2.17,sd2,fast,False,157334.66243053973,209.7462613868306,1048.731306934153
5.9904,20170517,shock,50,2.17,sd2,fast,False,155620.99760222633,207.46173752250084,1037.3086876125042
7.6288,20170517,shock,50,2.17,sd2,fast,True,164117.35028106032,218.78841012140234,1093.9420506070117
5.9904,20170517,shock,50,2.17,sd2,fast,True,155620.99760222633,207.46173752250084,1037.3086876125042
4.7872,20170517,shock,50,2.17,sd2,fast,False,315461.1791021923,420.5481608897061,2102.7408044485305
4.7872,20170517,shock,50,2.17,sd2,fast,False,315461.1791021923,420.5481608897061,2102.7408044485305
5.0432000000000015,20170517,shock,50,2.17,sd2,fast,False,190657.40235699818,254.1695309370226,1270.847654685113
13.568,20170517,shock,50,2.17,sd2,fast,False,168843.57913794753,225.0890486321837,1125.4452431609186
13.568,20170517,shock,50,2.17,sd2,fast,False,168843.57913794753,225.0890486321837,1125.4452431609186
16.8448,20170517,shock,50,2.17,sd2,fast,True,198795.96162529802,265.0192213563519,1325.0961067817595
8.9856,20170517,shock,50,2.17,sd2,fast,False,187864.83826999774,250.44670299890024,1252.233514994501
4.5568,20170517,shock,50,2.17,sd2,fast,False,67505.22543489537,89.99268463994963,449.96342319974815
12.8256,20170517,shock,50,2.17,sd2,fast,False,165827.23503853707,221.0678946910623,1105.3394734553115
5.8624,20170517,shock,50,2.17,sd2,fast,True,227141.99059147795,302.80792925435793,1514.0396462717897
7.7056,20170517,shock,50,2.17,sd2,fast,True,236404.96861473063,315.156606778253,1575.783033891265
7.7056,20170517,shock,50,2.17,sd2,fast,True,236404.96861473063,315.156606778253,1575.783033891265
8.4992,20170517,shock,50,2.17,sd2,fast,True,141570.25705885736,188.73038962267557,943.6519481133779
8.4992,20170517,shock,50,2.17,sd2,fast,True,141570.25705885736,188.73038962267557,943.6519481133779
12.8256,20170517,shock,50,2.17,sd2,fast,True,165827.23503853707,221.0678946910623,1105.3394734553115
12.8256,20170517,shock,50,2.17,sd2,fast,True,165827.23503853707,221.0678946910623,1105.3394734553115
6.1184,20170517,shock,50,2.17,sd2,fast,True,181875.5121790507,242.46220208603017,1212.3110104301509
7.8848,20170517,shock,50,2.17,sd2,fast,False,135129.82643575198,180.14451144396216,900.7225572198108
4.2496,20170517,shock,50,2.17,sd2,fast,False,87556.07183126605,116.72290418795954,583.6145209397977
6.2464,20170517,shock,50,2.17,sd2,fast,False,170968.77505591535,227.92219354521325,1139.6109677260663
6.3232,20170517,shock,50,2.17,sd2,fast,False,122670.30924780713,163.53445801717757,817.6722900858879
6.3232,20170517,shock,50,2.17,sd2,fast,False,122670.30924780713,163.53445801717757,817.6722900858879
8.7296,20170517,shock,50,2.17,sd2,fast,False,65261.67323873367,87.00175639755496,435.0087819877748
8.7296,20170517,shock,50,2.17,sd2,fast,True,65261.67323873367,87.00175639755496,435.0087819877748
7.6800000000000015,20170517,shock,50,2.17,sd2,fast,False,193271.49085505155,257.6544291846867,1288.2721459234335
12.8256,20170424,shock,25,1.92,sd1,fast,False,283126.8028888391,377.4425005078418,1887.2125025392093
6.6048,20170424,shock,25,1.92,sd1,fast,True,283492.9675413727,377.93064257224444,1889.653212861222
6.6048,20170424,shock,25,1.92,sd1,fast,True,283492.9675413727,377.93064257224444,1889.653212861222
10.6752,20170424,shock,25,1.92,sd1,fast,True,368237.95409112266,490.9060278147342,2454.5301390736713
7.8592,20170424,shock,25,1.92,sd1,fast,False,408014.6314014358,543.9331817002414,2719.665908501207
9.1392,20170424,shock,25,1.92,sd1,fast,True,423619.38321181503,564.7362158284736,2823.681079142368
10.9312,20170424,shock,25,1.92,sd1,fast,True,453874.8915083939,605.0704921635901,3025.3524608179505
10.9312,20170424,shock,25,1.92,sd1,fast,True,453874.8915083939,605.0704921635901,3025.3524608179505
10.9312,20170424,shock,25,1.92,sd1,fast,True,453874.8915083939,605.0704921635901,3025.3524608179505
7.7056,20170424,shock,25,1.92,sd1,fast,True,284761.12971462955,379.62125715496717,1898.106285774836
9.8048,20170424,shock,25,1.92,sd1,fast,True,285759.5816844465,380.9523151977927,1904.7615759889636
6.5792,20170424,shock,25,1.92,sd1,fast,True,370731.1863112128,494.2298099289518,2471.149049644759
4.5568,20170424,shock,25,1.92,sd1,fast,True,272621.89715400623,363.43818213283015,1817.1909106641508
9.856,20170424,shock,25,1.92,sd1,fast,True,306322.0428020587,408.3645794611447,2041.8228973057235
6.5024000000000015,20170424,shock,25,1.92,sd1,fast,False,270382.5563429482,360.4528681795382,1802.264340897691
6.144,20170424,shock,25,1.92,sd1,fast,False,336357.0849203827,448.4049475376687,2242.0247376883435
4.0448,20170424,shock,25,1.92,sd1,fast,True,411122.46127483516,548.0762973169899,2740.3814865849495
6.5024000000000015,20170424,shock,25,1.92,sd1,fast,True,270382.5563429482,360.4528681795382,1802.264340897691
5.8624,20170424,shock,25,1.92,sd1,fast,True,281377.572204474,375.11056302705515,1875.5528151352758
5.760000000000002,20170424,shock,25,1.92,sd1,fast,False,341660.8128374254,455.4754626093477,2277.3773130467384
5.2224,20170424,shock,25,1.92,sd1,fast,False,425388.20792904054,567.0942745407455,2835.4713727037274
5.760000000000002,20170424,shock,25,1.92,sd1,fast,True,341660.8128374254,455.4754626093477,2277.3773130467384
10.0352,20170424,shock,25,1.92,sd1,fast,False,379269.96381758037,505.6130399884134,2528.065199942067
10.0352,20170424,shock,25,1.92,sd1,fast,False,379269.96381758037,505.6130399884134,2528.065199942067
8.7552,20170424,shock,25,1.92,sd1,fast,True,301482.09138913616,401.91233493681693,2009.5616746840847
6.3232,20170424,shock,25,1.92,sd1,fast,True,297982.4409600599,397.24687481302743,1986.2343740651372
6.3232,20170424,shock,25,1.92,sd1,fast,True,297982.4409600599,397.24687481302743,1986.2343740651372
6.3232,20170424,shock,25,1.92,sd1,fast,True,297982.4409600599,397.24687481302743,1986.2343740651372
8.6784,20170424,shock,25,1.92,sd1,fast,False,244852.45006281108,326.41812807621693,1632.0906403810845
5.0688,20170424,shock,25,1.92,sd1,fast,False,454324.7903965351,605.6702621591648,3028.3513107958242
8.6784,20170424,shock,25,1.92,sd1,fast,False,244852.45006281108,326.41812807621693,1632.0906403810845
22.6816,20170424,shock,25,1.92,sd1,fast,True,328640.1748074076,438.1173667805083,2190.5868339025415
6.0928,20170424,shock,25,1.92,sd1,fast,True,220377.78446655307,293.7904189102578,1468.952094551289
6.0928,20170424,shock,25,1.92,sd1,fast,True,220377.78446655307,293.7904189102578,1468.952094551289
6.5280000000000005,20170424,shock,25,1.92,sd1,fast,False,213635.06492757204,284.8015528013317,1424.0077640066584
8.601600000000001,20170424,shock,25,1.92,sd1,fast,False,380764.73413590074,507.60575081930295,2538.0287540965146
6.0928,20170424,shock,25,1.92,sd1,fast,True,289148.34746888047,385.46995258945424,1927.3497629472713
4.0448,20170424,shock,25,1.92,sd1,fast,True,244329.32162117364,325.72073416972785,1628.6036708486392
6.4768,20170424,shock,25,1.92,sd1,fast,True,325985.06955626176,434.57778820695495,2172.8889410347747
14.2336,20170424,shock,25,1.92,sd1,fast,False,406433.9660429331,541.8259623225916,2709.1298116129583
14.2336,20170424,shock,25,1.92,sd1,fast,False,406433.9660429331,541.8259623225916,2709.1298116129583
5.2992,20170424,shock,25,1.92,sd1,fast,True,326930.91530491033,435.8387157518642,2179.193578759321
5.2992,20170424,shock,25,1.92,sd1,fast,True,326930.91530491033,435.8387157518642,2179.193578759321
5.2992,20170424,shock,25,1.92,sd1,fast,True,326930.91530491033,435.8387157518642,2179.193578759321
14.847999999999999,20170424,shock,25,1.92,sd1,fast,True,371448.78049411945,495.1864503458342,2475.932251729171
6.2208000000000006,20170424,shock,25,1.92,sd1,fast,False,269370.77512059937,359.1040406201772,1795.5202031008862
6.2208000000000006,20170424,shock,25,1.92,sd1,fast,True,269370.77512059937,359.1040406201772,1795.5202031008862
34.7904,20170424,shock,25,1.92,sd1,fast,False,439676.3529089637,586.1421114598029,2930.7105572990145
34.7904,20170424,shock,25,1.92,sd1,fast,True,439676.3529089637,586.1421114598029,2930.7105572990145
6.1184,20170424,shock,25,1.92,sd1,fast,True,292553.53112277924,390.0094770000788,1950.047385000394
9.1136,20170424,shock,25,1.92,sd1,fast,True,298503.93719491677,397.9420927891478,1989.710463945739
3.84,20170424,shock,25,1.92,sd1,fast,True,296765.51213775144,395.6245605250633,1978.1228026253166
4.9408,20170424,shock,25,1.92,sd1,fast,True,351642.812691287,468.7826837783364,2343.913418891682
19.8656,20170424,shock,25,1.92,sd1,fast,False,267384.7333159386,356.4564050829703,1782.2820254148517
9.6768,20170424,shock,25,1.92,sd1,fast,True,307017.15882429306,409.2912537530104,2046.4562687650518
4.5824,20170424,shock,25,1.92,sd1,fast,True,312451.9937709008,416.53655045810694,2082.6827522905346
6.0672000000000015,20170424,shock,25,1.92,sd1,fast,False,330929.1968292963,441.1689118368002,2205.844559184001
7.936,20170424,shock,25,1.92,sd1,fast,True,294529.0121471706,392.64303373135306,1963.2151686567654
6.0672000000000015,20170424,shock,25,1.92,sd1,fast,True,330929.1968292963,441.1689118368002,2205.844559184001
5.247999999999999,20170424,shock,25,1.92,sd1,fast,True,271136.30882262415,361.457712008487,1807.2885600424352
8.1152,20170424,shock,25,1.92,sd1,fast,True,264183.66093595105,352.1889858521479,1760.9449292607394
15.6416,20170424,shock,25,1.92,sd1,fast,True,213181.6468133562,284.1970912489142,1420.985456244571
15.6416,20170424,shock,25,1.92,sd1,fast,True,213181.6468133562,284.1970912489142,1420.985456244571
5.6832,20170424,shock,25,1.92,sd1,fast,False,394618.2938746099,526.0742326986613,2630.371163493306
5.6832,20170424,shock,25,1.92,sd1,fast,False,394618.2938746099,526.0742326986613,2630.371163493306
4.3264000000000005,20170424,shock,25,1.92,sd1,fast,True,310892.6366376401,414.4577375390993,2072.2886876954963
9.1904,20170424,shock,25,1.92,sd1,fast,True,231713.04640086455,308.90170319964267,1544.5085159982134
9.1904,20170424,shock,25,1.92,sd1,fast,True,231713.04640086455,308.90170319964267,1544.5085159982134
5.2992,20170424,shock,25,1.92,sd1,fast,True,231393.94354394736,308.47630023883113,1542.3815011941556
